code,current,name,gender,function,category,country_code,country,country_long,disciplines,events,birth_date
1533246,True,PEDRERO Ofelia,Female,Coach,C,MEX,Mexico,Mexico,Artistic Swimming,Team,1988-03-28
1535775,True,RADHI SHENAISHIL,Male,Head Coach,C,IRQ,Iraq,Iraq,Football,Men,1965-07-01
1536055,True,AFLAKIKHAMSEH Majid,Male,Coach,C,IRI,IR Iran,Islamic Republic of Iran,Taekwondo,,1973-08-26
1536059,True,YOUSEFY Mehrdad,Male,Coach,C,IRI,IR Iran,Islamic Republic of Iran,Taekwondo,,1972-06-12
1536060,True,MADDAH Minoo,Female,Coach,C,IRI,IR Iran,Islamic Republic of Iran,Taekwondo,,1976-05-17
1536328,True,LOFTUS Adriana,Female,Coach,C,MEX,Mexico,Mexico,Artistic Swimming,Team,1958-06-28
1538313,True,FERRARA Fernando,Male,Head Coach,C,ARG,Argentina,Argentina,Hockey,,1968-07-24
1538315,True,GULLA Alejandra,Female,Assistant Coach,C,ARG,Argentina,Argentina,Hockey,Women,1977-07-04
1538317,True,CAPURRO Santiago,Male,Assistant Coach,C,ARG,Argentina,Argentina,Hockey,,1975-04-08
1538745,True,RONCONI Mariano,Male,Head Coach,C,ARG,Argentina,Argentina,Hockey,,
1538748,True,PAULON Ezequiel,Male,Assistant Coach,C,ARG,Argentina,Argentina,Hockey,,
1538751,True,VILA Matias,Male,Assistant Coach,C,ARG,Argentina,Argentina,Hockey,,
1539598,True,KHEIRKHAH HAJIRASOULIAN Mohammadre.,Male,Coach,C,IRI,IR Iran,Islamic Republic of Iran,Artistic Gymnastics,,1965-06-27
1540258,True,DAVIS DIAZ David,Male,Coach,C,MEX,Mexico,Mexico,Taekwondo,,1977-10-07
1540259,True,MENDOZA MORA Abel,Male,Coach,C,MEX,Mexico,Mexico,Taekwondo,,1988-02-26
1540260,True,VICTORIA ESPINOSA de los Alfonso,Male,Coach,C,MEX,Mexico,Mexico,Taekwondo,,1985-02-01
1540522,True,MILANO Guillermo,Male,Head Coach,C,ARG,Argentina,Argentina,Handball,Men,1973-02-08
1540638,True,GOMEZ CORA Santiago,Male,Head Coach,C,ARG,Argentina,Argentina,Rugby Sevens,Men,1978-07-25
1540639,True,GRAVANO Leonardo,Male,Assistant Coach,C,ARG,Argentina,Argentina,Rugby Sevens,Men,1973-08-30
1540840,True,FILIORIANU Ana Luiza,Female,Coach,C,ROU,Romania,Romania,Rhythmic Gymnastics,,1999-07-10
1542341,True,SMAILI Badr,Male,Coach,C,MAR,Morocco,Morocco,Taekwondo,,1993-05-07
1542904,True,OCEGUERA ORNELAS Pavel,Male,Coach,C,MEX,Mexico,Mexico,Artistic Gymnastics,,1971-09-10
1542908,True,VALENZUELA GOMEZ Maria,Female,Coach,C,MEX,Mexico,Mexico,Artistic Gymnastics,,1976-07-23
1542913,True,MEZA PADILLA Jose,Male,Coach,C,MEX,Mexico,Mexico,Artistic Gymnastics,,1977-01-25
1542973,True,AGUILAR ROJAS Blajaith,Female,Coach,C,MEX,Mexico,Mexico,Rhythmic Gymnastics,,1991-09-30
1542976,True,FURALEV Vladislav,Male,Coach,C,MEX,Mexico,Mexico,Rhythmic Gymnastics,,1970-01-04
1543567,True,UPTON Patrick Anthony Howard,Male,Coach,C,IND,India,India,Hockey,,1968-11-05
1543570,True,SCHOPMAN Johanna Dorothea Maria,Female,Coach,C,IND,India,India,Hockey,,1977-04-26
1543575,True,HALKETT Rhett Kennedy,Male,Assistant Coach,C,IND,India,India,Hockey,,1986-05-02
1543576,True,FULTON Craig Arthur,Male,Head Coach,C,IND,India,India,Hockey,,1974-11-06
1543577,True,FARRY Anthony James,Male,Coach,C,IND,India,India,Hockey,,1973-07-13
1544157,True,THORPE Karen,Female,Coach,C,GBR,Great Britain,Great Britain,Artistic Swimming,Duet,1973-04-21
1544158,True,TOMOMATSU Yumiko,Female,Coach,C,GBR,Great Britain,Great Britain,Artistic Swimming,Duet,1972-07-21
1544489,True,CURRAN Orlaith,Female,Assistant Coach,C,IRL,Ireland,Ireland,Rugby Sevens,Women,1990-08-08
1545106,True,NASKAR Arup,Male,Coach,C,IND,India,India,Hockey,,1983-05-05
1545139,True,CHINNASAMY Ashok Kumar,Male,Coach,C,IND,India,India,Hockey,,1991-04-24
1545947,True,BUSNARI Alberto,Male,Coach,C,ITA,Italy,Italy,Artistic Gymnastics,,1978-10-04
1545949,True,COCCIARO Giuseppe,Male,Coach,C,ITA,Italy,Italy,Artistic Gymnastics,,1959-08-05
1545950,True,FORTUNA Marco,Male,Coach,C,ITA,Italy,Italy,Artistic Gymnastics,,1961-06-06
1545955,True,BERGAMELLI Monica Roberta,Female,Coach,C,ITA,Italy,Italy,Artistic Gymnastics,,1984-05-24
1546310,True,CHIRILCENCO Marc Michel,Male,Coach,C,ALG,Algeria,Algeria,Artistic Gymnastics,,1968-04-24
1546312,True,HAMICI Saad Eddine,Male,Coach,C,ALG,Algeria,Algeria,Artistic Gymnastics,,1970-09-06
1546698,True,HERRANZ MARTIN Miguel Angel,Male,Coach,C,ESP,Spain,Spain,Taekwondo,,1964-04-02
1546699,True,RAMAL MUNOZ Jesus,Male,Coach,C,ESP,Spain,Spain,Taekwondo,,1968-09-01
1546700,True,SEIJO GIEBELS Christian Jaime,Male,Coach,C,ESP,Spain,Spain,Taekwondo,,1977-03-27
1546701,True,TOLEDO AROCA Antonio,Male,Coach,C,ESP,Spain,Spain,Taekwondo,,1977-06-08
1546702,True,YAGUE ENRIQUE Brigida,Female,Coach,C,ESP,Spain,Spain,Taekwondo,,1981-03-15
1548427,True,JONES Gilmar,Male,Coach,C,SUR,Suriname,Suriname,Taekwondo,,1986-01-26
1548848,True,DIMITROVA Vesela,Female,Coach,C,BUL,Bulgaria,Bulgaria,Rhythmic Gymnastics,,1975-10-28
1548875,True,STOYNEVA Yasena,Female,Coach,C,BUL,Bulgaria,Bulgaria,Rhythmic Gymnastics,,1988-11-10
1548895,True,MARKOVA Branimira,Female,Coach,C,BUL,Bulgaria,Bulgaria,Rhythmic Gymnastics,,1973-10-01
1548902,True,PAMUKOVA Mariyana,Female,Coach,C,BUL,Bulgaria,Bulgaria,Rhythmic Gymnastics,,1982-08-22
1548919,True,IVANOVA Valentina,Female,Coach,C,BUL,Bulgaria,Bulgaria,Rhythmic Gymnastics,,1977-05-29
1549452,True,LEE Eui Yong,Male,Coach,C,GAM,Gambia,Gambia,Taekwondo,,1971-02-09
1550038,True,ARILL Samuel,Male,Assistant Coach,C,PUR,Puerto Rico,Puerto Rico,Basketball,Women,1975-08-24
1550039,True,MORALES OTERO Carlos,Male,Assistant Coach,C,PUR,Puerto Rico,Puerto Rico,Basketball,Women,1958-08-30
1550047,True,BATISTA Gerardo,Male,Coach,C,PUR,Puerto Rico,Puerto Rico,Basketball,Women,1970-12-21
1550196,True,COTUTIU Florin,Male,Coach,C,ROU,Romania,Romania,Artistic Gymnastics,,1975-03-13
1550198,True,JONES Daymon,Male,Coach,C,ROU,Romania,Romania,Artistic Gymnastics,,1975-06-05
1550199,True,KIENS Patrick,Male,Coach,C,ROU,Romania,Romania,Artistic Gymnastics,,1971-05-05
1550201,True,MOROSAN Corina,Female,Coach,C,ROU,Romania,Romania,Artistic Gymnastics,,1967-09-14
1550203,True,VOINEA Camelia,Female,Coach,C,ROU,Romania,Romania,Artistic Gymnastics,,1970-03-02
1550267,True,BERBECAR Marius,Male,Coach,C,ROU,Romania,Romania,Artistic Gymnastics,,1985-05-15
1552001,True,LIU Tsung-Ta,Male,Coach,C,TPE,Chinese Taipei,Chinese Taipei,Taekwondo,,1974-10-10
1555083,True,GEORGALLAS Irodotos,Male,Coach,C,CYP,Cyprus,Cyprus,Artistic Gymnastics,,1977-12-14
1555113,True,PETRIDIS Panagiotis,Male,Coach,C,CYP,Cyprus,Cyprus,Artistic Gymnastics,,1964-05-06
1555115,True,FLANNERY Eimear,Female,Assistant Coach,C,IRL,Ireland,Ireland,Rugby Sevens,Men,1982-02-02
1555131,True,SHIPPI Panayiotis,Male,Coach,C,CYP,Cyprus,Cyprus,Artistic Gymnastics,,1982-03-25
1555182,True,TRIKOMITI Chrystalleni,Female,Coach,C,CYP,Cyprus,Cyprus,Rhythmic Gymnastics,,1993-11-30
1556249,True,DEACU George,Male,Assistant Coach,C,ROU,Romania,Romania,Water Polo,Men,1984-11-24
1556255,True,RATH Bogdan,Male,Head Coach,C,ROU,Romania,Romania,Water Polo,Men,1972-06-28
1557013,True,ARIAS Ramon,Male,Coach,C,CHI,Chile,Chile,Taekwondo,,1956-08-18
1559048,True,WIBERG Johanna,Female,Assistant Coach,C,SWE,Sweden,Sweden,Handball,Women,1983-09-06
1559066,True,FORSBERG Thomas,Male,Assistant Coach,C,SWE,Sweden,Sweden,Handball,Women,1980-09-04
1559067,True,AXNER Tomas,Male,Head Coach,C,SWE,Sweden,Sweden,Handball,Women,1969-11-30
1560169,True,DIOVOL Alioune,Male,Coach,C,SEN,Senegal,Senegal,Taekwondo,,1979-06-19
1561282,True,da ROCHA Cristiano,Male,Head Coach,C,BRA,Brazil,Brazil,Handball,Women,1981-06-10
1561719,True,ALTENBURG Valentin,Male,Head Coach,C,GER,Germany,Germany,Hockey,,1981-06-04
1561732,True,HENNING Andre,Male,Head Coach,C,GER,Germany,Germany,Hockey,,1983-12-03
1561734,True,SCHMITZ Johannes,Male,Assistant Coach,C,GER,Germany,Germany,Hockey,,1988-03-23
1561740,True,ARKELL Robin,Male,Coach,C,GER,Germany,Germany,Hockey,,1988-05-18
1561741,True,GADEMAN Pasha,Male,Assistant Coach,C,GER,Germany,Germany,Hockey,,1988-03-06
1562260,True,WEIDINGER Markus,Male,Coach,C,AUT,Austria,Austria,Taekwondo,,1984-12-25
1562563,True,SOLBERG Glenn,Male,Head Coach,C,SWE,Sweden,Sweden,Handball,Men,1972-02-18
1562564,True,SVENSSON Tomas,Male,Assistant Coach,C,SWE,Sweden,Sweden,Handball,Men,1968-02-15
1562566,True,APELGREN Michael,Male,Assistant Coach,C,SWE,Sweden,Sweden,Handball,Men,1984-08-20
1562778,True,TANKOUCHEV Milko,Male,Coach,C,BUL,Bulgaria,Bulgaria,Artistic Gymnastics,,1958-12-15
1562790,True,YANEV Filip,Male,Coach,C,BUL,Bulgaria,Bulgaria,Artistic Gymnastics,,1982-03-10
1562963,True,WINIARSKI Michal,Male,Head Coach,C,GER,Germany,Germany,Volleyball,Men,1983-09-28
1562973,True,RANNER Thomas,Male,Assistant Coach,C,GER,Germany,Germany,Volleyball,Men,1987-07-31
1562974,True,POSMYK Dominik,Male,Assistant Coach,C,GER,Germany,Germany,Volleyball,Men,1995-08-12
1563661,True,SALLAH Mariama M.,Female,Coach,C,GAM,Gambia,Gambia,Taekwondo,,1975-01-17
1563956,True,TUMILTY Mark,Male,Head Coach,C,IRL,Ireland,Ireland,Hockey,,
1563966,True,TOTH Balazs,Male,Coach,C,GER,Germany,Germany,Taekwondo,,1983-08-31
1564287,True,QUSAI MUNIR,Male,Assistant Coach,C,IRQ,Iraq,Iraq,Football,Men,1980-04-12
1564321,True,CRUZ LOPEZ Jose L,Male,Assistant Coach,C,PUR,Puerto Rico,Puerto Rico,Basketball,Men,1969-10-03
1564323,True,COLON Nelson,Male,Coach,C,PUR,Puerto Rico,Puerto Rico,Basketball,Men,1978-01-24
1564325,True,CRUZ Rafael,Male,Assistant Coach,C,PUR,Puerto Rico,Puerto Rico,Basketball,Men,1979-08-14
1564413,True,BESHEER Gamal,Male,Coach,C,EGY,Egypt,Egypt,Artistic Gymnastics,,1970-10-30
1564469,True,MOHAMED Ahmed,Male,Coach,C,EGY,Egypt,Egypt,Artistic Gymnastics,,1986-11-26
1564470,True,ABDELMEGUID Zakaria,Male,Coach,C,EGY,Egypt,Egypt,Artistic Gymnastics,,1975-02-23
1564477,True,MOHAMED Mayar,Female,Coach,C,EGY,Egypt,Egypt,Rhythmic Gymnastics,,1992-07-14
1564481,True,HUSSEIN Noha,Female,Coach,C,EGY,Egypt,Egypt,Rhythmic Gymnastics,,1988-02-09
1565043,True,MOUNDOUNGA KOMBILA Stephane,Male,Coach,C,GAB,Gabon,Gabon,Taekwondo,,1986-11-07
1565143,True,MLADENOVA Albena,Female,Coach,C,AUT,Austria,Austria,Artistic Swimming,Duet,1964-06-10
1565591,True,AL-ASSAF Faris,Male,Coach,C,JOR,Jordan,Jordan,Taekwondo,,1981-11-21
1565609,True,ALSADEQ Yazan,Male,Coach,C,JOR,Jordan,Jordan,Taekwondo,,1993-06-29
1565612,True,ALJALLAD Riham,Female,Coach,C,JOR,Jordan,Jordan,Taekwondo,,1983-05-06
1565657,True,KRAVCHENKO Sergiy,Male,Assistant Coach,C,UKR,Ukraine,Ukraine,Football,,1983-04-24
1565672,True,ROTAN Ruslan,Male,Head Coach,C,UKR,Ukraine,Ukraine,Football,Men,
1565759,True,SIREKANYAN Gurgen,Male,Coach,C,JOR,Jordan,Jordan,Artistic Gymnastics,,1981-11-15
1566325,True,FREHSE Gabriele,Female,Coach,C,AUT,Austria,Austria,Artistic Gymnastics,,1960-10-25
1566746,True,SAHIN Ali,Male,Coach,C,TUR,Türkiye,Türkiye,Taekwondo,,1967-06-02
1566749,True,TAZEGUL Servet,Male,Coach,C,TUR,Türkiye,Türkiye,Taekwondo,,1988-09-26
1567065,True,BABEL Vincent,Male,Coach,C,SUR,Suriname,Suriname,Taekwondo,,1975-06-26
1568152,True,GOKTEKIN Yilmaz,Male,Coach,C,TUR,Türkiye,Türkiye,Artistic Gymnastics,,1972-01-01
1568153,True,NURI Tufan,Male,Coach,C,TUR,Türkiye,Türkiye,Artistic Gymnastics,,1991-01-01
1568648,True,GOJKOVIC Vladimir,Male,Head Coach,C,MNE,Montenegro,Montenegro,Water Polo,Men,1981-01-29
1569994,True,TOMAS Toni,Male,Coach,C,GBR,Great Britain,Great Britain,Taekwondo,,1980-12-17
1569995,True,LAURA Veljko,Male,Coach,C,CRO,Croatia,Croatia,Taekwondo,,1984-08-12
1569996,True,MESAROV Dejan,Male,Coach,C,CRO,Croatia,Croatia,Taekwondo,,1983-07-06
1572261,True,GALAMBOS Bence,Male,Coach,C,HUN,Hungary,Hungary,Taekwondo,,1992-11-30
1572269,True,MARTON Luana,Female,Coach,C,HUN,Hungary,Hungary,Taekwondo,,2006-02-16
1572364,True,SALIM Gergely,Male,Coach,C,HUN,Hungary,Hungary,Taekwondo,,1972-04-01
1572370,True,SALIM Sharif Gergely,Male,Coach,C,HUN,Hungary,Hungary,Taekwondo,,2002-02-26
1572373,True,MIKKONEN Suvi,Female,Coach,C,HUN,Hungary,Hungary,Taekwondo,,1988-07-11
1572650,True,ROUSSEAUX Emile,Male,Head Coach,C,FRA,France,France,Volleyball,Women,1961-04-03
1572652,True,ANDRE Felix,Male,Assistant Coach,C,FRA,France,France,Volleyball,Women,1987-03-19
1572654,True,GAUTHIER Charles,Male,Assistant Coach,C,FRA,France,France,Volleyball,Women,1981-12-31
1573466,True,TOUPANE Jean Aime,Male,Coach,C,FRA,France,France,Basketball,Women,1958-01-12
1573467,True,MELAIN Catherine,Female,Assistant Coach,C,FRA,France,France,Basketball,Women,1974-05-19
1573468,True,GAUTIER David,Male,Assistant Coach,C,FRA,France,France,Basketball,,1980-01-08
1573469,True,HALIN Gregory,Male,Coach,C,FRA,France,France,Basketball,,1972-04-12
1573470,True,LEONARD Christophe,Male,Coach,C,FRA,France,France,Basketball,,1990-01-03
1573668,True,COLLET Vincent,Male,Coach,C,FRA,France,France,Basketball,Men,1963-06-06
1573669,True,DONNADIEU Pascal,Male,Assistant Coach,C,FRA,France,France,Basketball,Men,1964-05-29
1573670,True,ATKINSON Kenny,Male,Assistant Coach,C,FRA,France,France,Basketball,Men,1967-06-02
1573671,True,NELHOMME Ruddy,Male,Coach,C,FRA,France,France,Basketball,,1972-03-15
1573672,True,GOMIS Joseph,Male,Coach,C,FRA,France,France,Basketball,,1978-07-02
1574076,True,CIAMARRA Roberto,Male,Assistant Coach,C,FRA,France,France,Volleyball,Men,1982-03-30
1574080,True,GEILER Loic,Male,Assistant Coach,C,FRA,France,France,Volleyball,Men,1984-04-14
1574082,True,GIANI Andrea,Male,Head Coach,C,FRA,France,France,Volleyball,Men,1970-04-22
1830240,True,WENG Shih-Hang,Male,Coach,C,TPE,Chinese Taipei,Chinese Taipei,Artistic Gymnastics,,1982-10-20
1835894,True,TSAI Heng-Cheng,Male,Coach,C,TPE,Chinese Taipei,Chinese Taipei,Artistic Gymnastics,,1978-10-03
1878950,True,SANTARELLI Daniele,Male,Head Coach,C,TUR,Türkiye,Türkiye,Volleyball,Women,1981-06-08
1878952,True,FLISI Diego,Male,Assistant Coach,C,TUR,Türkiye,Türkiye,Volleyball,Women,1979-05-09
1878956,True,ZOTTA Andrea,Male,Assistant Coach,C,TUR,Türkiye,Türkiye,Volleyball,Women,1994-12-27
1879044,True,VATANSEVER Recep,Male,Assistant Coach,C,TUR,Türkiye,Türkiye,Volleyball,Women,1991-01-17
1879645,True,DARET Jerome,Male,Head Coach,C,FRA,France,France,Rugby Sevens,Men,1974-12-26
1879871,True,KRUMBHOLZ Olivier,Male,Head Coach,C,FRA,France,France,Handball,Women,1958-07-12
1879872,True,GARDILLOU Sebastien,Male,Assistant Coach,C,FRA,France,France,Handball,Women,1975-08-29
1879875,True,LEYNAUD Amandine,Female,Assistant Coach,C,FRA,France,France,Handball,Women,1986-05-02
1880219,True,GALKIN Evgeniy,Male,Coach,C,UZB,Uzbekistan,Uzbekistan,Artistic Gymnastics,,1952-07-08
1880226,True,ABDUSAMATOV Khusniddin,Male,Coach,C,UZB,Uzbekistan,Uzbekistan,Artistic Gymnastics,,1996-04-08
1880388,True,MWEMA Kevin,Male,Head Coach,C,KEN,Kenya,Kenya,Rugby Sevens,Men,1985-10-08
1880389,True,AMONDE Andrew,Male,Assistant Coach,C,KEN,Kenya,Kenya,Rugby Sevens,Men,1983-12-25
1880390,True,KISIA Louis,Male,Assistant Coach,C,KEN,Kenya,Kenya,Rugby Sevens,Men,1986-09-03
1880620,True,HRUBESCH Horst,Male,Head Coach,C,GER,Germany,Germany,Football,Women,1951-04-17
1880626,True,CARLSON Britta,Female,Assistant Coach,C,GER,Germany,Germany,Football,Women,1978-03-03
1880629,True,FUCHS Michael,Male,Goalkeeper Coach,C,GER,Germany,Germany,Football,Women,1970-01-04
1880639,True,NOERENBERG Thomas,Male,Assistant Coach,C,GER,Germany,Germany,Football,Women,1963-12-25
1880657,True,MUKHAMEDOVA Rano,Female,Coach,C,UZB,Uzbekistan,Uzbekistan,Rhythmic Gymnastics,,1989-04-24
1880659,True,VLASOVA Liliya,Female,Coach,C,UZB,Uzbekistan,Uzbekistan,Rhythmic Gymnastics,,1981-06-26
1887640,True,KHAN Pavel,Male,Coach,C,UZB,Uzbekistan,Uzbekistan,Taekwondo,,1984-12-08
1887642,True,RAFALOVICH Maksim,Male,Coach,C,UZB,Uzbekistan,Uzbekistan,Taekwondo,,1990-05-13
1887644,True,KHAN Vladimir,Male,Coach,C,UZB,Uzbekistan,Uzbekistan,Taekwondo,,1984-12-06
1887648,True,BAYKUZIYEV Jasur,Male,Coach,C,UZB,Uzbekistan,Uzbekistan,Taekwondo,,1986-09-04
1888131,True,PAKKAN Saim,Male,Assistant Coach,C,SRB,Serbia,Serbia,Volleyball,Women,1989-03-27
1888241,True,NISHIIRI Toshihiro,Male,Goalkeeper Coach,C,JPN,Japan,Japan,Football,,1977-09-03
1888242,True,IKEDA Futoshi,Male,Head Coach,C,JPN,Japan,Japan,Football,Women,1970-10-04
1888246,True,MIYAMOTO Tomomi,Female,Assistant Coach,C,JPN,Japan,Japan,Football,,1978-12-31
1888338,True,MENEZES Jude,Male,Head Coach,C,JPN,Japan,Japan,Hockey,,1971-05-08
1888344,True,OZAWA Kazuyuki,Male,Assistant Coach,C,JPN,Japan,Japan,Hockey,,1979-02-27
1888372,True,ERSIMSEK Ahmetcan,Male,Assistant Coach,C,SRB,Serbia,Serbia,Volleyball,Women,1992-05-13
1888498,True,ROTHMAN Neville,Male,Assistant Coach,C,IRL,Ireland,Ireland,Hockey,,1977-06-13
1891425,True,GELLE Noemi Katalin,Female,Coach,C,HUN,Hungary,Hungary,Rhythmic Gymnastics,,1975-09-29
1891653,True,NAGANUMA Atsushi,Male,Assistant Coach,C,JPN,Japan,Japan,Water Polo,Men,1982-09-22
1891659,True,HAZUI Shota,Male,Assistant Coach,C,JPN,Japan,Japan,Water Polo,Men,1986-09-30
1891667,True,SHIOTA Yoshinori,Male,Head Coach,C,JPN,Japan,Japan,Water Polo,Men,1982-08-12
1891684,True,KAWAI Mayo,Female,Coach,C,JPN,Japan,Japan,Artistic Swimming,,1991-11-01
1891686,True,KASHIMA Tomoyo,Female,Coach,C,JPN,Japan,Japan,Artistic Swimming,Team,1995-02-17
1891688,True,NAKAJIMA Takako,Female,Coach,C,JPN,Japan,Japan,Artistic Swimming,Team,1986-09-25
1892047,True,KAPADZE Timur,Male,Head Coach,C,UZB,Uzbekistan,Uzbekistan,Football,Men,1981-09-05
1892050,True,CHIGODAEV Sergey,Male,Assistant Coach,C,UZB,Uzbekistan,Uzbekistan,Football,,1987-06-28
1893216,True,GILLE Guillaume,Male,Head Coach,C,FRA,France,France,Handball,Men,
1893217,True,MATHE Erick,Male,Assistant Coach,C,FRA,France,France,Handball,Men,1971-07-23
1893323,True,ALONSO TAPIA Rosendo,Male,Coach,C,FRA,France,France,Taekwondo,,1979-10-03
1893324,True,ALONSO TAPIA Gulsah,Female,Coach,C,FRA,France,France,Taekwondo,,1980-09-15
1893325,True,JUNG Woomin,Male,Coach,C,FRA,France,France,Taekwondo,,1986-04-09
1894657,True,WILLE Jonas,Male,Head Coach,C,NOR,Norway,Norway,Handball,Men,1976-05-20
1894659,True,EGE Steinar,Male,Assistant Coach,C,NOR,Norway,Norway,Handball,Men,1972-04-10
1894661,True,BOQUIST Martin,Male,Assistant Coach,C,NOR,Norway,Norway,Handball,Men,1977-02-02
1894662,True,OLSSON Mats,Male,Assistant Coach,C,NOR,Norway,Norway,Handball,Women,1960-01-12
1894663,True,HERGEIRSSON Thorir,Male,Head Coach,C,NOR,Norway,Norway,Handball,Women,1964-04-27
1894666,True,LARSEN Tonje,Female,Assistant Coach,C,NOR,Norway,Norway,Handball,Women,1975-01-26
1894756,True,JOERGENSEN Michael,Male,Coach,C,NOR,Norway,Norway,Taekwondo,,1963-01-05
1895149,True,DRASOCZKY Imre,Male,Coach,C,HUN,Hungary,Hungary,Artistic Gymnastics,,1968-11-15
1895269,True,BRUUN Michael,Male,Assistant Coach,C,DEN,Denmark,Denmark,Handball,Men,1970-10-08
1895270,True,JOERGENSEN Lars,Male,Assistant Coach,C,DEN,Denmark,Denmark,Handball,Women,1978-02-03
1895275,True,KRONBORG Henrik,Male,Assistant Coach,C,DEN,Denmark,Denmark,Handball,Men,1970-06-16
1895276,True,JACOBSEN Nikolaj,Male,Head Coach,C,DEN,Denmark,Denmark,Handball,Men,1971-11-22
1895279,True,JENSEN Jesper,Male,Head Coach,C,DEN,Denmark,Denmark,Handball,Women,1977-10-30
1895408,True,SOYEZ Frederic,Male,Head Coach,C,FRA,France,France,Hockey,,1978-02-11
1895409,True,SALA Ramon,Male,Assistant Coach,C,FRA,France,France,Hockey,,1971-08-08
1895410,True,LOMBI Jorge,Male,Assistant Coach,C,FRA,France,France,Hockey,,1971-11-01
1895517,True,SZUCS Robert,Male,Coach,C,HUN,Hungary,Hungary,Artistic Gymnastics,,1972-11-10
1895520,True,TRENKA Janos,Male,Coach,C,HUN,Hungary,Hungary,Artistic Gymnastics,,1979-10-07
1896158,True,HARVEY Mike,Male,Coach,C,GBR,Great Britain,Great Britain,Taekwondo,,1989-09-21
1896160,True,MAIZEROI Torann,Male,Coach,C,GBR,Great Britain,Great Britain,Taekwondo,,1989-04-01
1896164,True,MILLER Nelson,Male,Coach,C,GBR,Great Britain,Great Britain,Taekwondo,,1965-11-18
1896167,True,STAMPER Martin,Male,Coach,C,GBR,Great Britain,Great Britain,Taekwondo,,1986-08-21
1896246,True,POLJAKOVA Shanna,Female,Coach,C,GER,Germany,Germany,Artistic Gymnastics,,1960-09-12
1896251,True,BELENKI Valeri,Male,Coach,C,GER,Germany,Germany,Artistic Gymnastics,,1969-09-05
1896252,True,CATANOIU Grigore,Male,Coach,C,GER,Germany,Germany,Artistic Gymnastics,,1969-12-28
1896253,True,BRYLOK Hubert,Male,Coach,C,GER,Germany,Germany,Artistic Gymnastics,,1960-02-10
1896258,True,TEMME Kay,Male,Coach,C,GER,Germany,Germany,Artistic Gymnastics,,1971-08-16
1896262,True,PFEFFER Camilla,Female,Coach,C,GER,Germany,Germany,Rhythmic Gymnastics,,1993-01-24
1896275,True,RASKINA Yuliya,Female,Coach,C,GER,Germany,Germany,Rhythmic Gymnastics,,1982-04-09
1896279,True,CAMICIOTTI Giacomo,Male,Coach,C,GER,Germany,Germany,Artistic Gymnastics,,1985-05-20
1896290,True,DUNAVSKA MINEKOVA Kameliya,Female,Coach,C,GER,Germany,Germany,Rhythmic Gymnastics,,1969-04-21
1896562,True,PARECKI Antoni Jerzy,Male,Assistant Coach,C,JPN,Japan,Japan,Handball,Men,1960-06-13
1896698,True,SNYMAN Philip,Male,Head Coach,C,RSA,South Africa,South Africa,Rugby Sevens,Men,1987-03-26
1896700,True,LUCKAN Ghafoer,Male,Assistant Coach,C,RSA,South Africa,South Africa,Rugby Sevens,Men,1985-12-18
1897091,True,GONZALEZ NUNEZ Arlen,Male,Coach,C,CUB,Cuba,Cuba,Taekwondo,,1974-05-26
1897234,True,SHARABI Yechiam,Male,Coach,C,ISR,Israel,Israel,Taekwondo,,1978-08-27
1897292,True,BLECHER SIDOROVA Svetlana,Female,Coach,C,ISR,Israel,Israel,Artistic Swimming,Duet,1965-06-17
1897395,True,ABDELRAHMAN Osama,Male,Coach,C,EGY,Egypt,Egypt,Taekwondo,,1973-11-27
1897398,True,YOUSSEF Mohamed,Male,Coach,C,EGY,Egypt,Egypt,Taekwondo,,1977-03-05
1897518,True,ZAITSEVA Olesia,Female,Coach,C,UKR,Ukraine,Ukraine,Artistic Swimming,Duet,1974-11-08
1897547,True,SARTYNSKYI Gennadii,Male,Coach,C,UKR,Ukraine,Ukraine,Artistic Gymnastics,,1953-10-30
1897548,True,GORBACHEVA Iryna,Female,Coach,C,UKR,Ukraine,Ukraine,Artistic Gymnastics,,1984-07-04
1897550,True,KAIUKOVA Iuliia,Female,Coach,C,UKR,Ukraine,Ukraine,Artistic Gymnastics,,1989-08-22
1897590,True,DERYUGINA Iryna,Female,Coach,C,UKR,Ukraine,Ukraine,Rhythmic Gymnastics,,1958-01-11
1897591,True,BLOKHINA Iryna,Female,Coach,C,UKR,Ukraine,Ukraine,Rhythmic Gymnastics,,1983-01-15
1897592,True,KARDASH Maryna,Female,Coach,C,UKR,Ukraine,Ukraine,Rhythmic Gymnastics,,1974-05-20
1897594,True,VASYLIEVA Marharyta,Female,Coach,C,UKR,Ukraine,Ukraine,Rhythmic Gymnastics,,1999-05-02
1897752,True,KHOLOD Maryna,Female,Coach,C,NZL,New Zealand,New Zealand,Artistic Swimming,Duet,1980-08-23
1897775,True,RA Sanghyun,Male,Coach,C,FIJ,Fiji,Fiji,Taekwondo,,1972-07-26
1897904,True,KIM Hyou Mi,Female,Coach,C,KOR,Korea,Republic of Korea,Artistic Swimming,Duet,1983-11-30
1898398,True,ROSILLO ATENCIA Jose Antonio,Male,Coach,C,NOR,Norway,Norway,Taekwondo,,1990-05-20
1898540,True,LAI Yawen,Female,Assistant Coach,C,CHN,China,People's Republic of China,Volleyball,Women,
1898944,True,HERBERT Gordie,Male,Coach,C,GER,Germany,Germany,Basketball,Men,1959-02-16
1898950,True,THOMAIDIS Lisa,Female,Coach,C,GER,Germany,Germany,Basketball,Women,1971-07-23
1898951,True,PARSONS Sidney,Female,Assistant Coach,C,GER,Germany,Germany,Basketball,Women,1987-12-05
1898953,True,MEADOWS Clarissa,Female,Assistant Coach,C,GER,Germany,Germany,Basketball,Women,1984-05-28
1898956,True,THUSS Anne,Female,Coach,C,GER,Germany,Germany,Basketball,,1963-01-30
1898959,True,PERWAS Klaus,Male,Assistant Coach,C,GER,Germany,Germany,Basketball,Men,1971-03-08
1898960,True,BRIELMEIER Bret,Male,Coach,C,GER,Germany,Germany,Basketball,,1985-11-28
1898962,True,HERBERT Daniel,Male,Assistant Coach,C,GER,Germany,Germany,Basketball,Men,1994-09-28
1899054,True,REVINGTON Paul,Male,Head Coach,C,GBR,Great Britain,Great Britain,Hockey,,1973-09-07
1899056,True,BROWNE Kwan,Male,Coach,C,GBR,Great Britain,Great Britain,Hockey,,1977-12-11
1899057,True,GLYNN Katie,Female,Assistant Coach,C,GBR,Great Britain,Great Britain,Hockey,,1989-03-14
1899058,True,HICKMAN Mark,Male,Coach,C,GBR,Great Britain,Great Britain,Hockey,,1973-08-22
1899060,True,PAUL Jody,Male,Coach,C,GBR,Great Britain,Great Britain,Hockey,,1976-05-25
1899061,True,RALPH David,Male,Head Coach,C,GBR,Great Britain,Great Britain,Hockey,,1972-08-17
1899062,True,SIEBEN Craig,Male,Coach,C,GBR,Great Britain,Great Britain,Hockey,,1983-09-29
1899085,True,GRESKOWIAK Arne,Male,Coach,C,GER,Germany,Germany,Basketball,,1984-07-28
1899175,True,HOLGUIN Ramon,Male,Coach,C,DOM,Dominican Republic,Dominican Republic,Artistic Gymnastics,,1974-05-19
1899285,True,WUDTKE Erik,Male,Assistant Coach,C,GER,Germany,Germany,Handball,Men,1972-07-17
1899286,True,BEPPLER Jochen,Male,Assistant Coach,C,GER,Germany,Germany,Handball,Women,1979-08-30
1899289,True,ANDERSSON Mattias,Male,Assistant Coach,C,GER,Germany,Germany,Handball,Men,1978-03-29
1899294,True,GISLASON Alfred,Male,Head Coach,C,GER,Germany,Germany,Handball,Men,1959-09-07
1899296,True,GAUGISCH Markus,Male,Head Coach,C,GER,Germany,Germany,Handball,Women,1974-04-20
1899298,True,JANKOVIC Jasmina,Female,Assistant Coach,C,GER,Germany,Germany,Handball,Women,1986-12-06
1900728,True,HENRY Thierry,Male,Head Coach,C,FRA,France,France,Football,Men,1977-08-17
1900729,True,BATICLE Gerald,Male,Assistant Coach,C,FRA,France,France,Football,Men,1969-09-10
1900730,True,CLICHY Gael,Male,Assistant Coach,C,FRA,France,France,Football,Men,1985-07-26
1900731,True,JANOT Jeremie,Male,Goalkeeper Coach,C,FRA,France,France,Football,Men,1977-10-11
1901253,True,PEREIRA BRAVO Joao,Male,Assistant Coach,C,CAN,Canada,Canada,Volleyball,Men,1979-01-07
1901258,True,SAMMELVUO Tuomas,Male,Head Coach,C,CAN,Canada,Canada,Volleyball,Men,1976-02-16
1901261,True,HAWKINS Michael,Male,Assistant Coach,C,CAN,Canada,Canada,Volleyball,Men,1989-10-24
1901805,True,ZHENG Wei,Female,Coach,C,CHN,China,People's Republic of China,Basketball,Women,1968-09-26
1901806,True,JIA Nan,Male,Coach,C,CHN,China,People's Republic of China,Basketball,,1974-03-03
1901810,True,PARK Myungsoo,Male,Assistant Coach,C,CHN,China,People's Republic of China,Basketball,,1962-02-22
1901818,True,RUPEREZ Cesar,Male,Assistant Coach,C,CHN,China,People's Republic of China,Basketball,Women,1975-05-17
1901832,True,USUI Tomohiro,Male,Coach,C,JPN,Japan,Japan,Basketball,,1991-07-19
1901835,True,KONNO Kakeru,Male,Assistant Coach,C,JPN,Japan,Japan,Basketball,,1994-01-26
1901836,True,SUZUKI Yoshikazu,Male,Assistant Coach,C,JPN,Japan,Japan,Basketball,Women,1979-06-08
1901839,True,ONZUKA Toru,Male,Coach,C,JPN,Japan,Japan,Basketball,Women,1979-06-05
1901846,True,SASSA Norio,Male,Coach,C,JPN,Japan,Japan,Basketball,,1984-05-13
1901849,True,GAINES Corey,Male,Assistant Coach,C,JPN,Japan,Japan,Basketball,Men,1965-06-01
1901850,True,HOVASSE Tom,Male,Coach,C,JPN,Japan,Japan,Basketball,Men,1967-01-31
1901851,True,KATSUHISA Geoffrey,Male,Assistant Coach,C,JPN,Japan,Japan,Basketball,,1981-05-18
1902695,True,CHOI Chatchai,Male,Coach,C,THA,Thailand,Thailand,Taekwondo,,1974-04-30
1902795,True,SONKHAM Chanatip,Female,Coach,C,THA,Thailand,Thailand,Taekwondo,,1991-03-01
1902914,True,RUSEK Pawel,Male,Assistant Coach,C,POL,Poland,Poland,Volleyball,Men,1983-01-21
1902918,True,GRBIC Nikola,Male,Head Coach,C,POL,Poland,Poland,Volleyball,Men,1973-09-06
1902919,True,SWACZYNA Adam,Male,Assistant Coach,C,POL,Poland,Poland,Volleyball,Men,1989-05-04
1903371,True,MATOSEVIC Valter,Male,Assistant Coach,C,CRO,Croatia,Croatia,Handball,Men,1970-06-11
1903379,True,SIGURDSSON Dagur,Male,Head Coach,C,CRO,Croatia,Croatia,Handball,Men,1973-04-03
1903381,True,SPOLJARIC Denis,Male,Assistant Coach,C,CRO,Croatia,Croatia,Handball,Men,1979-08-20
1903569,True,DUPUIS Kevin,Male,Coach,C,FRA,France,France,Artistic Gymnastics,,1991-10-12
1903570,True,GEORGE Martine,Female,Coach,C,FRA,France,France,Artistic Gymnastics,,1974-10-19
1903575,True,POTAPENKO Valentin,Male,Coach,C,FRA,France,France,Artistic Gymnastics,,1956-01-14
1903577,True,HAGARD Monique,Female,Coach,C,FRA,France,France,Artistic Gymnastics,,1965-12-08
1903584,True,BARANOVA VOLCHETSKAYA Anna,Female,Coach,C,FRA,France,France,Rhythmic Gymnastics,,1952-03-03
1903585,True,BAYON Sara,Female,Coach,C,FRA,France,France,Rhythmic Gymnastics,,1981-05-19
1903590,True,GUILLIERE Katia,Female,Coach,C,FRA,France,France,Rhythmic Gymnastics,,1973-12-02
1903594,True,MILAN Gregory,Male,Coach,C,FRA,France,France,Rhythmic Gymnastics,,1973-03-15
1903707,True,ABDELFATTAH Aziza,Female,Coach,C,EGY,Egypt,Egypt,Artistic Swimming,Team,1990-12-08
1903722,True,MOHAMED Mai,Female,Coach,C,EGY,Egypt,Egypt,Artistic Swimming,Duet,1990-04-04
1903754,True,LATIF Yasmine,Female,Coach,C,EGY,Egypt,Egypt,Artistic Swimming,Team,1982-12-12
1903771,True,FABRE Julie,Female,Coach,C,FRA,France,France,Artistic Swimming,Team,1976-06-27
1903772,True,OBRY Laure,Female,Coach,C,FRA,France,France,Artistic Swimming,Team,1978-07-02
1903773,True,ANNEQUIN Marie,Female,Coach,C,FRA,France,France,Artistic Swimming,,1992-02-19
1903829,True,ANGILLIS Pascal,Male,Assistant Coach,C,BEL,Belgium,Belgium,Basketball,,1972-03-06
1903832,True,KAISER Pierre-Yves,Male,Coach,C,BEL,Belgium,Belgium,Basketball,,1988-06-16
1903833,True,LORENT Jill,Female,Assistant Coach,C,BEL,Belgium,Belgium,Basketball,Women,1987-08-31
1903888,True,de SCHEPPER Bram,Male,Coach,C,BEL,Belgium,Belgium,Artistic Gymnastics,,1988-07-07
1903889,True,DECKX Stefan,Male,Coach,C,BEL,Belgium,Belgium,Artistic Gymnastics,,1979-02-09
1903900,True,RECKINGER Xavier,Male,Assistant Coach,C,BEL,Belgium,Belgium,Hockey,Men,1983-12-20
1904214,True,JEONG Eul Jin,Male,Coach,C,KOR,Korea,Republic of Korea,Taekwondo,,1971-04-23
1904215,True,KANG Bo Hyeon,Female,Coach,C,KOR,Korea,Republic of Korea,Taekwondo,,1991-09-08
1904220,True,LEE Dongchul,Male,Coach,C,KOR,Korea,Republic of Korea,Taekwondo,,1978-03-18
1904221,True,OH Hyeri,Female,Coach,C,KOR,Korea,Republic of Korea,Taekwondo,,1988-04-30
1904223,True,SON Hyo Bong,Male,Coach,C,KOR,Korea,Republic of Korea,Taekwondo,,1972-04-12
1904759,True,BEAGLEY Michael,Male,Coach,C,GBR,Great Britain,Great Britain,Artistic Gymnastics,,1968-11-07
1904761,True,CLAY Jenny,Female,Coach,C,GBR,Great Britain,Great Britain,Artistic Gymnastics,,1988-05-17
1904762,True,COLLIE Barry,Male,Coach,C,GBR,Great Britain,Great Britain,Artistic Gymnastics,,1979-01-10
1904765,True,HALL Paul,Male,Coach,C,GBR,Great Britain,Great Britain,Artistic Gymnastics,,1964-04-29
1904766,True,HANN Scott,Male,Coach,C,GBR,Great Britain,Great Britain,Artistic Gymnastics,,1980-06-26
1904767,True,HOWELLS Ben,Male,Coach,C,GBR,Great Britain,Great Britain,Artistic Gymnastics,,1976-03-27
1904768,True,INCE Brett,Male,Coach,C,GBR,Great Britain,Great Britain,Artistic Gymnastics,,1988-05-23
1904769,True,KENWRIGHT David,Male,Coach,C,GBR,Great Britain,Great Britain,Artistic Gymnastics,,1963-04-25
1904771,True,RICHARDSON Joshua,Male,Coach,C,GBR,Great Britain,Great Britain,Artistic Gymnastics,,1991-03-15
1904772,True,RICHARDSON Molly,Female,Coach,C,GBR,Great Britain,Great Britain,Artistic Gymnastics,,1995-04-12
1904775,True,TRANDABURU Ionut,Male,Coach,C,GBR,Great Britain,Great Britain,Artistic Gymnastics,,1977-03-29
1904996,True,JANKOVSKY Viktor,Male,Coach,C,CZE,Czechia,Czechia,Taekwondo,,1988-08-16
1904998,True,ZHEREBCHEVSKYI Anton,Male,Coach,C,CZE,Czechia,Czechia,Taekwondo,,1989-10-21
1904999,True,HYBRANT Bohuslav,Male,Coach,C,CZE,Czechia,Czechia,Taekwondo,,1968-03-13
1906041,True,FOULARD Gael,Male,Head Coach,C,FRA,France,France,Hockey,,1972-04-16
1906042,True,JAQUET Nicolas,Male,Assistant Coach,C,FRA,France,France,Hockey,,1976-05-06
1906448,True,LORANTOS Theodoros,Male,Head Coach,C,FRA,France,France,Water Polo,Women,1971-07-05
1906454,True,DERENTY Lorene,Female,Assistant Coach,C,FRA,France,France,Water Polo,Women,1994-09-04
1906462,True,BRUZZO Florian,Male,Head Coach,C,FRA,France,France,Water Polo,Men,1982-06-12
1906468,True,KOBESCAK Vjekoslav,Male,Assistant Coach,C,FRA,France,France,Water Polo,Men,1974-01-20
1908234,True,MENDEZ Marcelo,Male,Head Coach,C,ARG,Argentina,Argentina,Volleyball,Men,1964-06-20
1908241,True,LOPEZ Martin,Male,Assistant Coach,C,ARG,Argentina,Argentina,Volleyball,Men,1980-10-17
1908245,True,RICO GOLBA Pablo,Male,Assistant Coach,C,ARG,Argentina,Argentina,Volleyball,Men,1966-11-03
1908299,True,ALVAREZ Jorge,Male,Coach,C,ARG,Argentina,Argentina,Taekwondo,,1989-06-23
1908401,True,ARROYO Gavin,Male,Assistant Coach,C,USA,United States,United States of America,Water Polo,Men,1972-05-10
1908402,True,UDOVICIC Dejan,Male,Head Coach,C,USA,United States,United States of America,Water Polo,Men,1970-07-26
1908403,True,USTASZEWSKI Matt,Male,Assistant Coach,C,USA,United States,United States of America,Water Polo,Men,1981-05-17
1908408,True,CAHILL Molly,Female,Assistant Coach,C,USA,United States,United States of America,Water Polo,Women,1985-04-21
1908409,True,KRIKORIAN Adam,Male,Head Coach,C,USA,United States,United States of America,Water Polo,Women,1974-07-22
1908410,True,OEDING Chris,Male,Assistant Coach,C,USA,United States,United States of America,Water Polo,Women,1971-09-10
1908549,True,AMADOU Soumaila,Male,Coach,C,NIG,Niger,Niger,Taekwondo,,1967-10-09
1908649,True,KWIEK Marcos,Male,Head Coach,C,DOM,Dominican Republic,Dominican Republic,Volleyball,Women,1967-07-18
1908654,True,ROCHA PACHECO Wagner,Male,Assistant Coach,C,DOM,Dominican Republic,Dominican Republic,Volleyball,Women,1977-01-26
1908776,True,YAMAMOTO Hayato,Male,Assistant Coach,C,JPN,Japan,Japan,Rugby Sevens,Women,1982-04-16
1908788,True,AMOR Simon Daniel Edward,Male,Head Coach,C,JPN,Japan,Japan,Rugby Sevens,Men,1979-04-25
1908796,True,SUZUKI Takashi,Male,Head Coach,C,JPN,Japan,Japan,Rugby Sevens,Women,1981-01-18
1908800,True,SAKATA Takahiro,Male,Assistant Coach,C,JPN,Japan,Japan,Rugby Sevens,Men,1971-04-07
1908801,True,UMEDA Koichi,Male,Assistant Coach,C,JPN,Japan,Japan,Rugby Sevens,Men,1987-05-30
1908804,True,KANEMATSU Yuka,Female,Assistant Coach,C,JPN,Japan,Japan,Rugby Sevens,Women,1982-06-17
1908808,True,SANCHEZ DURAN Wilson,Male,Assistant Coach,C,DOM,Dominican Republic,Dominican Republic,Volleyball,Women,1977-07-01
1908861,True,ZHANG Xiaohuan,Female,Coach,C,CHN,China,People's Republic of China,Artistic Swimming,Team,1980-08-19
1908862,True,WANG Jiuli,Female,Coach,C,CHN,China,People's Republic of China,Artistic Swimming,Duet,1969-04-27
1908863,True,HE Xiaochu,Female,Coach,C,CHN,China,People's Republic of China,Artistic Swimming,,1982-04-04
1908864,True,SHEN Yingsha,Female,Coach,C,CHN,China,People's Republic of China,Artistic Swimming,,1979-01-05
1908865,True,TARRES CAMPA Ana,Female,Coach,C,CHN,China,People's Republic of China,Artistic Swimming,Team,1967-10-19
1908866,True,ZHAO Dantong,Female,Coach,C,CHN,China,People's Republic of China,Artistic Swimming,,1989-01-13
1909191,True,BUGDAEV Kurban,Male,Coach,C,KSA,Saudi Arabia,Saudi Arabia,Taekwondo,,1980-06-23
1909799,True,ASMOLOV Natalia,Female,Coach,C,ISR,Israel,Israel,Rhythmic Gymnastics,,1961-05-19
1909813,True,MAYRIN Ida,Female,Coach,C,ISR,Israel,Israel,Rhythmic Gymnastics,,1997-10-30
1909827,True,SZUCS Krisztian,Male,Coach,C,HUN,Hungary,Hungary,Taekwondo,,2000-12-11
1909847,True,STSIAPANAVA Natalia,Female,Coach,C,ISR,Israel,Israel,Rhythmic Gymnastics,,1973-10-27
1909857,True,VAISBURG Sergei,Male,Coach,C,ISR,Israel,Israel,Artistic Gymnastics,,1965-04-28
1909866,True,KLEFNER BEN SHIMOL Moran,Female,Coach,C,ISR,Israel,Israel,Artistic Gymnastics,,1982-06-24
1909923,True,ELNAFRAWY Mohamed,Male,Assistant Coach,C,EGY,Egypt,Egypt,Volleyball,Men,1983-06-09
1909939,True,BEN JABALLAH Maaouia,Male,Coach,C,TUN,Tunisia,Tunisia,Archery,,1957-06-28
1910378,True,GUAN Jianmin,Male,Coach,C,CHN,China,People's Republic of China,Taekwondo,,1963-05-06
1910380,True,KIM Young Jin,Male,Coach,C,CHN,China,People's Republic of China,Taekwondo,,1976-12-11
1910382,True,KONG Fantao,Female,Coach,C,CHN,China,People's Republic of China,Taekwondo,,1978-03-13
1910489,True,ZUSSMAN Ayelet,Female,Coach,C,ISR,Israel,Israel,Rhythmic Gymnastics,,1979-03-27
1910511,True,SAMOFALOV Ela,Female,Coach,C,ISR,Israel,Israel,Rhythmic Gymnastics,,1966-05-09
1911256,True,ARZA Carlos Vivier,Male,Head Coach,C,ANG,Angola,Angola,Handball,Women,1973-10-24
1912238,True,CATITO Nelson,Male,Assistant Coach,C,ANG,Angola,Angola,Handball,Women,1969-09-21
1913681,True,CAI Bin,Male,Head Coach,C,CHN,China,People's Republic of China,Volleyball,Women,1966-10-04
1913682,True,LI Yanlong,Male,Assistant Coach,C,CHN,China,People's Republic of China,Volleyball,Women,1980-03-22
1913683,True,YUAN Zhi,Male,Assistant Coach,C,CHN,China,People's Republic of China,Volleyball,Women,1981-09-29
1914566,True,HYTTEL Tobias,Male,Coach,C,DEN,Denmark,Denmark,Taekwondo,,2002-01-06
1914822,True,SETTA Tarik,Male,Coach,C,DEN,Denmark,Denmark,Taekwondo,,1981-01-18
1914903,True,ACHARKI Aziz,Male,Coach,C,DEN,Denmark,Denmark,Taekwondo,,1972-03-27
1915796,True,TUCAK Ivica,Male,Head Coach,C,CRO,Croatia,Croatia,Water Polo,Men,1970-02-08
1915797,True,POSINKOVIC Renco,Male,Assistant Coach,C,CRO,Croatia,Croatia,Water Polo,Men,1964-01-04
1915807,True,MARELJA Jure,Male,Assistant Coach,C,CRO,Croatia,Croatia,Water Polo,Men,1980-04-01
1915986,True,COURTEIX David,Male,Head Coach,C,FRA,France,France,Rugby Sevens,Women,1972-05-30
1915987,True,IGARZA Germain,Male,Assistant Coach,C,FRA,France,France,Rugby Sevens,Women,1983-06-06
1917115,True,COULIBALY Abdoulaye,Male,Assistant Coach,C,MLI,Mali,Mali,Football,,1985-03-18
1917164,True,DIALLO Badara Alou,Male,Head Coach,C,MLI,Mali,Mali,Football,Men,1969-12-31
1917720,True,DUNPHY Marv,Male,2nd Assistant Coach,C,USA,United States,United States of America,Volleyball,Women,1948-01-07
1917721,True,KIRALY Karch,Male,Head Coach,C,USA,United States,United States of America,Volleyball,Women,1960-11-03
1917722,True,MIYASHIRO Tama,Female,Assistant Coach,C,USA,United States,United States of America,Volleyball,Women,1987-07-08
1917723,True,REFT Alfee,Male,Assistant Coach,C,USA,United States,United States of America,Volleyball,Women,1982-12-15
1917725,True,VIRTUE Erin,Female,Assistant Coach,C,USA,United States,United States of America,Volleyball,Women,1983-04-13
1917858,True,BROWN Gareth,Male,Coach,C,USA,United States,United States of America,Taekwondo,,1979-03-23
1918016,True,FUERBRINGER Matt,Male,Assistant Coach,C,USA,United States,United States of America,Volleyball,Men,1974-01-29
1918018,True,SPERAW John,Male,Head Coach,C,USA,United States,United States of America,Volleyball,Men,1971-10-18
1918019,True,WEBER Javi,Male,Assistant Coach,C,USA,United States,United States of America,Volleyball,Men,1966-01-06
1918026,True,WALL Mike,Male,Assistant Coach,C,USA,United States,United States of America,Volleyball,Men,
1918543,True,TOKUMOTO Yukito,Male,Assistant Coach,C,JPN,Japan,Japan,Volleyball,Women,1976-10-09
1918556,True,BLAIN Philippe,Male,Head Coach,C,JPN,Japan,Japan,Volleyball,Men,1960-05-20
1918560,True,FUKATSU Takayuki,Male,Assistant Coach,C,JPN,Japan,Japan,Volleyball,Men,1988-11-09
1918568,True,ITOH Kenji,Male,Assistant Coach,C,JPN,Japan,Japan,Volleyball,Men,1981-09-13
1918571,True,MANABE Masayoshi,Male,Head Coach,C,JPN,Japan,Japan,Volleyball,Women,1963-08-21
1918572,True,KAWAKITA Gen,Male,Assistant Coach,C,JPN,Japan,Japan,Volleyball,Women,1976-03-25
1918766,True,REZA Surian,Male,Coach,C,NZL,New Zealand,New Zealand,Artistic Gymnastics,,1987-10-08
1918882,True,CHEN Wei,Male,Coach,C,CHN,China,People's Republic of China,Artistic Gymnastics,,1968-12-10
1918883,True,HE Hua,Female,Coach,C,CHN,China,People's Republic of China,Artistic Gymnastics,,1974-10-08
1918884,True,JIN Weiguo,Male,Coach,C,CHN,China,People's Republic of China,Artistic Gymnastics,,1967-11-30
1918885,True,LI Dezhi,Male,Coach,C,CHN,China,People's Republic of China,Artistic Gymnastics,,1981-09-20
1918886,True,LIU Jinyu,Male,Coach,C,CHN,China,People's Republic of China,Artistic Gymnastics,,1982-02-17
1918887,True,LIU Tao,Male,Coach,C,CHN,China,People's Republic of China,Artistic Gymnastics,,1974-06-26
1918889,True,LU le,Male,Coach,C,CHN,China,People's Republic of China,Artistic Gymnastics,,1987-06-10
1918890,True,SUN Ping,Female,Coach,C,CHN,China,People's Republic of China,Artistic Gymnastics,,1977-11-09
1918891,True,TENG Haibin,Male,Coach,C,CHN,China,People's Republic of China,Artistic Gymnastics,,1985-01-02
1918893,True,WANG Liming,Male,Coach,C,CHN,China,People's Republic of China,Artistic Gymnastics,,1972-03-01
1918894,True,XU Jinglei,Female,Coach,C,CHN,China,People's Republic of China,Artistic Gymnastics,,1967-11-01
1918895,True,ZHANG Haiyan,Female,Coach,C,CHN,China,People's Republic of China,Artistic Gymnastics,,1975-01-05
1918896,True,ZHENG Hao,Male,Coach,C,CHN,China,People's Republic of China,Artistic Gymnastics,,1977-01-30
1918907,True,YE Sheng,Male,Coach,C,CHN,China,People's Republic of China,Artistic Gymnastics,,1977-04-14
1919322,True,SOTOMURA Kazutoshi,Male,Coach,C,JPN,Japan,Japan,Artistic Gymnastics,,1985-12-26
1919328,True,SHINTAKU Yuya,Male,Coach,C,JPN,Japan,Japan,Artistic Gymnastics,,1983-11-03
1919335,True,TOYOSHIMA Risa,Female,Coach,C,JPN,Japan,Japan,Artistic Gymnastics,,1977-08-15
1919338,True,TANAKA Hikaru,Male,Coach,C,JPN,Japan,Japan,Artistic Gymnastics,,1972-07-19
1919341,True,SATO Hiroaki,Male,Coach,C,JPN,Japan,Japan,Artistic Gymnastics,,1989-04-14
1919343,True,SAITO Yoshihiro,Male,Coach,C,JPN,Japan,Japan,Artistic Gymnastics,,1976-08-29
1919511,True,JUN Jung Hooi,Male,Coach,C,TJK,Tajikistan,Tajikistan,Taekwondo,,1964-09-01
1919719,True,LIKHADZIYEUSKI Anatoli,Male,Coach,C,AIN,AIN,AIN,Taekwondo,,1967-05-08
1919734,True,ANTONYAN Sahak,Male,Coach,C,ARM,Armenia,Armenia,Artistic Gymnastics,,1992-01-17
1919736,True,BERZHETS Viachaslau,Male,Coach,C,AIN,AIN,AIN,Taekwondo,,1965-08-15
1919740,True,NAZARYAN Hayk,Male,Coach,C,ARM,Armenia,Armenia,Artistic Gymnastics,,1983-10-13
1919741,True,OGANESIANTC Avetis,Male,Coach,C,AIN,AIN,AIN,Taekwondo,,1964-08-06
1921141,True,de GIORGI Ferdinando,Male,Head Coach,C,ITA,Italy,Italy,Volleyball,Men,1961-10-10
1921142,True,CAPONERI Massimo,Male,Assistant Coach,C,ITA,Italy,Italy,Volleyball,Men,1964-05-22
1921143,True,GIOLITO Nicola,Male,Assistant Coach,C,ITA,Italy,Italy,Volleyball,Men,1976-09-12
1921148,True,VELASCO Julio,Male,Head Coach,C,ITA,Italy,Italy,Volleyball,Women,1952-02-09
1921149,True,BARBOLINI Massimo,Male,Assistant Coach,C,ITA,Italy,Italy,Volleyball,Women,1964-08-29
1921150,True,BERNARDI Lorenzo,Male,Assistant Coach,C,ITA,Italy,Italy,Volleyball,Women,1968-08-11
1922666,True,van DAMME Koen,Male,Coach,C,BEL,Belgium,Belgium,Artistic Gymnastics,,1987-04-29
1924891,True,DUGONJIC Ivo Martin,Male,Head Coach,C,URU,Uruguay,Uruguay,Rugby Sevens,Men,1985-06-12
1924892,True,PUIG CARPANETO Gabriel,Male,Assistant Coach,C,URU,Uruguay,Uruguay,Rugby Sevens,Men,1990-02-04
1924915,True,PRUNSKAS Algimantas,Male,Coach,C,LTU,Lithuania,Lithuania,Artistic Gymnastics,,1960-04-11
1925565,True,CAMPAGNA Alessandro,Male,Head Coach,C,ITA,Italy,Italy,Water Polo,Men,1963-06-26
1925566,True,SILIPO Carlo,Male,Head Coach,C,ITA,Italy,Italy,Water Polo,Women,1971-09-10
1925568,True,FARINELLI Roberta,Female,Coach,C,ITA,Italy,Italy,Artistic Swimming,Team,1970-02-06
1925590,True,POMILIO Amedeo,Male,Assistant Coach,C,ITA,Italy,Italy,Water Polo,Men,1967-02-11
1925602,True,GIALLOMBARDO Patrizia,Female,Coach,C,ITA,Italy,Italy,Artistic Swimming,Team,1964-07-19
1925620,True,di CECCA Cosimino,Male,Assistant Coach,C,ITA,Italy,Italy,Water Polo,Women,1973-08-28
1925740,True,JANECKOVA Katerina,Female,Coach,C,CZE,Czechia,Czechia,Artistic Gymnastics,,1976-05-23
1925948,True,LEAL COLMENAREZ Mario,Male,Coach,C,VEN,Venezuela,Venezuela,Taekwondo,,1984-11-16
1926042,True,MOHAMMED Aisha,Female,Coach,C,NGR,Nigeria,Nigeria,Basketball,,1985-10-21
1926057,True,GARCIA CABRERA David,Male,Coach,C,PUR,Puerto Rico,Puerto Rico,Basketball,,1982-06-22
1926527,True,DELANEY Mike,Male,Assistant Coach,C,NZL,New Zealand,New Zealand,Hockey,,1989-04-17
1926529,True,McALEESE Shea,Male,Assistant Coach,C,NZL,New Zealand,New Zealand,Hockey,,1984-08-07
1926530,True,CLARK Gregg,Male,Assistant Coach,C,NZL,New Zealand,New Zealand,Hockey,,1971-01-11
1926532,True,NICOL Greg,Male,Head Coach,C,NZL,New Zealand,New Zealand,Hockey,,1975-04-02
1926601,True,MACKINTOSH Euan,Male,Assistant Coach,C,NZL,New Zealand,New Zealand,Rugby Sevens,Men,1985-09-06
1926602,True,SWEENEY Cory,Male,Head Coach,C,NZL,New Zealand,New Zealand,Rugby Sevens,Women,1978-03-08
1926603,True,GIBBS Rodney,Male,Assistant Coach,C,NZL,New Zealand,New Zealand,Rugby Sevens,Men,1969-05-12
1926604,True,COCKER Edwin,Male,Assistant Coach,C,NZL,New Zealand,New Zealand,Rugby Sevens,Women,1980-11-03
1926605,True,CAMA Tomasi,Male,Head Coach,C,NZL,New Zealand,New Zealand,Rugby Sevens,Men,1980-11-11
1926606,True,ROSS Stu,Male,Assistant Coach,C,NZL,New Zealand,New Zealand,Rugby Sevens,Women,1976-01-26
1926607,True,MURPHY Amanda,Female,Assistant Coach,C,NZL,New Zealand,New Zealand,Rugby Sevens,Women,
1926612,True,McMASTER Travis,Male,Assistant Coach,C,NZL,New Zealand,New Zealand,Rugby Sevens,Men,
1927174,True,ANNAN Alyson Regina,Female,Head Coach,C,CHN,China,People's Republic of China,Hockey,,1973-06-21
1927222,True,LU Zhuan,Male,Head Coach,C,CHN,China,People's Republic of China,Rugby Sevens,Women,1983-11-18
1927223,True,PASQUALETTI Massimo,Male,Assistant Coach,C,CHN,China,People's Republic of China,Rugby Sevens,Women,1988-08-11
1927270,True,GOMEZ AGUERA Salvador Emilio,Male,Assistant Coach,C,CHN,China,People's Republic of China,Water Polo,Women,1968-03-11
1927271,True,JANE GIRALT Juan,Male,Head Coach,C,CHN,China,People's Republic of China,Water Polo,Women,1953-05-31
1927274,True,WU Zhiyu,Male,Assistant Coach,C,CHN,China,People's Republic of China,Water Polo,Women,1983-09-09
1927534,True,QU Tao,Female,Coach,C,CHN,China,People's Republic of China,Rhythmic Gymnastics,,1973-04-23
1927535,True,SUN Dan,Female,Coach,C,CHN,China,People's Republic of China,Rhythmic Gymnastics,,1986-09-04
1927537,True,XU Yanshu,Female,Coach,C,CHN,China,People's Republic of China,Rhythmic Gymnastics,,1998-07-14
1927542,True,BLIZNYUK Anastasia,Female,Coach,C,CHN,China,People's Republic of China,Rhythmic Gymnastics,,1994-06-28
1927873,True,LARHOLM Erik Jonas,Male,Assistant Coach,C,KOR,Korea,Republic of Korea,Handball,Women,1981-01-25
1927879,True,RADIC Vanja,Female,Assistant Coach,C,KOR,Korea,Republic of Korea,Handball,Women,1983-05-06
1927880,True,SIGNELL Kurt Henrik,Male,Head Coach,C,KOR,Korea,Republic of Korea,Handball,Women,1976-01-02
1927972,True,AGAFONTSEV Sergiy,Male,Coach,C,HKG,"Hong Kong, China","Hong Kong, China",Artistic Gymnastics,,1970-07-07
1928060,True,KRCE Lucijan,Male,Coach,C,CRO,Croatia,Croatia,Artistic Gymnastics,,1975-01-30
1928061,True,MADAREVIC Vladimir,Male,Coach,C,CRO,Croatia,Croatia,Artistic Gymnastics,,1972-08-17
1928154,True,MWAPE Bruce,Male,Head Coach,C,ZAM,Zambia,Zambia,Football,Women,1959-10-26
1928466,True,LAVARINI Stefano,Male,Head Coach,C,POL,Poland,Poland,Volleyball,Women,1979-01-17
1928467,True,VETTORI Nicola,Male,Assistant Coach,C,POL,Poland,Poland,Volleyball,Women,1971-05-06
1928468,True,PACHLINSKI Krystian,Male,Assistant Coach,C,POL,Poland,Poland,Volleyball,Women,1988-08-23
1928469,True,SUFA Bartosz,Male,Assistant Coach,C,POL,Poland,Poland,Volleyball,Women,1987-08-11
1928714,True,NTHALA Charity,Female,Assistant Coach,C,ZAM,Zambia,Zambia,Football,Women,1990-08-30
1929274,True,KOHLOFFEL Markus,Male,Coach,C,EOR,EOR,Refugee Olympic Team,Taekwondo,,1971-01-25
1929291,True,ZAREEI SHAMSABADI Manni,Male,Coach,C,EOR,EOR,Refugee Olympic Team,Taekwondo,,1985-07-04
1929319,True,SABAH Asif,Male,Coach,C,EOR,EOR,Refugee Olympic Team,Taekwondo,,1969-09-18
1929643,True,YUSSUPOVA Aliya,Female,Coach,C,KAZ,Kazakhstan,Kazakhstan,Rhythmic Gymnastics,,1984-05-15
1929644,True,DUISENGALIYEVA Danissa,Female,Coach,C,KAZ,Kazakhstan,Kazakhstan,Rhythmic Gymnastics,,1995-11-11
1929663,True,NOLANO Claudio,Male,Coach,C,ITA,Italy,Italy,Taekwondo,,1975-09-22
1929717,True,ALFARO RODRIGUEZ Santiago,Male,Assistant Coach,C,URU,Uruguay,Uruguay,Rugby Sevens,Men,
1930009,True,LEE KIM Daniel,Male,Coach,C,URU,Uruguay,Uruguay,Taekwondo,,1979-01-31
1930168,True,RENARD Herve,Male,Head Coach,C,FRA,France,France,Football,Women,1968-09-30
1930169,True,BONADEI Laurent,Male,Assistant Coach,C,FRA,France,France,Football,,1969-11-03
1930171,True,BLAHIC Eric,Male,Assistant Coach,C,FRA,France,France,Football,,1965-05-02
1930172,True,FOUACHE Gilles,Male,Goalkeeper Coach,C,FRA,France,France,Football,,1973-11-09
1930294,True,MAMAYEV Nursultan,Male,Coach,C,KAZ,Kazakhstan,Kazakhstan,Taekwondo,,1993-06-27
1930295,True,KIM Kwangsu,Male,Coach,C,KAZ,Kazakhstan,Kazakhstan,Taekwondo,,1972-12-02
1930296,True,BESBAYEV Olzhas,Male,Coach,C,KAZ,Kazakhstan,Kazakhstan,Taekwondo,,1986-12-16
1930311,True,SAGYNAYEV Kanat,Male,Coach,C,KAZ,Kazakhstan,Kazakhstan,Taekwondo,,1973-11-09
1930636,True,DOBLER Mauro,Male,Goalkeeper Coach,C,ARG,Argentina,Argentina,Football,,
1930646,True,ECHEVERRY Alex,Male,Assistant Coach,C,COL,Colombia,Colombia,Football,,
1930666,True,PHIRI Yona,Male,Goalkeeper Coach,C,ZAM,Zambia,Zambia,Football,Women,1980-04-27
1930695,True,GRAND'PIERRE Naomy Hope,Female,Coach,C,HAI,Haiti,Haiti,Artistic Gymnastics,,1997-04-16
1930765,True,LAMBDIN Stephen,Male,Coach,C,USA,United States,United States of America,Taekwondo,,1988-03-09
1930922,True,ABARCA Megan,Female,Coach,C,USA,United States,United States of America,Artistic Swimming,Duet,1990-08-14
1931463,True,MWILA Florence,Female,Assistant Coach,C,ZAM,Zambia,Zambia,Football,Women,1986-03-26
1931488,True,ELFAKHARANY Hany,Male,Assistant Coach,C,EGY,Egypt,Egypt,Handball,Men,1978-04-06
1931494,True,SIERRA MENDEZ Jose Manuel,Male,Assistant Coach,C,EGY,Egypt,Egypt,Handball,Men,1978-05-21
1931502,True,PASTOR GOMEZ Juan Carlos,Male,Head Coach,C,EGY,Egypt,Egypt,Handball,Men,1968-05-18
1931612,True,VATKIN Vladimir,Male,Coach,C,KAZ,Kazakhstan,Kazakhstan,Artistic Gymnastics,,1959-08-03
1931614,True,KURBANOV Khussanzhan,Male,Coach,C,KAZ,Kazakhstan,Kazakhstan,Artistic Gymnastics,,1961-02-01
1931616,True,KENESSOV Sapargali,Male,Coach,C,KAZ,Kazakhstan,Kazakhstan,Artistic Gymnastics,,1992-08-12
1932162,True,ALMAAZMI Abdalla,Male,Coach,C,PLE,Palestine,Palestine,Taekwondo,,1977-01-27
1932176,True,RODRIGUEZ VAQUERO Jose Maria,Male,Head Coach,C,HUN,Hungary,Hungary,Handball,Men,1980-01-05
1932535,True,VELASCO ENCINAS Miguel Angel,Male,Assistant Coach,C,HUN,Hungary,Hungary,Handball,Men,1984-03-20
1933104,True,ZOLGHADRI Farzad,Male,Coach,C,BUL,Bulgaria,Bulgaria,Taekwondo,,1992-05-09
1933362,True,GOLOVIN Vlagyimir Alekszandrovics,Male,Head Coach,C,HUN,Hungary,Hungary,Handball,Women,1970-03-21
1933372,True,PIGNICZKI Krisztina,Female,Assistant Coach,C,HUN,Hungary,Hungary,Handball,Women,1975-09-18
1933474,True,MASCHERANO Javier,Male,Head Coach,C,ARG,Argentina,Argentina,Football,Men,1984-06-08
1933569,True,MARSIGLIA Angelo,Male,Head Coach,C,COL,Colombia,Colombia,Football,Women,1985-12-20
1933763,True,RODRIGUEZ Lucas,Male,Assistant Coach,C,ARG,Argentina,Argentina,Football,,
1934022,True,STILLITANO Leandro,Male,Assistant Coach,C,ARG,Argentina,Argentina,Football,,
1934443,True,AGUILAR ESTRADA Eduardo,Male,Assistant Coach,C,ESP,Spain,Spain,Hockey,,1976-12-06
1934447,True,CALDAS Maximiliano,Male,Head Coach,C,ESP,Spain,Spain,Hockey,,1973-03-09
1934451,True,GARCIA CUENCA Carlos,Male,Head Coach,C,ESP,Spain,Spain,Hockey,,1973-01-26
1934452,True,GAVILAN MORAL Diego Manuel,Male,Coach,C,ESP,Spain,Spain,Hockey,,1978-11-30
1934457,True,GUTIERREZ ZULAICA Lorena,Female,Coach,C,ESP,Spain,Spain,Hockey,,1990-08-27
1934462,True,IGLESIAS BILBAO Alejandro,Male,Assistant Coach,C,ESP,Spain,Spain,Hockey,,1980-06-21
1934463,True,JARO MOLINA Rafael,Male,Coach,C,ESP,Spain,Spain,Hockey,,1984-06-28
1934464,True,LAZARO REINA Jordi,Male,Coach,C,ESP,Spain,Spain,Hockey,,1987-06-28
1934466,True,MOVELLAN de la MAZA Borja,Male,Coach,C,ESP,Spain,Spain,Hockey,,1979-12-24
1934467,True,PALOMERO MARTIN Oscar,Male,Coach,C,ESP,Spain,Spain,Hockey,,1973-11-24
1934811,True,PEREZ Carlos,Male,Goalkeeper Coach,C,COL,Colombia,Colombia,Football,Women,
1934831,True,CANTWELL Lynne,Female,Head Coach,C,RSA,South Africa,South Africa,Rugby Sevens,,1981-09-27
1934833,True,DAZEL Renfred,Male,Head Coach,C,RSA,South Africa,South Africa,Rugby Sevens,Women,1981-05-04
1934834,True,MOLOPYANE Obakeng,Male,Assistant Coach,C,RSA,South Africa,South Africa,Rugby Sevens,Women,1993-03-17
1934835,True,PARKER Naasier,Male,Head Coach,C,RSA,South Africa,South Africa,Rugby Sevens,,1988-04-16
1934837,True,AFRIKA Cecil,Male,Assistant Coach,C,RSA,South Africa,South Africa,Rugby Sevens,Women,1988-05-03
1935326,True,WAKAMA Rena,Female,Coach,C,NGR,Nigeria,Nigeria,Basketball,Women,1992-04-11
1935341,True,OLAJUWON Alon,Female,Coach,C,NGR,Nigeria,Nigeria,Basketball,,1998-07-06
1935667,True,FUENTES Andrea,Female,Coach,C,USA,United States,United States of America,Artistic Swimming,Team,1983-04-07
1935669,True,TEIXEIRA Lara,Female,Coach,C,USA,United States,United States of America,Artistic Swimming,Team,1987-11-26
1935695,True,RUIZ CASAS Jairo,Male,Coach,C,COL,Colombia,Colombia,Artistic Gymnastics,,1956-06-19
1935699,True,LIM Alison,Female,Coach,C,COL,Colombia,Colombia,Artistic Gymnastics,,1983-03-13
1935822,True,ALONSO CALVO Adria,Male,Coach,C,ESP,Spain,Spain,Artistic Gymnastics,,1992-09-30
1935823,True,BANGO MELCON Benjamin,Male,Coach,C,ESP,Spain,Spain,Artistic Gymnastics,,1965-11-18
1935824,True,BOTELLA PEREZ de LANDAZAB Isaac,Male,Coach,C,ESP,Spain,Spain,Artistic Gymnastics,,1984-06-12
1935825,True,CARRASCAL RUBIO Alvaro,Male,Coach,C,ESP,Spain,Spain,Artistic Gymnastics,,1985-07-24
1935826,True,CASIMIRO ROS Javier,Male,Coach,C,ESP,Spain,Spain,Artistic Gymnastics,,1969-09-20
1935827,True,GUISADO MUNOZ Lucia,Female,Coach,C,ESP,Spain,Spain,Artistic Gymnastics,,1965-02-17
1935828,True,MARTINEZ SANCHEZ Manuel Angel,Male,Coach,C,ESP,Spain,Spain,Artistic Gymnastics,,1968-06-21
1935829,True,MIR HOMAR Pedro,Male,Coach,C,ESP,Spain,Spain,Artistic Gymnastics,,1965-12-09
1935830,True,RUEDA BRAVO Eva,Female,Coach,C,ESP,Spain,Spain,Artistic Gymnastics,,1971-09-13
1935831,True,SAN JOSE CRISTOBAL Almudena,Female,Coach,C,ESP,Spain,Spain,Artistic Gymnastics,,1964-12-02
1935832,True,BROWN LOPEZ Dagmara,Female,Coach,C,ESP,Spain,Spain,Rhythmic Gymnastics,,1955-10-05
1935833,True,FERRANDEZ ARENAS Monica,Female,Coach,C,ESP,Spain,Spain,Rhythmic Gymnastics,,1974-10-25
1935834,True,GARCIA GARCES Maria,Female,Coach,C,ESP,Spain,Spain,Rhythmic Gymnastics,,1991-05-03
1935835,True,LINARES GARCIA Marta,Female,Coach,C,ESP,Spain,Spain,Rhythmic Gymnastics,,1986-01-31
1935836,True,MALCHAIR SELECQUE Caroline Martine,Female,Coach,C,ESP,Spain,Spain,Rhythmic Gymnastics,,1982-05-31
1935837,True,PELAZ MOTA Ana,Female,Coach,C,ESP,Spain,Spain,Rhythmic Gymnastics,,1987-09-24
1935838,True,QUEREDA FLORES Alejandra,Female,Coach,C,ESP,Spain,Spain,Rhythmic Gymnastics,,1992-07-24
1936384,True,KASSMAN Edward,Male,Coach,C,PNG,Papua New Guinea,Papua New Guinea,Taekwondo,,1978-01-10
1936918,True,PABLO Jose,Male,Assistant Coach,C,ANG,Angola,Angola,Handball,Women,1969-10-03
1938936,True,FERREIRINHA Jose,Male,Coach,C,POR,Portugal,Portugal,Artistic Gymnastics,,1964-09-01
1940069,True,CAPORN Adam,Male,Assistant Coach,C,AUS,Australia,Australia,Basketball,,1982-03-16
1940074,True,GOORJIAN Brian,Male,Coach,C,AUS,Australia,Australia,Basketball,Men,1953-06-28
1940075,True,CHAMBERS Cheryl,Female,Assistant Coach,C,AUS,Australia,Australia,Basketball,Women,1968-04-18
1940078,True,PATRICK David,Male,Coach,C,AUS,Australia,Australia,Basketball,,1976-02-21
1940088,True,NIELSEN Matt,Male,Assistant Coach,C,AUS,Australia,Australia,Basketball,Men,1978-02-03
1940089,True,GORISS Paul,Male,Assistant Coach,C,AUS,Australia,Australia,Basketball,,1970-04-28
1940092,True,CARROLL Ryan,Male,Coach,C,AUS,Australia,Australia,Basketball,,1980-03-02
1940093,True,BRONDELLO Sandy,Female,Coach,C,AUS,Australia,Australia,Basketball,Women,1968-08-20
1940094,True,SEEBHOM Shannon,Male,Coach,C,AUS,Australia,Australia,Basketball,,1988-02-01
1940331,True,PYSMENNA Oksana,Female,Coach,C,KOR,Korea,Republic of Korea,Artistic Swimming,Duet,1972-05-15
1940570,True,CHOI Jungyeol,Male,Coach,C,KOR,Korea,Republic of Korea,Artistic Gymnastics,,1982-08-06
1940575,True,KIM Daeeun,Male,Coach,C,KOR,Korea,Republic of Korea,Artistic Gymnastics,,1984-09-17
1940578,True,KIM Jihoon,Male,Coach,C,KOR,Korea,Republic of Korea,Artistic Gymnastics,,1984-08-09
1940583,True,LEE Sunsung,Male,Coach,C,KOR,Korea,Republic of Korea,Artistic Gymnastics,,1980-12-26
1940584,True,MIN Ayoung,Female,Coach,C,KOR,Korea,Republic of Korea,Artistic Gymnastics,,1975-01-28
1940930,True,CSEH Sandor Viktor,Male,Assistant Coach,C,HUN,Hungary,Hungary,Water Polo,Women,1976-09-05
1941188,True,MUNALA Japheth,Male,Head Coach,C,KEN,Kenya,Kenya,Volleyball,Women,1963-11-30
1941189,True,BARASA James,Male,Assistant Coach,C,KEN,Kenya,Kenya,Volleyball,Women,1970-10-08
1941198,True,MIHOK Attila,Male,Head Coach,C,HUN,Hungary,Hungary,Water Polo,Women,1973-10-06
1941323,True,TORTOSA Hugo,Male,Coach,C,LES,Lesotho,Lesotho,Taekwondo,,1999-10-11
1941674,True,TOPARI Yusuf,Male,Coach,C,AUS,Australia,Australia,Artistic Gymnastics,,1987-02-27
1941682,True,MITCHELL Katie,Female,Coach,C,AUS,Australia,Australia,Rhythmic Gymnastics,,1979-04-18
1941683,True,BARABACH Mikhail,Male,Coach,C,AUS,Australia,Australia,Artistic Gymnastics,,1955-01-06
1941685,True,WILSON Sean,Male,Coach,C,AUS,Australia,Australia,Artistic Gymnastics,,1989-06-21
1941686,True,BELAN Tatsiana,Female,Coach,C,AUS,Australia,Australia,Rhythmic Gymnastics,,1982-11-10
1941689,True,LI Xiaoqing,Female,Coach,C,AUS,Australia,Australia,Artistic Gymnastics,,1971-01-14
1941847,True,DOUMBIA Bounafou,Male,Goalkeeper Coach,C,MLI,Mali,Mali,Football,,1980-07-22
1941852,True,BARRETO Diego,Male,Goalkeeper Coach,C,PAR,Paraguay,Paraguay,Football,,
1942626,True,DENIA Santi,Male,Head Coach,C,ESP,Spain,Spain,Football,Men,1974-03-09
1942627,True,GORDO David,Male,Assistant Coach,C,ESP,Spain,Spain,Football,,1970-02-02
1942638,True,MARTINEZ Ruben,Male,Goalkeeper Coach,C,ESP,Spain,Spain,Football,,
1942803,True,ZIMMERMANN Matthieu,Male,Coach,C,BEL,Belgium,Belgium,Artistic Gymnastics,,1986-02-22
1942804,True,EHREN Raoul,Male,Head Coach,C,BEL,Belgium,Belgium,Hockey,,1973-04-24
1942806,True,McLEOD Shane,Male,Assistant Coach,C,BEL,Belgium,Belgium,Hockey,Men,1968-09-04
1942816,True,GAMBLUCH Leonardo,Male,Coach,C,BEL,Belgium,Belgium,Taekwondo,,1973-09-03
1942828,True,VARGA Zsolt,Male,Head Coach,C,HUN,Hungary,Hungary,Water Polo,Men,1972-03-09
1942869,True,UGLESSICH Mariano,Male,Assistant Coach,C,PAR,Paraguay,Paraguay,Football,,
1943302,True,HAYES Emma,Female,Head Coach,C,USA,United States,United States of America,Football,Women,1976-10-18
1943308,True,REDDY Denise,Female,Assistant Coach,C,USA,United States,United States of America,Football,Women,1970-09-14
1943311,True,SEARLE Stuart,Male,Goalkeeper Coach,C,USA,United States,United States of America,Football,Women,1979-02-27
1943842,True,JARA SAGUIER Carlos,Male,Head Coach,C,PAR,Paraguay,Paraguay,Football,Men,1950-11-01
1944188,True,COVELO Alex,Male,Assistant Coach,C,USA,United States,United States of America,Football,Men,1978-05-19
1944189,True,MITROVIC Marko,Male,Head Coach,C,USA,United States,United States of America,Football,Men,1978-07-08
1944190,True,PAYNE Russell,Male,Goalkeeper Coach,C,USA,United States,United States of America,Football,Men,1975-07-03
1944191,True,SEGARES Gonzalo,Male,Assistant Coach,C,USA,United States,United States of America,Football,Men,1982-10-13
1944971,True,MAYNE Michael,Male,Head Coach,C,NZL,New Zealand,New Zealand,Football,Women,1985-02-15
1944972,True,REED Duncan,Male,Goalkeeper Coach,C,NZL,New Zealand,New Zealand,Football,,1990-11-25
1944973,True,BAZELEY Darren,Male,Head Coach,C,NZL,New Zealand,New Zealand,Football,Men,1972-10-05
1944974,True,GOTHARD Paul,Male,Goalkeeper Coach,C,NZL,New Zealand,New Zealand,Football,Men,1974-06-24
1944977,True,READINGS Tony,Male,Assistant Coach,C,NZL,New Zealand,New Zealand,Football,Men,1975-10-27
1944979,True,ELLIOTT Simon,Male,Assistant Coach,C,NZL,New Zealand,New Zealand,Football,Men,1974-06-10
1945000,True,SARVER Keri,Female,Assistant Coach,C,NZL,New Zealand,New Zealand,Football,,1976-03-30
1945433,True,POTTER Anthony,Male,Assistant Coach,C,AUS,Australia,Australia,Hockey,,1972-05-11
1945439,True,BATCH Colin,Male,Head Coach,C,AUS,Australia,Australia,Hockey,,1958-03-27
1945443,True,STANIFORTH Dave,Male,Coach,C,AUS,Australia,Australia,Hockey,,1976-04-05
1945447,True,MURRAY Emma,Female,Assistant Coach,C,AUS,Australia,Australia,Hockey,Women,
1945451,True,PURVIS Hugh,Male,Assistant Coach,C,AUS,Australia,Australia,Hockey,,1991-08-03
1945457,True,DAVY Jeremy,Male,Coach,C,AUS,Australia,Australia,Hockey,,1973-07-03
1945459,True,POWELL Katrina,Female,Head Coach,C,AUS,Australia,Australia,Hockey,,1972-04-08
1945474,True,HAMMOND Rob,Male,Coach,C,AUS,Australia,Australia,Hockey,,1981-05-06
1945548,True,LU Xiaohui,Male,Head Coach,C,CHN,China,People's Republic of China,Rugby Sevens,,1975-05-17
1945549,True,ZHU Jiangtao,Male,Head Coach,C,CHN,China,People's Republic of China,Rugby Sevens,,1981-11-03
1945550,True,MA Chong,Male,Head Coach,C,CHN,China,People's Republic of China,Rugby Sevens,,1993-08-26
1945552,True,ZHU Jing,Male,Head Coach,C,CHN,China,People's Republic of China,Rugby Sevens,,1985-08-05
1946315,True,CARNELI Ryan,Male,Coach,C,AUS,Australia,Australia,Taekwondo,,1985-10-11
1946317,True,LEE Seokhun,Male,Coach,C,AUS,Australia,Australia,Taekwondo,,1979-10-01
1946582,True,MACCARANI Emanuela,Female,Coach,C,ITA,Italy,Italy,Rhythmic Gymnastics,,1966-09-20
1946583,True,ROVETTA Valentina,Female,Coach,C,ITA,Italy,Italy,Rhythmic Gymnastics,,1980-07-24
1946585,True,MANCINELLI Claudia,Female,Coach,C,ITA,Italy,Italy,Rhythmic Gymnastics,,1985-01-16
1946907,True,ABDULLAYEV Mammad,Male,Coach,C,AZE,Azerbaijan,Azerbaijan,Taekwondo,,1976-07-07
1947221,True,RADONIC Vesna,Female,Coach,C,MNE,Montenegro,Montenegro,Rhythmic Gymnastics,,1971-04-03
1947623,True,YANITSAS Andrew,Male,Assistant Coach,C,AUS,Australia,Australia,Water Polo,Men,1980-03-14
1947628,True,DENIS Eddie,Male,Assistant Coach,C,AUS,Australia,Australia,Water Polo,Women,1970-10-14
1947636,True,RIPPON Bec,Female,Head Coach,C,AUS,Australia,Australia,Water Polo,Women,1978-12-26
1947637,True,WOODS Taryn,Female,Assistant Coach,C,AUS,Australia,Australia,Water Polo,Women,1975-08-12
1947638,True,HAMILL Tim,Male,Head Coach,C,AUS,Australia,Australia,Water Polo,Men,1976-12-27
1947758,True,SULTANOV Yesbol,Male,Coach,C,TUN,Tunisia,Tunisia,Taekwondo,,1981-03-01
1947762,True,HECHMI Jendoubi,Male,Coach,C,TUN,Tunisia,Tunisia,Taekwondo,,1962-06-01
1948319,True,MARTIN CEDRES Ambrosio Jose,Male,Head Coach,C,ESP,Spain,Spain,Handball,Women,1968-04-30
1948320,True,MONTES AGUERA Cesar Jesus,Male,Assistant Coach,C,ESP,Spain,Spain,Handball,Men,1975-01-06
1948321,True,PRADES PONS Jose Ignacio,Male,Assistant Coach,C,ESP,Spain,Spain,Handball,Women,1975-09-08
1948322,True,RIBERA ROMANS Jordi,Male,Head Coach,C,ESP,Spain,Spain,Handball,Men,1963-03-05
1948429,True,JAKOVLJEVIC Nenad,Male,Coach,C,SRB,Serbia,Serbia,Basketball,,1988-10-30
1948431,True,KOSTIC Oliver,Male,Assistant Coach,C,SRB,Serbia,Serbia,Basketball,Men,1973-02-20
1948432,True,MARINOVIC Marko,Male,Assistant Coach,C,SRB,Serbia,Serbia,Basketball,,1983-03-15
1948433,True,PESIC Svetislav,Male,Coach,C,SRB,Serbia,Serbia,Basketball,Men,1949-08-28
1948434,True,STOJAKOVIC Ognjen,Male,Coach,C,SRB,Serbia,Serbia,Basketball,,1981-09-29
1948438,True,SEKULIC Marko,Male,Coach,C,SRB,Serbia,Serbia,Basketball,,1980-07-17
1948749,True,BUTULIJA Dajana,Female,Assistant Coach,C,SRB,Serbia,Serbia,Basketball,,1986-02-23
1948750,True,DRLJACA Ljubica,Female,Assistant Coach,C,SRB,Serbia,Serbia,Basketball,Women,1978-08-04
1948752,True,MALJKOVIC Marina,Female,Coach,C,SRB,Serbia,Serbia,Basketball,Women,1981-09-26
1948764,True,PAGE Danielle Nicole,Female,Coach,C,SRB,Serbia,Serbia,Basketball,,1986-11-14
1948904,True,BEATTIE Ciaran,Male,Head Coach,C,GBR,Great Britain,Great Britain,Rugby Sevens,Women,1986-02-23
1948911,True,NOLAN James,Male,Assistant Coach,C,GBR,Great Britain,Great Britain,Rugby Sevens,Women,1990-08-27
1948913,True,PUGH Richie,Male,Head Coach,C,GBR,Great Britain,Great Britain,Rugby Sevens,,1983-08-10
1948914,True,RIDDELL Scott,Male,Assistant Coach,C,GBR,Great Britain,Great Britain,Rugby Sevens,Women,1985-10-05
1948915,True,ROQUES Tony,Male,Head Coach,C,GBR,Great Britain,Great Britain,Rugby Sevens,,1978-09-07
1948979,True,JANIC Bojan,Male,Assistant Coach,C,SRB,Serbia,Serbia,Volleyball,Men,1982-03-11
1948980,True,JEVTIC Ivica,Male,Assistant Coach,C,SRB,Serbia,Serbia,Volleyball,Men,1983-07-26
1948981,True,KOLAKOVIC Igor,Male,Head Coach,C,SRB,Serbia,Serbia,Volleyball,Men,1965-06-04
1948983,True,MAJSTOROVIC Neven,Male,Assistant Coach,C,SRB,Serbia,Serbia,Volleyball,Men,1989-03-17
1949017,True,BUTARBUTAR Eva,Female,Coach,C,INA,Indonesia,Indonesia,Artistic Gymnastics,,1973-07-04
1949063,True,BLAGOJEVIC Jelena,Female,Assistant Coach,C,SRB,Serbia,Serbia,Volleyball,Women,1988-12-01
1949064,True,GUIDETTI Giovanni,Male,Head Coach,C,SRB,Serbia,Serbia,Volleyball,Women,1972-09-20
1949394,True,TUDELA PERRET Matias,Male,Head Coach,C,ESP,Spain,Spain,Rugby Sevens,,1984-10-06
1949402,True,HERNANDEZ JIMENEZ Francisco de Pau.,Male,Head Coach,C,ESP,Spain,Spain,Rugby Sevens,,1988-10-28
1949458,True,KOCH Ulla,Female,Coach,C,BEL,Belgium,Belgium,Artistic Gymnastics,,1955-07-05
1949459,True,van den HEUVEL Michel,Male,Head Coach,C,BEL,Belgium,Belgium,Hockey,Men,1964-07-15
1949468,True,MALDONADO Oscar,Male,Coach,C,DOM,Dominican Republic,Dominican Republic,Taekwondo,,1993-06-04
1949531,True,MATEO BATISTA Ruddy,Male,Coach,C,DOM,Dominican Republic,Dominican Republic,Taekwondo,,1985-01-06
1949864,True,LAACHRAOUI Mourad,Male,Coach,C,BEL,Belgium,Belgium,Taekwondo,,1995-03-31
1949874,True,MEZIANE Rachid,Male,Coach,C,BEL,Belgium,Belgium,Basketball,Women,1980-02-10
1950176,True,BARTON Emilee,Female,Assistant Coach,C,AUS,Australia,Australia,Rugby Sevens,Women,1992-11-02
1950180,True,STANNARD James,Male,Assistant Coach,C,AUS,Australia,Australia,Rugby Sevens,Men,1983-02-21
1950182,True,MANENTI John,Male,Head Coach,C,AUS,Australia,Australia,Rugby Sevens,Men,1971-03-30
1950187,True,WALSH Timothy,Male,Head Coach,C,AUS,Australia,Australia,Rugby Sevens,Women,1979-04-10
1950509,True,BYDWELL Emilie,Female,Head Coach,C,USA,United States,United States of America,Rugby Sevens,Women,1985-08-31
1950510,True,TEST Zack,Male,Assistant Coach,C,USA,United States,United States of America,Rugby Sevens,Women,1989-10-13
1950515,True,FORD Trey,Male,Assistant Coach,C,USA,United States,United States of America,Rugby Sevens,Women,
1950520,True,FRIDAY Mike,Male,Head Coach,C,USA,United States,United States of America,Rugby Sevens,Men,1972-04-25
1950521,True,GREENING Phil,Male,Assistant Coach,C,USA,United States,United States of America,Rugby Sevens,Men,1975-10-03
1951636,True,FERREIRA Marcel,Male,Coach,C,BRA,Brazil,Brazil,Artistic Swimming,,1986-10-17
1951639,True,KARFUNKELSTEIN Rogerio,Male,Coach,C,BRA,Brazil,Brazil,Artistic Swimming,,1976-03-04
1952532,True,SPLITTER Tiago,Male,Assistant Coach,C,BRA,Brazil,Brazil,Basketball,Men,1985-01-01
1953168,True,HAMANO Yukiya,Male,Goalkeeper Coach,C,JPN,Japan,Japan,Football,,1972-09-28
1953169,True,HANEDA Kenji,Male,Assistant Coach,C,JPN,Japan,Japan,Football,,1981-12-01
1953170,True,OIWA Go,Male,Head Coach,C,JPN,Japan,Japan,Football,Men,1972-06-23
1953555,True,CUNHA Thiago,Male,Assistant Coach,C,EGY,Egypt,Egypt,Football,,1978-12-18
1953646,True,ALBINO Cristiano,Male,Coach,C,BRA,Brazil,Brazil,Artistic Gymnastics,,1973-12-21
1953647,True,BISCALCHIN Daniel,Male,Coach,C,BRA,Brazil,Brazil,Artistic Gymnastics,,1978-08-14
1953649,True,PORATH Francisco,Male,Coach,C,BRA,Brazil,Brazil,Artistic Gymnastics,,1980-07-18
1953652,True,YASHENKO Iryna,Female,Coach,C,BRA,Brazil,Brazil,Artistic Gymnastics,,1960-05-18
1953686,True,ROSA Bruna,Female,Coach,C,BRA,Brazil,Brazil,Rhythmic Gymnastics,,1986-02-13
1953687,True,FEREZIN Camila,Female,Coach,C,BRA,Brazil,Brazil,Rhythmic Gymnastics,,1977-04-18
1953695,True,NAVES Marcia,Female,Coach,C,BRA,Brazil,Brazil,Rhythmic Gymnastics,,1965-12-01
1953710,True,PEREIRA Alexandro,Male,Coach,C,BRA,Brazil,Brazil,Rhythmic Gymnastics,,1972-05-03
1953713,True,FIGUEIREDO Tatiana,Female,Coach,C,BRA,Brazil,Brazil,Rhythmic Gymnastics,,1968-06-29
1954067,True,FUCHS Tracey,Female,Assistant Coach,C,USA,United States,United States of America,Hockey,,1966-11-03
1954068,True,PASSMORE David,Male,Head Coach,C,USA,United States,United States of America,Hockey,,1967-06-15
1954069,True,TELECHEA Javi,Male,Assistant Coach,C,USA,United States,United States of America,Hockey,,1988-04-07
1954409,True,MATHEUS Carlos,Male,Coach,C,BRA,Brazil,Brazil,Artistic Swimming,,1978-02-23
1954411,True,DOMINGUES Felipe,Male,Coach,C,BRA,Brazil,Brazil,Artistic Swimming,,1976-03-07
1954413,True,POSSENTI Fernando,Male,Coach,C,BRA,Brazil,Brazil,Artistic Swimming,,1979-05-24
1954426,True,ONHA MARQUES Sergio,Male,Coach,C,BRA,Brazil,Brazil,Artistic Swimming,,1973-09-05
1954481,True,FEW Mark,Male,Coach,C,USA,United States,United States of America,Basketball,,1962-12-27
1954482,True,KERR Steve,Male,Coach,C,USA,United States,United States of America,Basketball,Men,1965-09-27
1954483,True,LUE Tyronn,Male,Assistant Coach,C,USA,United States,United States of America,Basketball,Men,1977-05-03
1954484,True,SPOELSTRA Erik,Male,Assistant Coach,C,USA,United States,United States of America,Basketball,Men,1970-11-01
1954499,True,LAWSON Kara,Female,Coach,C,USA,United States,United States of America,Basketball,,1981-02-14
1954500,True,MILLER Curt,Male,Coach,C,USA,United States,United States of America,Basketball,,1968-10-06
1954501,True,REEVE Cheryl,Female,Coach,C,USA,United States,United States of America,Basketball,Women,1966-09-20
1954502,True,TAYLOR Joni,Female,Assistant Coach,C,USA,United States,United States of America,Basketball,Women,1979-03-07
1954503,True,THIBAULT Mike,Male,Assistant Coach,C,USA,United States,United States of America,Basketball,Women,1950-09-28
1954505,True,WRIGHT Tanisha,Female,Coach,C,USA,United States,United States of America,Basketball,,1983-11-29
1954672,True,KOLINISAU Ratu Osea,Male,Head Coach,C,FIJ,Fiji,Fiji,Rugby Sevens,Men,1985-11-17
1955000,True,ARENHART ALVES Ismael,Male,Assistant Coach,C,BRA,Brazil,Brazil,Rugby Sevens,Women,
1955021,True,BRODERICK William,Male,Head Coach,C,BRA,Brazil,Brazil,Rugby Sevens,Women,1992-09-17
1955060,True,FERRER Alexander,Male,Coach,C,BRA,Brazil,Brazil,Artistic Swimming,,1975-08-25
1955820,True,dos SANTOS Clayton,Male,Coach,C,BRA,Brazil,Brazil,Taekwondo,,1981-07-03
1955822,True,RIBEIRO Diego,Male,Coach,C,BRA,Brazil,Brazil,Taekwondo,,1987-01-05
1955881,True,NAMAUA Tikiko,Male,Assistant Coach,C,FIJ,Fiji,Fiji,Rugby Sevens,Women,1976-05-11
1955954,True,KLAMBURG ROQUE Paula,Female,Coach,C,AUS,Australia,Australia,Artistic Swimming,Team,1989-09-20
1955958,True,ONO Shoko,Female,Coach,C,AUS,Australia,Australia,Artistic Swimming,Team,1988-11-09
1956101,True,SOARES Mateus Joao Felgueiras,Male,Coach,C,TLS,Timor-Leste,Democratic Republic of Timor-Leste,Taekwondo,,1985-02-12
1956202,True,LUZON Guy,Male,Head Coach,C,ISR,Israel,Israel,Football,Men,1975-08-17
1956206,True,CHOEN Haim,Male,Assistant Coach,C,ISR,Israel,Israel,Football,,
1956383,True,BUTALA-KOVACIC Petra,Female,Coach,C,SRB,Serbia,Serbia,Taekwondo,,1988-02-29
1956384,True,JOVIC Dragan,Male,Coach,C,SRB,Serbia,Serbia,Taekwondo,,1969-05-21
1956385,True,SAVICEVIC Veljko,Male,Coach,C,SRB,Serbia,Serbia,Taekwondo,,1978-08-19
1956422,True,BUCHNIK Victor,Male,Goalkeeper Coach,C,ISR,Israel,Israel,Football,,
1956472,True,BILIC Darko,Male,Assistant Coach,C,SRB,Serbia,Serbia,Water Polo,Men,1978-03-06
1956473,True,CIRIC Stefan,Male,Assistant Coach,C,SRB,Serbia,Serbia,Water Polo,Men,1985-08-15
1956476,True,STEVANOVIC Uros,Male,Head Coach,C,SRB,Serbia,Serbia,Water Polo,Men,1982-10-08
1956655,True,TAAFFE Robert,Male,Coach,C,IRL,Ireland,Ireland,Taekwondo,,1981-11-07
1956699,True,NSILU DILANDU Leroy,Male,Coach,C,IRL,Ireland,Ireland,Taekwondo,,2002-05-22
1956722,True,EFTIMOV Aleksandar,Male,Coach,C,MKD,North Macedonia,North Macedonia,Taekwondo,,1986-02-25
1957027,True,ADEL MOSTAFA,Male,Assistant Coach,C,EGY,Egypt,Egypt,Football,Men,1982-02-01
1957190,True,FUJIKI Mayuko,Female,Coach,C,ESP,Spain,Spain,Artistic Swimming,Team,1975-06-21
1957191,True,JIMENEZ NIETO Cecilia,Female,Coach,C,ESP,Spain,Spain,Artistic Swimming,Duet,1995-07-27
1957192,True,REQUENA PERICAS Judit,Female,Coach,C,ESP,Spain,Spain,Artistic Swimming,Team,1992-11-26
1957193,True,VEGA HERRERO Anna,Female,Coach,C,ESP,Spain,Spain,Artistic Swimming,,1979-01-12
1957222,True,ANDREO GABAN Angel Luis,Male,Assistant Coach,C,ESP,Spain,Spain,Water Polo,Women,1972-12-03
1957223,True,APARICIO SUNEN Antonio Francisco,Male,Assistant Coach,C,ESP,Spain,Spain,Water Polo,Men,1960-03-08
1957224,True,IVANOV PIRALKOV Svilen,Male,Assistant Coach,C,ESP,Spain,Spain,Water Polo,Men,1975-04-08
1957225,True,MARTIN LOZANO David,Male,Head Coach,C,ESP,Spain,Spain,Water Polo,Men,1977-01-02
1957226,True,OCA GAIA Miguel Angel,Male,Head Coach,C,ESP,Spain,Spain,Water Polo,Women,1970-04-15
1957227,True,VALLS NART Jordi,Male,Assistant Coach,C,ESP,Spain,Spain,Water Polo,Women,1977-11-04
1957429,True,KERTESZNE BORKAI Anita,Female,Coach,C,HUN,Hungary,Hungary,Artistic Gymnastics,,1969-11-14
1957645,True,CAMPODONICO Marco,Male,Coach,C,ITA,Italy,Italy,Artistic Gymnastics,,1963-05-21
1957768,True,CASELLA Enrico,Male,Coach,C,ITA,Italy,Italy,Artistic Gymnastics,,1957-01-28
1958557,True,ZHOU Tianke,Female,Coach,C,LAO,Lao PDR,Lao People's Democratic Republic,Rhythmic Gymnastics,,1977-10-21
1958748,True,ALLER CARBALLO Manuel Angel,Male,Coach,C,ESP,Spain,Spain,Basketball,,1963-04-17
1958749,True,CAMPS SAN JOSE Salvador,Male,Coach,C,ESP,Spain,Spain,Basketball,,1979-05-19
1958751,True,FERNANDEZ TARGARONA Isaac,Male,Coach,C,ESP,Spain,Spain,Basketball,,1980-01-18
1958752,True,GARCIA GUADARRAMA Victor Jesus,Male,Coach,C,ESP,Spain,Spain,Basketball,,1980-02-06
1958754,True,GUIL Luis,Male,Assistant Coach,C,ESP,Spain,Spain,Basketball,Men,1971-07-16
1958756,True,MENDEZ Miguel,Male,Coach,C,ESP,Spain,Spain,Basketball,Women,1967-03-02
1958758,True,REY Luis,Male,Assistant Coach,C,ESP,Spain,Spain,Basketball,Women,1964-08-28
1958760,True,PRADO BRANAS Joaquin,Male,Coach,C,ESP,Spain,Spain,Basketball,,1976-03-17
1958761,True,SANCHEZ CANETE CALVO Angel Luis,Male,Assistant Coach,C,ESP,Spain,Spain,Basketball,Men,1969-12-09
1958763,True,SCARIOLO Sergio,Male,Coach,C,ESP,Spain,Spain,Basketball,Men,1961-04-01
1958764,True,URIETA GUTIERREZ Madelen,Female,Assistant Coach,C,ESP,Spain,Spain,Basketball,,1981-08-21
1959349,True,CAREY Brian,Male,Coach,C,USA,United States,United States of America,Artistic Gymnastics,,1973-09-22
1959353,True,LANDI Cecile,Female,Coach,C,USA,United States,United States of America,Artistic Gymnastics,,1979-10-03
1959368,True,BRECKENRIDGE Grant,Male,Coach,C,USA,United States,United States of America,Artistic Gymnastics,,1997-04-08
1959369,True,SUN Sonia,Female,Coach,C,USA,United States,United States of America,Artistic Gymnastics,,1977-01-26
1959382,True,GRABA Jess,Male,Coach,C,USA,United States,United States of America,Artistic Gymnastics,,1968-12-26
1959384,True,GAARENSTROOM Jordan,Male,Coach,C,USA,United States,United States of America,Artistic Gymnastics,,1992-01-14
1959395,True,LANDI Laurent,Male,Coach,C,USA,United States,United States of America,Artistic Gymnastics,,1977-10-18
1959400,True,KLIMOUK Natalia,Female,Coach,C,USA,United States,United States of America,Rhythmic Gymnastics,,1968-01-09
1959405,True,CAESAR Syque,Male,Coach,C,USA,United States,United States of America,Artistic Gymnastics,,1990-08-22
1959412,True,MIKULAK Sam,Male,Coach,C,USA,United States,United States of America,Artistic Gymnastics,,1992-10-13
1959432,True,LIUKIN Valeri,Male,Coach,C,USA,United States,United States of America,Artistic Gymnastics,,1966-12-17
1960844,True,BARRIEAU Jocelyn,Female,Assistant Coach,C,CAN,Canada,Canada,Rugby Sevens,Women,1982-02-09
1960845,True,HANRATTY Jack,Male,Head Coach,C,CAN,Canada,Canada,Rugby Sevens,Women,1989-05-09
1960848,True,MONAGHAN Iain,Male,Assistant Coach,C,CAN,Canada,Canada,Rugby Sevens,Women,1980-08-08
1960860,True,JOYCE Jenn,Female,Assistant Coach,C,CAN,Canada,Canada,Rugby Sevens,Women,
1961375,True,KONE Thierry,Male,Coach,C,CIV,Côte d'Ivoire,Côte d'Ivoire,Taekwondo,,1981-07-01
1961586,True,VOLAVOLA Timoci,Male,Assistant Coach,C,FIJ,Fiji,Fiji,Rugby Sevens,Women,1978-09-27
1961712,True,TUIFUA Tevita,Male,Head Coach,C,TGA,Tonga,Tonga,Rugby Sevens,,1975-10-15
1961720,True,OTUMULI Mavae,Male,Head Coach,C,TGA,Tonga,Tonga,Rugby Sevens,,1984-07-22
1961741,True,VAIANGINA Ekitino,Male,Head Coach,C,TGA,Tonga,Tonga,Rugby Sevens,,1970-03-09
1961751,True,LIUTAI Malika,Male,Head Coach,C,TGA,Tonga,Tonga,Rugby Sevens,,1964-02-07
1961912,True,FULI Saiasi,Male,Head Coach,C,FIJ,Fiji,Fiji,Rugby Sevens,Women,1978-03-16
1962265,True,TOPPING James,Male,Head Coach,C,IRL,Ireland,Ireland,Rugby Sevens,Men,1974-12-18
1962452,True,TEMPLE-JONES Allan,Male,Head Coach,C,IRL,Ireland,Ireland,Rugby Sevens,Women,1981-01-23
1962481,True,WONG Ka Wing,Male,Coach,C,HKG,"Hong Kong, China","Hong Kong, China",Taekwondo,,1974-08-06
1963019,True,MICALE Rogerio,Male,Head Coach,C,EGY,Egypt,Egypt,Football,Men,1969-03-28
1963171,True,LERGA Javier,Male,Assistant Coach,C,ESP,Spain,Spain,Football,,1979-08-10
1963174,True,SANCHEZ Carlos,Male,Goalkeeper Coach,C,ESP,Spain,Spain,Football,,1978-01-19
1963175,True,TOME Montse,Female,Head Coach,C,ESP,Spain,Spain,Football,Women,1982-05-11
1963555,True,BAYER Steven,Male,Coach,C,BEL,Belgium,Belgium,Hockey,,1978-02-27
1963556,True,WHITE Tim,Male,Assistant Coach,C,BEL,Belgium,Belgium,Hockey,,1966-02-26
1963627,True,LOPEZ ROMERO Victor Hugo,Male,Assistant Coach,C,JPN,Japan,Japan,Handball,Men,1982-11-23
1963628,True,ORTEGA PEREZ Antonio Carlos,Male,Head Coach,C,JPN,Japan,Japan,Handball,Men,1971-07-14
1964423,True,ROCHA de REZENDE Bernardo,Male,Head Coach,C,BRA,Brazil,Brazil,Volleyball,Men,1959-08-25
1964448,True,RIBAS Giuliano,Male,Assistant Coach,C,BRA,Brazil,Brazil,Volleyball,Men,
1964453,True,LAGES GUIMARAES Jose Roberto,Male,Head Coach,C,BRA,Brazil,Brazil,Volleyball,Women,1954-07-31
1964473,True,DO REGO BARROS JUNIOR Paulo,Male,Assistant Coach,C,BRA,Brazil,Brazil,Volleyball,Women,
1964481,True,LEONALDO Roberley Luiz,Male,Assistant Coach,C,BRA,Brazil,Brazil,Volleyball,Men,
1964485,True,TABACH Ricardo,Male,Assistant Coach,C,BRA,Brazil,Brazil,Volleyball,Men,
1964492,True,COPPINI FERNANDES Wagner Luiz,Male,Assistant Coach,C,BRA,Brazil,Brazil,Volleyball,Women,
1965161,True,KEET Marcelle,Female,Assistant Coach,C,RSA,South Africa,South Africa,Hockey,,1984-10-25
1965168,True,BONNET Giles,Male,Head Coach,C,RSA,South Africa,South Africa,Hockey,,1965-02-10
1965644,True,GIL Carlos,Male,Coach,C,PAN,Panama,Panama,Artistic Gymnastics,,1985-06-12
1967242,True,LAWRENCE Natalie,Female,Assistant Coach,C,NZL,New Zealand,New Zealand,Football,,1984-07-05
1967254,True,HERST Jen,Female,Goalkeeper Coach,C,CAN,Canada,Canada,Football,,1986-04-29
1967256,True,MANDER Jasmine,Female,Assistant Coach,C,CAN,Canada,Canada,Football,,1995-05-23
1967258,True,PRIESTMAN Bev,Female,Head Coach,C,CAN,Canada,Canada,Football,Women,1986-04-28
1967262,True,SPENCE Andy,Male,Assistant Coach,C,CAN,Canada,Canada,Football,,1983-01-08
1967313,True,PARK Jae,Male,Coach,C,CAN,Canada,Canada,Taekwondo,,1969-04-19
1967315,True,THORNTON Daniel,Male,Coach,C,CAN,Canada,Canada,Taekwondo,,1974-04-21
1967332,True,LIMA Brian,Male,Head Coach,C,SAM,Samoa,Samoa,Rugby Sevens,Men,1972-01-25
1967468,True,PARADELO David,Male,Head Coach,C,CAN,Canada,Canada,Water Polo,Women,1985-10-07
1967471,True,POSTERIVO Stefano,Male,Assistant Coach,C,CAN,Canada,Canada,Water Polo,Women,1967-11-02
1967472,True,CAMPBELL Cora,Female,Assistant Coach,C,CAN,Canada,Canada,Water Polo,Women,1974-05-28
1967642,True,IGLESIAS Rodrigo,Male,Assistant Coach,C,BRA,Brazil,Brazil,Football,,
1967672,True,ALCANTARA Edson,Male,Goalkeeper Coach,C,BRA,Brazil,Brazil,Football,,
1967683,True,ELIAS Arthur,Male,Head Coach,C,BRA,Brazil,Brazil,Football,Women,1981-08-05
1968210,True,LALOMILO Faamaoni,Male,Assistant Coach,C,SAM,Samoa,Samoa,Rugby Sevens,Men,1971-01-30
1968247,True,CIRKOVIC Vedran,Male,Assistant Coach,C,AUS,Australia,Australia,Water Polo,Men,1988-03-14
1968453,True,CHERNETSKA Nataliya,Female,Coach,C,GRE,Greece,Greece,Artistic Swimming,Duet,1974-04-01
1968484,True,KAMMENOU Alexia Anna,Female,Head Coach,C,GRE,Greece,Greece,Water Polo,Women,1969-07-25
1968489,True,LEMPESIS Xenofon,Male,Assistant Coach,C,GRE,Greece,Greece,Water Polo,Women,1972-12-16
1968491,True,PYRPYRIS Anastasios,Male,Assistant Coach,C,GRE,Greece,Greece,Water Polo,Women,1983-04-15
1968492,True,SCHIZAS Anastasios,Male,Assistant Coach,C,GRE,Greece,Greece,Water Polo,Men,1977-02-18
1968495,True,VLACHOS Theodoros,Male,Head Coach,C,GRE,Greece,Greece,Water Polo,Men,1969-07-09
1968531,True,KANTZOURIS Ilias,Male,Assistant Coach,C,GRE,Greece,Greece,Basketball,Men,1973-08-11
1968540,True,SPANOULIS Vasilis,Male,Coach,C,GRE,Greece,Greece,Basketball,Men,1982-08-07
1968567,True,RAFTIS Dimitrios,Male,Coach,C,GRE,Greece,Greece,Artistic Gymnastics,,1967-12-19
1968759,True,JENNINGS Stephen,Male,Coach,C,EOR,EOR,Refugee Olympic Team,Taekwondo,,1981-12-25
1968802,True,FJELLSTROM Jens,Male,Assistant Coach,C,AUS,Australia,Australia,Football,Women,1966-10-27
1968822,True,ANDREATTA Mel,Female,Assistant Coach,C,AUS,Australia,Australia,Football,Women,1979-01-26
1968838,True,GUSTAVSSON Tony,Male,Head Coach,C,AUS,Australia,Australia,Football,Women,1973-08-14
1968868,True,van ECK Richard,Male,Assistant Coach,C,NED,Netherlands,Netherlands,Water Polo,Women,1983-03-08
1968871,True,DOUDESIS Eva,Male,Head Coach,C,NED,Netherlands,Netherlands,Water Polo,Women,1985-03-12
1968964,True,MOGHANLOU Bijan,Male,Coach,C,EGY,Egypt,Egypt,Taekwondo,,1969-10-21
1969275,True,SICOT David Patrick,Male,Coach,C,LBN,Lebanon,Lebanon,Taekwondo,,1985-10-24
1969357,True,SEKTIOUI Tarik,Male,Head Coach,C,MAR,Morocco,Morocco,Football,Men,
1969386,True,HADJI Youssouf,Male,Assistant Coach,C,MAR,Morocco,Morocco,Football,,1980-02-25
1969466,True,BADAWI Ghanem,Male,Coach,C,SYR,Syria,Syrian Arab Republic,Artistic Gymnastics,,1980-04-01
1970225,True,van der VEEN Jose,Female,Coach,C,NED,Netherlands,Netherlands,Artistic Gymnastics,,1977-05-18
1970227,True,WEVERS Vincent,Male,Coach,C,NED,Netherlands,Netherlands,Artistic Gymnastics,,1962-09-28
1970228,True,den UIJL Kevin,Male,Coach,C,NED,Netherlands,Netherlands,Artistic Gymnastics,,1995-08-22
1970229,True,JACOBS Jeroen,Male,Coach,C,NED,Netherlands,Netherlands,Artistic Gymnastics,,1971-11-21
1970235,True,KLEUSKENS Marcel,Male,Coach,C,NED,Netherlands,Netherlands,Artistic Gymnastics,,1982-04-17
1970236,True,KNIBBELER Daniel,Male,Coach,C,NED,Netherlands,Netherlands,Artistic Gymnastics,,1980-02-10
1970237,True,van MELDERT Dirk Jan,Male,Coach,C,NED,Netherlands,Netherlands,Artistic Gymnastics,,1965-12-03
1970317,True,CLARIJS Ricardo,Male,Assistant Coach,C,NED,Netherlands,Netherlands,Handball,Women,1990-04-22
1970322,True,JOHANSSON Per,Male,Head Coach,C,NED,Netherlands,Netherlands,Handball,Women,1970-11-10
1970733,True,GOUTSEVA Anastasia,Female,Coach,C,GRE,Greece,Greece,Artistic Swimming,Duet,1975-04-29
1970859,True,SOKOLOVA Natalia,Female,Coach,C,CYP,Cyprus,Cyprus,Rhythmic Gymnastics,,1976-06-14
1970880,True,OGEYINGBO Ayodeji,Male,Coach,C,NGR,Nigeria,Nigeria,Basketball,,1994-06-30
1970974,True,DERAEDT Laurent,Male,Goalkeeper Coach,C,MAR,Morocco,Morocco,Football,,1973-10-20
1971523,True,LESZNER Joe,Male,Coach,C,CAN,Canada,Canada,Archery,,
1972037,True,TICHELMAN Thomas,Male,Assistant Coach,C,NED,Netherlands,Netherlands,Hockey,,1960-03-22
1972052,True,van ASS Paul,Male,Head Coach,C,NED,Netherlands,Netherlands,Hockey,,1960-08-16
1972055,True,DELMEE Jeroen,Male,Head Coach,C,NED,Netherlands,Netherlands,Hockey,,1973-03-08
1972056,True,VERBOOM Eric,Male,Assistant Coach,C,NED,Netherlands,Netherlands,Hockey,,1970-02-01
1972359,True,ALIYEVA Kamilla,Female,Coach,C,AZE,Azerbaijan,Azerbaijan,Rhythmic Gymnastics,,2006-04-03
1972419,True,VILYAYEVA Yevgeniya,Female,Coach,C,AZE,Azerbaijan,Azerbaijan,Rhythmic Gymnastics,,1994-01-08
1972423,True,VASILEVA Siyana,Female,Coach,C,AZE,Azerbaijan,Azerbaijan,Rhythmic Gymnastics,,1996-03-03
1972426,True,GULIYEV Kamil,Male,Coach,C,AZE,Azerbaijan,Azerbaijan,Rhythmic Gymnastics,,1993-09-21
1972427,True,KARIMLI Akif,Male,Coach,C,AZE,Azerbaijan,Azerbaijan,Rhythmic Gymnastics,,1995-03-25
1972461,True,JAUMA CAYUELA Esther,Female,Coach,C,NED,Netherlands,Netherlands,Artistic Swimming,Duet,1970-05-07
1972652,True,GIE Cheslyn,Male,Head Coach,C,RSA,South Africa,South Africa,Hockey,,1975-07-30
1972655,True,NTULI Siphesihle,Male,Assistant Coach,C,RSA,South Africa,South Africa,Hockey,,1989-01-29
1972933,True,GOMEZ Ibai,Male,Head Coach,C,DOM,Dominican Republic,Dominican Republic,Football,Men,1989-11-11
1972934,True,RAMOS SANCHEZ Antonio,Male,Coach,C,CIV,Côte d'Ivoire,Côte d'Ivoire,Taekwondo,,1976-08-18
1972992,True,AMOREBIETA Fernando,Male,Assistant Coach,C,DOM,Dominican Republic,Dominican Republic,Football,,1985-03-29
1973058,True,BRITEZ Cristhian,Male,Goalkeeper Coach,C,DOM,Dominican Republic,Dominican Republic,Football,,1984-09-25
1973138,True,BALAN Adrian,Male,Coach,C,CAN,Canada,Canada,Artistic Gymnastics,,1971-05-04
1973147,True,COWAN Lisa,Female,Coach,C,CAN,Canada,Canada,Artistic Gymnastics,,1969-08-03
1973162,True,KIKUCHI David,Male,Coach,C,CAN,Canada,Canada,Artistic Gymnastics,,1979-12-27
1973180,True,van HOOF Ed,Male,Coach,C,CAN,Canada,Canada,Artistic Gymnastics,,1956-08-22
1973374,True,FALSETTA Ross,Male,Coach,C,GBR,Great Britain,Great Britain,Artistic Gymnastics,,1985-10-02
1973377,True,DENG Ajou,Male,Assistant Coach,C,SSD,South Sudan,South Sudan,Basketball,,1978-12-24
1973378,True,WIGNALL Rachel,Female,Coach,C,GBR,Great Britain,Great Britain,Artistic Gymnastics,,1989-08-07
1973524,True,MEIJER Eric,Male,Assistant Coach,C,NED,Netherlands,Netherlands,Volleyball,Women,1989-09-26
1973525,True,KOSLOWSKI Felix,Male,Head Coach,C,NED,Netherlands,Netherlands,Volleyball,Women,1984-03-18
1973532,True,FERRER CUTINO Gil,Male,Assistant Coach,C,NED,Netherlands,Netherlands,Volleyball,Women,1971-10-11
1973576,True,IVEY Royal,Male,Coach,C,SSD,South Sudan,South Sudan,Basketball,Men,1981-12-20
1973651,True,KOUDI Mandela,Male,Coach,C,SSD,South Sudan,South Sudan,Basketball,,1991-11-21
1973693,True,CHIEJINE Ann,Female,Assistant Coach,C,NGR,Nigeria,Nigeria,Football,,1974-02-02
1974021,True,KULESZA Kasia,Female,Coach,C,CAN,Canada,Canada,Artistic Swimming,Duet,1976-08-29
1974022,True,MORGAN Kerri,Female,Coach,C,CAN,Canada,Canada,Artistic Swimming,Duet,1971-06-04
1974025,True,VOLOSHYNA Anna,Female,Coach,C,CAN,Canada,Canada,Artistic Swimming,Team,1991-09-26
1974026,True,YAKHNO Yelyzaveta,Female,Coach,C,CAN,Canada,Canada,Artistic Swimming,Team,1998-06-04
1974386,True,SAWADOGO Rasmane,Male,Coach,C,BUR,Burkina Faso,Burkina Faso,Taekwondo,,1965-06-25
1974755,True,BAUR Steve,Male,Assistant Coach,C,CAN,Canada,Canada,Basketball,Women,1979-03-31
1974756,True,BJORKGREN Nate,Male,Assistant Coach,C,CAN,Canada,Canada,Basketball,Men,1975-06-20
1974757,True,CLARKE Carly,Female,Coach,C,CAN,Canada,Canada,Basketball,,1983-03-07
1974760,True,FERNANDEZ Jordi,Male,Coach,C,CAN,Canada,Canada,Basketball,Men,1982-12-27
1974766,True,LAPENA Victor,Male,Coach,C,CAN,Canada,Canada,Basketball,Women,1975-03-12
1974769,True,MITCHELL Nathaniel,Male,Assistant Coach,C,CAN,Canada,Canada,Basketball,,1986-06-27
1974771,True,N'DONG Boniface,Male,Coach,C,CAN,Canada,Canada,Basketball,,1977-09-03
1974772,True,PAGE Murriel,Female,Coach,C,CAN,Canada,Canada,Basketball,,1975-09-18
1974773,True,QUINN Noelle,Female,Assistant Coach,C,CAN,Canada,Canada,Basketball,,1985-01-03
1975398,True,DENG Luol,Male,Assistant Coach,C,SSD,South Sudan,South Sudan,Basketball,Men,1985-04-16
1975920,True,CASTANEDA Allen Aldrin,Male,Coach,C,PHI,Philippines,Philippines,Artistic Gymnastics,,1972-07-20
1975923,True,HRYBANOV Andrii,Male,Coach,C,ISR,Israel,Israel,Artistic Gymnastics,,1970-10-01
1975934,True,GRIFFETH Garrett Stephen,Male,Coach,C,PHI,Philippines,Philippines,Artistic Gymnastics,,1986-08-13
1977071,True,ABAD EXPOSITO Iker Miquel,Male,Coach,C,IRL,Ireland,Ireland,Taekwondo,,2004-07-24
1977388,True,WALDRUM Randy,Male,Head Coach,C,NGR,Nigeria,Nigeria,Football,Women,1956-09-25
1977689,True,DIAWARA Kaba,Male,Head Coach,C,GUI,Guinea,Guinea,Football,Men,1975-12-16
1978161,True,CAPELLI Claudio,Male,Coach,C,SUI,Switzerland,Switzerland,Artistic Gymnastics,,1986-11-16
1978215,True,GUELZEC Laurent,Male,Coach,C,SUI,Switzerland,Switzerland,Artistic Gymnastics,,1971-04-22
1978259,True,KISTLER Frank,Male,Coach,C,SUI,Switzerland,Switzerland,Artistic Gymnastics,,1984-10-08
1978688,True,MUNOZ BENITEZ Fernando,Male,Head Coach,C,EGY,Egypt,Egypt,Volleyball,Men,1970-07-27
1980774,True,KIM Myong Hwa,Female,Coach,C,PRK,DPR Korea,Democratic People's Republic of Korea,Artistic Gymnastics,,1971-03-02
1980904,True,TRAJKOVIC Ivan Konrad,Male,Coach,C,SLO,Slovenia,Slovenia,Taekwondo,,1991-09-01
1980943,True,PAVLIC Aljaz,Male,Assistant Coach,C,SLO,Slovenia,Slovenia,Handball,Women,1979-01-18
1980962,True,MIJATOVIC Branka,Female,Assistant Coach,C,SLO,Slovenia,Slovenia,Handball,Women,1973-07-19
1980979,True,ADZIC Dragan,Male,Head Coach,C,SLO,Slovenia,Slovenia,Handball,Women,1969-12-13
1980981,True,DROZHANOVA Elena,Female,Coach,C,SLO,Slovenia,Slovenia,Rhythmic Gymnastics,,1976-06-24
1980987,True,CRETU Gheorghe,Male,Head Coach,C,SLO,Slovenia,Slovenia,Volleyball,Men,1968-08-08
1980990,True,DIVKOVIC Goran,Male,Coach,C,SLO,Slovenia,Slovenia,Taekwondo,,1973-01-23
1981325,True,ZVIZEJ Luka,Male,Assistant Coach,C,SLO,Slovenia,Slovenia,Handball,Men,1980-12-09
1981356,True,de CECCO Matteo,Male,Assistant Coach,C,SLO,Slovenia,Slovenia,Volleyball,Men,1969-01-23
1981649,True,RETELJ Natasa,Female,Coach,C,SLO,Slovenia,Slovenia,Artistic Gymnastics,,1977-09-12
1981689,True,ZORMAN Uros,Male,Head Coach,C,SLO,Slovenia,Slovenia,Handball,Men,1980-01-09
1981697,True,KEDACIC Zoran,Male,Assistant Coach,C,SLO,Slovenia,Slovenia,Volleyball,Men,1984-04-06
1986732,True,MUGANGUZI Wani,Male,Assistant Coach,C,NGR,Nigeria,Nigeria,Basketball,Women,1990-06-26
2041085,True,FITZGERALD David,Male,Coach,C,IRL,Ireland,Ireland,Hockey,,1986-10-08
2476695,True,BAM Jenna,Female,Head Coach,C,RSA,South Africa,South Africa,Rugby Sevens,,1996-12-10
3057892,True,FALAHATGAR ETMINANI Davoud,Male,Coach,C,BUL,Bulgaria,Bulgaria,Taekwondo,,1980-06-21
3430822,True,PETROVIC Aleksandar,Male,Coach,C,BRA,Brazil,Brazil,Basketball,Men,1959-02-16
3496078,True,GORIATCHKINE Ivan,Male,Coach,C,PHI,Philippines,Philippines,Artistic Gymnastics,,1995-03-25
3520243,True,BASILE Leonardo,Male,Coach,C,EOR,EOR,Refugee Olympic Team,Taekwondo,,1983-05-12
3528052,True,VICTOR John,Male,Coach,C,NGR,Nigeria,Nigeria,Taekwondo,,1977-05-22
3538853,True,DONNELLY Peter,Male,Assistant Coach,C,IRL,Ireland,Ireland,Rugby Sevens,Men,1983-01-12
3539442,True,CARSON Luke,Male,Coach,C,IRL,Ireland,Ireland,Artistic Gymnastics,,1989-10-23
3544158,True,GORBACHEV Stepan,Male,Coach,C,UKR,Ukraine,Ukraine,Artistic Gymnastics,,1983-10-02
3545804,True,MARAJAN Sabit,Male,Coach,C,SSD,South Sudan,South Sudan,Taekwondo,,1958-01-01
3546458,True,DIAWARA Fousseni,Male,Assistant Coach,C,GUI,Guinea,Guinea,Football,Men,1980-08-28
3546645,True,CAUKAUNIVALU Setefano,Male,Assistant Coach,C,FIJ,Fiji,Fiji,Rugby Sevens,Men,1978-09-03
3561918,True,GRANDES Pablo,Male,Assistant Coach,C,IRQ,Iraq,Iraq,Football,,1986-10-14
4043244,True,FONG Lerissa,Female,Head Coach,C,SAM,Samoa,Samoa,Rugby Sevens,,1982-05-13
4043245,True,POMARE Sapani,Male,Head Coach,C,SAM,Samoa,Samoa,Rugby Sevens,,1969-10-25
4043246,True,FAALUPEGA Avii,Female,Head Coach,C,SAM,Samoa,Samoa,Rugby Sevens,,1986-03-26
4044836,True,DAVID EP CHIRILCENCO Georgeta,Female,Coach,C,ALG,Algeria,Algeria,Artistic Gymnastics,,1974-03-10
4119109,True,ELZEFTAWEY Tarek,Male,Assistant Coach,C,EGY,Egypt,Egypt,Volleyball,Men,1975-04-12
4645809,True,GAARENSTROOM Jordan Jon,Male,Coach,C,SYR,Syria,Syrian Arab Republic,Artistic Gymnastics,,1992-01-14
4646497,True,PROST KOSIR Primoz,Male,Assistant Coach,C,SLO,Slovenia,Slovenia,Handball,Men,1983-07-14
4649776,True,TRAORE Alioune,Male,Coach,C,MLI,Mali,Mali,Taekwondo,,1962-06-14
4653058,True,COCCIA Kristina,Female,Coach,C,HAI,Haiti,Haiti,Artistic Gymnastics,,1988-12-19
4653997,True,KAMKASOUMPHOU Ekvara,Male,Coach,C,MLI,Mali,Mali,Taekwondo,,1975-04-12
4658462,True,KHAJAVI Naeima,Male,Coach,C,EGY,Egypt,Egypt,Taekwondo,,1965-09-19
4847471,True,LAWSON Franck,Male,Coach,C,BUR,Burkina Faso,Burkina Faso,Taekwondo,,1976-09-23
4968759,True,Mc DONALD Janelle Leigh,Female,Coach,C,PHI,Philippines,Philippines,Artistic Gymnastics,,1982-12-21
4968917,True,QUESNEL Yannick,Male,Goalkeeper Coach,C,GUI,Guinea,Guinea,Football,Men,1973-10-24
4976780,True,TANSKANEN Juha Petteri,Male,Coach,C,SYR,Syria,Syrian Arab Republic,Artistic Gymnastics,,1971-02-03
5016082,True,CHOUBA Jaouad,Female,Coach,C,GBS,Guinea-Bissau,Guinea-Bissau,Taekwondo,,1982-11-02
9230002,True,HERDEIRO Alvaro Francisco,Male,Assistant Coach,C,BRA,Brazil,Brazil,Handball,Women,1969-06-23
9230003,True,MAROJA Gabriel Augusto,Male,Assistant Coach,C,BRA,Brazil,Brazil,Handball,Women,1996-05-07
9230006,True,ALONSO BERNARDO Jessica,Female,Assistant Coach,C,ESP,Spain,Spain,Handball,Women,1983-09-20
9230010,True,LARSSON Thomas Erik Daniel,Male,Assistant Coach,C,NED,Netherlands,Netherlands,Handball,Women,
9230012,True,CAROU Gonzalo,Male,Assistant Coach,C,ARG,Argentina,Argentina,Handball,Men,
9230013,True,CAZON Guillermo,Male,Assistant Coach,C,ARG,Argentina,Argentina,Handball,Men,
9230017,True,CAAMANO Juan,Male,Assistant Coach,C,ESP,Spain,Spain,Handball,Men,1990-12-06
9230018,True,TORRESCUSA Ignacio,Male,Assistant Coach,C,ESP,Spain,Spain,Handball,Men,1994-07-21
9230020,True,GJERDE Joar,Male,Assistant Coach,C,NOR,Norway,Norway,Handball,Women,1988-11-01
9390001,True,BONDAR Vladyslav,Male,Coach,C,BUR,Burkina Faso,Burkina Faso,Taekwondo,,1998-03-26
9430008,True,CICHELLO Juan Manuel,Male,Assistant Coach,C,ITA,Italy,Italy,Volleyball,Women,
9450042,True,VASSILIADES Emmanuel,Male,Assistant Coach,C,GRE,Greece,Greece,Water Polo,Men,1979-08-03
