date,stage_code,event_code,event_name,event_stage,stage,gender,discipline_name,discipline_code,venue,participant_code,participant_name,participant_type,participant_country_code,participant_country,rank,result,result_type,result_diff,qualification_mark,start_order
2024-08-09T12:30:56+02:00,DIVM10M---------------PREL000100--,DIVM10M,Men's 10m Platform,Men's 10m Platform Preliminary,Preliminary,M,Diving,DIV,Aquatics Centre,1901556,CAO Yuan,Person,CHN,China,1.0,500.15,POINTS,,Q,5
2024-08-09T12:30:56+02:00,DIVM10M---------------PREL000100--,DIVM10M,Men's 10m Platform,Men's 10m Platform Preliminary,Preliminary,M,Diving,DIV,Aquatics Centre,1891685,TAMAI Rikuto,Person,JPN,Japan,2.0,497.15,POINTS,3.00,Q,11
2024-08-09T12:30:56+02:00,DIVM10M---------------PREL000100--,DIVM10M,Men's 10m Platform,Men's 10m Platform Preliminary,Preliminary,M,Diving,DIV,Aquatics Centre,1959146,WIENS Rylan,Person,CAN,Canada,3.0,485.25,POINTS,14.90,Q,22
2024-08-09T12:30:56+02:00,DIVM10M---------------PREL000100--,DIVM10M,Men's 10m Platform,Men's 10m Platform Preliminary,Preliminary,M,Diving,DIV,Aquatics Centre,1901554,YANG Hao,Person,CHN,China,4.0,479.80,POINTS,20.35,Q,10
2024-08-09T12:30:56+02:00,DIVM10M---------------PREL000100--,DIVM10M,Men's 10m Platform,Men's 10m Platform Preliminary,Preliminary,M,Diving,DIV,Aquatics Centre,1897456,SEREDA Oleksii,Person,UKR,Ukraine,5.0,479.45,POINTS,20.70,Q,18
2024-08-09T12:30:56+02:00,DIVM10M---------------PREL000100--,DIVM10M,Men's 10m Platform,Men's 10m Platform Preliminary,Preliminary,M,Diving,DIV,Aquatics Centre,1535343,WILLARS VALDEZ Randal,Person,MEX,Mexico,6.0,460.75,POINTS,39.40,Q,9
2024-08-09T12:30:56+02:00,DIVM10M---------------PREL000100--,DIVM10M,Men's 10m Platform,Men's 10m Platform Preliminary,Preliminary,M,Diving,DIV,Aquatics Centre,1940403,ROUSSEAU Cassiel,Person,AUS,Australia,7.0,453.10,POINTS,47.05,Q,8
2024-08-09T12:30:56+02:00,DIVM10M---------------PREL000100--,DIVM10M,Men's 10m Platform,Men's 10m Platform Preliminary,Preliminary,M,Diving,DIV,Aquatics Centre,1900857,WILLIAMS Noah,Person,GBR,Great Britain,8.0,446.70,POINTS,53.45,Q,16
2024-08-09T12:30:56+02:00,DIVM10M---------------PREL000100--,DIVM10M,Men's 10m Platform,Men's 10m Platform Preliminary,Preliminary,M,Diving,DIV,Aquatics Centre,1900847,KOTHARI Kyle,Person,GBR,Great Britain,9.0,433.10,POINTS,67.05,Q,13
2024-08-09T12:30:56+02:00,DIVM10M---------------PREL000100--,DIVM10M,Men's 10m Platform,Men's 10m Platform Preliminary,Preliminary,M,Diving,DIV,Aquatics Centre,1959132,ZSOMBOR-MURRAY Nathan,Person,CAN,Canada,10.0,407.20,POINTS,92.95,Q,25
2024-08-09T12:30:56+02:00,DIVM10M---------------PREL000100--,DIVM10M,Men's 10m Platform,Men's 10m Platform Preliminary,Preliminary,M,Diving,DIV,Aquatics Centre,1535345,BERLIN REYES Kevin,Person,MEX,Mexico,11.0,407.15,POINTS,93.00,Q,23
2024-08-09T12:30:56+02:00,DIVM10M---------------PREL000100--,DIVM10M,Men's 10m Platform,Men's 10m Platform Preliminary,Preliminary,M,Diving,DIV,Aquatics Centre,1907200,BARTHEL Timo,Person,GER,Germany,12.0,402.65,POINTS,97.50,Q,3
2024-08-09T12:30:56+02:00,DIVM10M---------------PREL000100--,DIVM10M,Men's 10m Platform,Men's 10m Platform Preliminary,Preliminary,M,Diving,DIV,Aquatics Centre,1954192,LOSCHIAVO Brandon,Person,USA,United States,13.0,393.65,POINTS,106.50,Q,2
2024-08-09T12:30:56+02:00,DIVM10M---------------PREL000100--,DIVM10M,Men's 10m Platform,Men's 10m Platform Preliminary,Preliminary,M,Diving,DIV,Aquatics Centre,1940411,BOWSHIRE Jaxon,Person,AUS,Australia,14.0,390.30,POINTS,109.85,Q,26
2024-08-09T12:30:56+02:00,DIVM10M---------------PREL000100--,DIVM10M,Men's 10m Platform,Men's 10m Platform Preliminary,Preliminary,M,Diving,DIV,Aquatics Centre,1925693,GIOVANNINI Riccardo,Person,ITA,Italy,15.0,387.65,POINTS,112.50,Q,7
2024-08-09T12:30:56+02:00,DIVM10M---------------PREL000100--,DIVM10M,Men's 10m Platform,Men's 10m Platform Preliminary,Preliminary,M,Diving,DIV,Aquatics Centre,1925645,LARSEN Andreas Sargent,Person,ITA,Italy,16.0,369.50,POINTS,130.65,Q,12
2024-08-09T12:30:56+02:00,DIVM10M---------------PREL000100--,DIVM10M,Men's 10m Platform,Men's 10m Platform Preliminary,Preliminary,M,Diving,DIV,Aquatics Centre,1901688,SHIN Jungwhi,Person,KOR,Korea,17.0,369.20,POINTS,130.95,Q,15
2024-08-09T12:30:56+02:00,DIVM10M---------------PREL000100--,DIVM10M,Men's 10m Platform,Men's 10m Platform Preliminary,Preliminary,M,Diving,DIV,Aquatics Centre,1879437,LUKASZEWICZ Robert,Person,POL,Poland,18.0,366.05,POINTS,134.10,Q,24
2024-08-09T12:30:56+02:00,DIVM10M---------------PREL000100--,DIVM10M,Men's 10m Platform,Men's 10m Platform Preliminary,Preliminary,M,Diving,DIV,Aquatics Centre,1954212,TYLER Carson,Person,USA,United States,19.0,363.75,POINTS,136.40,R,19
2024-08-09T12:30:56+02:00,DIVM10M---------------PREL000100--,DIVM10M,Men's 10m Platform,Men's 10m Platform Preliminary,Preliminary,M,Diving,DIV,Aquatics Centre,1544208,SOLARTE Alejandro,Person,COL,Colombia,20.0,363.10,POINTS,137.05,R,20
2024-08-09T12:30:56+02:00,DIVM10M---------------PREL000100--,DIVM10M,Men's 10m Platform,Men's 10m Platform Preliminary,Preliminary,M,Diving,DIV,Aquatics Centre,1546314,MYALIN Igor,Person,UZB,Uzbekistan,21.0,357.10,POINTS,143.05,,4
2024-08-09T12:30:56+02:00,DIVM10M---------------PREL000100--,DIVM10M,Men's 10m Platform,Men's 10m Platform Preliminary,Preliminary,M,Diving,DIV,Aquatics Centre,1980119,IM Yong Myong,Person,PRK,DPR Korea,22.0,347.10,POINTS,153.05,,6
2024-08-09T12:30:56+02:00,DIVM10M---------------PREL000100--,DIVM10M,Men's 10m Platform,Men's 10m Platform Preliminary,Preliminary,M,Diving,DIV,Aquatics Centre,1565173,KNOLL Anton,Person,AUT,Austria,23.0,321.55,POINTS,178.60,,17
2024-08-09T12:30:56+02:00,DIVM10M---------------PREL000100--,DIVM10M,Men's 10m Platform,Men's 10m Platform Preliminary,Preliminary,M,Diving,DIV,Aquatics Centre,1901648,KIM Yeongtaek,Person,KOR,Korea,24.0,320.40,POINTS,179.75,,1
2024-08-09T12:30:56+02:00,DIVM10M---------------PREL000100--,DIVM10M,Men's 10m Platform,Men's 10m Platform Preliminary,Preliminary,M,Diving,DIV,Aquatics Centre,1535914,ANAK LISES Bertrand Rhodict,Person,MAS,Malaysia,25.0,313.70,POINTS,186.45,,14
2024-08-09T12:30:56+02:00,DIVM10M---------------PREL000100--,DIVM10M,Men's 10m Platform,Men's 10m Platform Preliminary,Preliminary,M,Diving,DIV,Aquatics Centre,1889254,SOBHY Ramez,Person,EGY,Egypt,26.0,266.95,POINTS,233.20,,21
2024-08-10T11:58:16+02:00,DIVM10M---------------SFNL000100--,DIVM10M,Men's 10m Platform,Men's 10m Platform Semifinal,Semifinal,M,Diving,DIV,Aquatics Centre,1901556,CAO Yuan,Person,CHN,China,1.0,504.00,POINTS,,Q,18
2024-08-10T11:58:16+02:00,DIVM10M---------------SFNL000100--,DIVM10M,Men's 10m Platform,Men's 10m Platform Semifinal,Semifinal,M,Diving,DIV,Aquatics Centre,1901554,YANG Hao,Person,CHN,China,2.0,490.55,POINTS,13.45,Q,15
2024-08-10T11:58:16+02:00,DIVM10M---------------SFNL000100--,DIVM10M,Men's 10m Platform,Men's 10m Platform Semifinal,Semifinal,M,Diving,DIV,Aquatics Centre,1891685,TAMAI Rikuto,Person,JPN,Japan,3.0,477.00,POINTS,27.00,Q,17
2024-08-10T11:58:16+02:00,DIVM10M---------------SFNL000100--,DIVM10M,Men's 10m Platform,Men's 10m Platform Semifinal,Semifinal,M,Diving,DIV,Aquatics Centre,1940403,ROUSSEAU Cassiel,Person,AUS,Australia,4.0,469.25,POINTS,34.75,Q,12
2024-08-10T11:58:16+02:00,DIVM10M---------------SFNL000100--,DIVM10M,Men's 10m Platform,Men's 10m Platform Semifinal,Semifinal,M,Diving,DIV,Aquatics Centre,1959146,WIENS Rylan,Person,CAN,Canada,5.0,468.40,POINTS,35.60,Q,16
2024-08-10T11:58:16+02:00,DIVM10M---------------SFNL000100--,DIVM10M,Men's 10m Platform,Men's 10m Platform Semifinal,Semifinal,M,Diving,DIV,Aquatics Centre,1900847,KOTHARI Kyle,Person,GBR,Great Britain,6.0,443.55,POINTS,60.45,Q,10
2024-08-10T11:58:16+02:00,DIVM10M---------------SFNL000100--,DIVM10M,Men's 10m Platform,Men's 10m Platform Semifinal,Semifinal,M,Diving,DIV,Aquatics Centre,1535343,WILLARS VALDEZ Randal,Person,MEX,Mexico,7.0,432.45,POINTS,71.55,Q,13
2024-08-10T11:58:16+02:00,DIVM10M---------------SFNL000100--,DIVM10M,Men's 10m Platform,Men's 10m Platform Semifinal,Semifinal,M,Diving,DIV,Aquatics Centre,1535345,BERLIN REYES Kevin,Person,MEX,Mexico,8.0,428.65,POINTS,75.35,Q,8
2024-08-10T11:58:16+02:00,DIVM10M---------------SFNL000100--,DIVM10M,Men's 10m Platform,Men's 10m Platform Semifinal,Semifinal,M,Diving,DIV,Aquatics Centre,1907200,BARTHEL Timo,Person,GER,Germany,9.0,411.50,POINTS,92.50,Q,7
2024-08-10T11:58:16+02:00,DIVM10M---------------SFNL000100--,DIVM10M,Men's 10m Platform,Men's 10m Platform Semifinal,Semifinal,M,Diving,DIV,Aquatics Centre,1959132,ZSOMBOR-MURRAY Nathan,Person,CAN,Canada,10.0,410.80,POINTS,93.20,Q,9
2024-08-10T11:58:16+02:00,DIVM10M---------------SFNL000100--,DIVM10M,Men's 10m Platform,Men's 10m Platform Semifinal,Semifinal,M,Diving,DIV,Aquatics Centre,1897456,SEREDA Oleksii,Person,UKR,Ukraine,11.0,405.05,POINTS,98.95,Q,14
2024-08-10T11:58:16+02:00,DIVM10M---------------SFNL000100--,DIVM10M,Men's 10m Platform,Men's 10m Platform Semifinal,Semifinal,M,Diving,DIV,Aquatics Centre,1900857,WILLIAMS Noah,Person,GBR,Great Britain,12.0,400.90,POINTS,103.10,Q,11
2024-08-10T11:58:16+02:00,DIVM10M---------------SFNL000100--,DIVM10M,Men's 10m Platform,Men's 10m Platform Semifinal,Semifinal,M,Diving,DIV,Aquatics Centre,1925693,GIOVANNINI Riccardo,Person,ITA,Italy,13.0,400.65,POINTS,103.35,R,4
2024-08-10T11:58:16+02:00,DIVM10M---------------SFNL000100--,DIVM10M,Men's 10m Platform,Men's 10m Platform Semifinal,Semifinal,M,Diving,DIV,Aquatics Centre,1879437,LUKASZEWICZ Robert,Person,POL,Poland,14.0,396.45,POINTS,107.55,R,1
2024-08-10T11:58:16+02:00,DIVM10M---------------SFNL000100--,DIVM10M,Men's 10m Platform,Men's 10m Platform Semifinal,Semifinal,M,Diving,DIV,Aquatics Centre,1925645,LARSEN Andreas Sargent,Person,ITA,Italy,15.0,394.15,POINTS,109.85,,3
2024-08-10T11:58:16+02:00,DIVM10M---------------SFNL000100--,DIVM10M,Men's 10m Platform,Men's 10m Platform Semifinal,Semifinal,M,Diving,DIV,Aquatics Centre,1940411,BOWSHIRE Jaxon,Person,AUS,Australia,16.0,379.40,POINTS,124.60,,5
2024-08-10T11:58:16+02:00,DIVM10M---------------SFNL000100--,DIVM10M,Men's 10m Platform,Men's 10m Platform Semifinal,Semifinal,M,Diving,DIV,Aquatics Centre,1954192,LOSCHIAVO Brandon,Person,USA,United States,17.0,372.45,POINTS,131.55,,6
2024-08-10T11:58:16+02:00,DIVM10M---------------SFNL000100--,DIVM10M,Men's 10m Platform,Men's 10m Platform Semifinal,Semifinal,M,Diving,DIV,Aquatics Centre,1901688,SHIN Jungwhi,Person,KOR,Korea,18.0,290.60,POINTS,213.40,,2
2024-08-10T16:26:48+02:00,DIVM10M---------------FNL-000100--,DIVM10M,Men's 10m Platform,Men's 10m Platform Final,Final,M,Diving,DIV,Aquatics Centre,1901556,CAO Yuan,Person,CHN,China,1.0,547.50,POINTS,,,12
2024-08-10T16:26:48+02:00,DIVM10M---------------FNL-000100--,DIVM10M,Men's 10m Platform,Men's 10m Platform Final,Final,M,Diving,DIV,Aquatics Centre,1891685,TAMAI Rikuto,Person,JPN,Japan,2.0,507.65,POINTS,39.85,,10
2024-08-10T16:26:48+02:00,DIVM10M---------------FNL-000100--,DIVM10M,Men's 10m Platform,Men's 10m Platform Final,Final,M,Diving,DIV,Aquatics Centre,1900857,WILLIAMS Noah,Person,GBR,Great Britain,3.0,497.35,POINTS,50.15,,1
2024-08-10T16:26:48+02:00,DIVM10M---------------FNL-000100--,DIVM10M,Men's 10m Platform,Men's 10m Platform Final,Final,M,Diving,DIV,Aquatics Centre,1940403,ROUSSEAU Cassiel,Person,AUS,Australia,4.0,481.00,POINTS,66.50,,9
2024-08-10T16:26:48+02:00,DIVM10M---------------FNL-000100--,DIVM10M,Men's 10m Platform,Men's 10m Platform Final,Final,M,Diving,DIV,Aquatics Centre,1535343,WILLARS VALDEZ Randal,Person,MEX,Mexico,5.0,478.40,POINTS,69.10,,6
2024-08-10T16:26:48+02:00,DIVM10M---------------FNL-000100--,DIVM10M,Men's 10m Platform,Men's 10m Platform Final,Final,M,Diving,DIV,Aquatics Centre,1907200,BARTHEL Timo,Person,GER,Germany,6.0,446.20,POINTS,101.30,,4
2024-08-10T16:26:48+02:00,DIVM10M---------------FNL-000100--,DIVM10M,Men's 10m Platform,Men's 10m Platform Final,Final,M,Diving,DIV,Aquatics Centre,1959146,WIENS Rylan,Person,CAN,Canada,7.0,445.60,POINTS,101.90,,8
2024-08-10T16:26:48+02:00,DIVM10M---------------FNL-000100--,DIVM10M,Men's 10m Platform,Men's 10m Platform Final,Final,M,Diving,DIV,Aquatics Centre,1897456,SEREDA Oleksii,Person,UKR,Ukraine,8.0,426.90,POINTS,120.60,,2
2024-08-10T16:26:48+02:00,DIVM10M---------------FNL-000100--,DIVM10M,Men's 10m Platform,Men's 10m Platform Final,Final,M,Diving,DIV,Aquatics Centre,1535345,BERLIN REYES Kevin,Person,MEX,Mexico,9.0,420.65,POINTS,126.85,,5
2024-08-10T16:26:48+02:00,DIVM10M---------------FNL-000100--,DIVM10M,Men's 10m Platform,Men's 10m Platform Final,Final,M,Diving,DIV,Aquatics Centre,1959132,ZSOMBOR-MURRAY Nathan,Person,CAN,Canada,10.0,404.90,POINTS,142.60,,3
2024-08-10T16:26:48+02:00,DIVM10M---------------FNL-000100--,DIVM10M,Men's 10m Platform,Men's 10m Platform Final,Final,M,Diving,DIV,Aquatics Centre,1900847,KOTHARI Kyle,Person,GBR,Great Britain,11.0,401.55,POINTS,145.95,,7
2024-08-10T16:26:48+02:00,DIVM10M---------------FNL-000100--,DIVM10M,Men's 10m Platform,Men's 10m Platform Final,Final,M,Diving,DIV,Aquatics Centre,1901554,YANG Hao,Person,CHN,China,12.0,390.20,POINTS,157.30,,11
2024-08-06T12:11:26+02:00,DIVM3M----------------PREL000100--,DIVM3M,Men's 3m Springboard,Men's 3m Springboard Preliminary,Preliminary,M,Diving,DIV,Aquatics Centre,1901549,WANG Zongyuan,Person,CHN,China,1.0,530.65,POINTS,,Q,17
2024-08-06T12:11:26+02:00,DIVM3M----------------PREL000100--,DIVM3M,Men's 3m Springboard,Men's 3m Springboard Preliminary,Preliminary,M,Diving,DIV,Aquatics Centre,1901550,XIE Siyi,Person,CHN,China,2.0,509.60,POINTS,21.05,Q,14
2024-08-06T12:11:26+02:00,DIVM3M----------------PREL000100--,DIVM3M,Men's 3m Springboard,Men's 3m Springboard Preliminary,Preliminary,M,Diving,DIV,Aquatics Centre,1900848,LAUGHER Jack,Person,GBR,Great Britain,3.0,468.30,POINTS,62.35,Q,21
2024-08-06T12:11:26+02:00,DIVM3M----------------PREL000100--,DIVM3M,Men's 3m Springboard,Men's 3m Springboard Preliminary,Preliminary,M,Diving,DIV,Aquatics Centre,1900845,HOULDEN Jordan Christopher,Person,GBR,Great Britain,4.0,448.20,POINTS,82.45,Q,20
2024-08-06T12:11:26+02:00,DIVM3M----------------PREL000100--,DIVM3M,Men's 3m Springboard,Men's 3m Springboard Preliminary,Preliminary,M,Diving,DIV,Aquatics Centre,1535349,OLVERA IBARRA Osmar,Person,MEX,Mexico,5.0,444.15,POINTS,86.50,Q,13
2024-08-06T12:11:26+02:00,DIVM3M----------------PREL000100--,DIVM3M,Men's 3m Springboard,Men's 3m Springboard Preliminary,Preliminary,M,Diving,DIV,Aquatics Centre,1902491,BOUYER Jules,Person,FRA,France,6.0,407.30,POINTS,123.35,Q,7
2024-08-06T12:11:26+02:00,DIVM3M----------------PREL000100--,DIVM3M,Men's 3m Springboard,Men's 3m Springboard Preliminary,Preliminary,M,Diving,DIV,Aquatics Centre,1925643,MARSAGLIA Lorenzo,Person,ITA,Italy,7.0,405.05,POINTS,125.60,Q,1
2024-08-06T12:11:26+02:00,DIVM3M----------------PREL000100--,DIVM3M,Men's 3m Springboard,Men's 3m Springboard Preliminary,Preliminary,M,Diving,DIV,Aquatics Centre,1940412,MATHEWS Kurtis,Person,AUS,Australia,8.0,399.20,POINTS,131.45,Q,6
2024-08-06T12:11:26+02:00,DIVM3M----------------PREL000100--,DIVM3M,Men's 3m Springboard,Men's 3m Springboard Preliminary,Preliminary,M,Diving,DIV,Aquatics Centre,1907211,WESEMANN Moritz,Person,GER,Germany,9.0,398.70,POINTS,131.95,Q,24
2024-08-06T12:11:26+02:00,DIVM3M----------------PREL000100--,DIVM3M,Men's 3m Springboard,Men's 3m Springboard Preliminary,Preliminary,M,Diving,DIV,Aquatics Centre,1954212,TYLER Carson,Person,USA,United States,10.0,389.80,POINTS,140.85,Q,19
2024-08-06T12:11:26+02:00,DIVM3M----------------PREL000100--,DIVM3M,Men's 3m Springboard,Men's 3m Springboard Preliminary,Preliminary,M,Diving,DIV,Aquatics Centre,1891687,SAKAI Sho,Person,JPN,Japan,11.0,389.15,POINTS,141.50,Q,15
2024-08-06T12:11:26+02:00,DIVM3M----------------PREL000100--,DIVM3M,Men's 3m Springboard,Men's 3m Springboard Preliminary,Preliminary,M,Diving,DIV,Aquatics Centre,1901694,WOO Haram,Person,KOR,Korea,12.0,389.10,POINTS,141.55,Q,10
2024-08-06T12:11:26+02:00,DIVM3M----------------PREL000100--,DIVM3M,Men's 3m Springboard,Men's 3m Springboard Preliminary,Preliminary,M,Diving,DIV,Aquatics Centre,1902490,BISCH Gwendal,Person,FRA,France,13.0,387.00,POINTS,143.65,Q,2
2024-08-06T12:11:26+02:00,DIVM3M----------------PREL000100--,DIVM3M,Men's 3m Springboard,Men's 3m Springboard Preliminary,Preliminary,M,Diving,DIV,Aquatics Centre,1547004,KNIGHT-WISDOM Yona,Person,JAM,Jamaica,14.0,382.90,POINTS,147.75,Q,9
2024-08-06T12:11:26+02:00,DIVM3M----------------PREL000100--,DIVM3M,Men's 3m Springboard,Men's 3m Springboard Preliminary,Preliminary,M,Diving,DIV,Aquatics Centre,1954167,CAPOBIANCO Andrew,Person,USA,United States,15.0,382.05,POINTS,148.60,Q,22
2024-08-06T12:11:26+02:00,DIVM3M----------------PREL000100--,DIVM3M,Men's 3m Springboard,Men's 3m Springboard Preliminary,Preliminary,M,Diving,DIV,Aquatics Centre,1901698,YI Jaegyeong,Person,KOR,Korea,16.0,381.40,POINTS,149.25,Q,18
2024-08-06T12:11:26+02:00,DIVM3M----------------PREL000100--,DIVM3M,Men's 3m Springboard,Men's 3m Springboard Preliminary,Preliminary,M,Diving,DIV,Aquatics Centre,1544192,URIBE BERMUDEZ Luis Felipe,Person,COL,Colombia,17.0,375.90,POINTS,154.75,Q,4
2024-08-06T12:11:26+02:00,DIVM3M----------------PREL000100--,DIVM3M,Men's 3m Springboard,Men's 3m Springboard Preliminary,Preliminary,M,Diving,DIV,Aquatics Centre,1944004,RUVALCABA Jonathan,Person,DOM,Dominican Republic,18.0,363.15,POINTS,167.50,Q,8
2024-08-06T12:11:26+02:00,DIVM3M----------------PREL000100--,DIVM3M,Men's 3m Springboard,Men's 3m Springboard Preliminary,Preliminary,M,Diving,DIV,Aquatics Centre,4674386,MUNOZ HEREDIA Kevin Alexander,Person,MEX,Mexico,19.0,362.05,POINTS,168.60,R,12
2024-08-06T12:11:26+02:00,DIVM3M----------------PREL000100--,DIVM3M,Men's 3m Springboard,Men's 3m Springboard Preliminary,Preliminary,M,Diving,DIV,Aquatics Centre,1916406,RESTREPO GARCIA Daniel,Person,COL,Colombia,20.0,361.10,POINTS,169.55,R,16
2024-08-06T12:11:26+02:00,DIVM3M----------------PREL000100--,DIVM3M,Men's 3m Springboard,Men's 3m Springboard Preliminary,Preliminary,M,Diving,DIV,Aquatics Centre,1539959,PASSMORE Jake,Person,IRL,Ireland,21.0,360.90,POINTS,169.75,,5
2024-08-06T12:11:26+02:00,DIVM3M----------------PREL000100--,DIVM3M,Men's 3m Springboard,Men's 3m Springboard Preliminary,Preliminary,M,Diving,DIV,Aquatics Centre,1925644,TOCCI Giovanni,Person,ITA,Italy,22.0,346.85,POINTS,183.80,,11
2024-08-06T12:11:26+02:00,DIVM3M----------------PREL000100--,DIVM3M,Men's 3m Springboard,Men's 3m Springboard Preliminary,Preliminary,M,Diving,DIV,Aquatics Centre,1889162,FAROUK Mohamed,Person,EGY,Egypt,23.0,317.40,POINTS,213.25,,23
2024-08-06T12:11:26+02:00,DIVM3M----------------PREL000100--,DIVM3M,Men's 3m Springboard,Men's 3m Springboard Preliminary,Preliminary,M,Diving,DIV,Aquatics Centre,1943989,GOMEZ Frandiel,Person,DOM,Dominican Republic,23.0,317.40,POINTS,213.25,,25
2024-08-06T12:11:26+02:00,DIVM3M----------------PREL000100--,DIVM3M,Men's 3m Springboard,Men's 3m Springboard Preliminary,Preliminary,M,Diving,DIV,Aquatics Centre,1907207,RUDIGER Lars,Person,GER,Germany,25.0,301.15,POINTS,229.50,,3
2024-08-07T11:58:13+02:00,DIVM3M----------------SFNL000100--,DIVM3M,Men's 3m Springboard,Men's 3m Springboard Semifinal,Semifinal,M,Diving,DIV,Aquatics Centre,1901549,WANG Zongyuan,Person,CHN,China,1.0,537.85,POINTS,,Q,18
2024-08-07T11:58:13+02:00,DIVM3M----------------SFNL000100--,DIVM3M,Men's 3m Springboard,Men's 3m Springboard Semifinal,Semifinal,M,Diving,DIV,Aquatics Centre,1901550,XIE Siyi,Person,CHN,China,2.0,505.85,POINTS,32.00,Q,17
2024-08-07T11:58:13+02:00,DIVM3M----------------SFNL000100--,DIVM3M,Men's 3m Springboard,Men's 3m Springboard Semifinal,Semifinal,M,Diving,DIV,Aquatics Centre,1900848,LAUGHER Jack,Person,GBR,Great Britain,3.0,467.05,POINTS,70.80,Q,16
2024-08-07T11:58:13+02:00,DIVM3M----------------SFNL000100--,DIVM3M,Men's 3m Springboard,Men's 3m Springboard Semifinal,Semifinal,M,Diving,DIV,Aquatics Centre,1535349,OLVERA IBARRA Osmar,Person,MEX,Mexico,4.0,463.75,POINTS,74.10,Q,14
2024-08-07T11:58:13+02:00,DIVM3M----------------SFNL000100--,DIVM3M,Men's 3m Springboard,Men's 3m Springboard Semifinal,Semifinal,M,Diving,DIV,Aquatics Centre,1900845,HOULDEN Jordan Christopher,Person,GBR,Great Britain,5.0,445.55,POINTS,92.30,Q,15
2024-08-07T11:58:13+02:00,DIVM3M----------------SFNL000100--,DIVM3M,Men's 3m Springboard,Men's 3m Springboard Semifinal,Semifinal,M,Diving,DIV,Aquatics Centre,1902491,BOUYER Jules,Person,FRA,France,6.0,438.30,POINTS,99.55,Q,13
2024-08-07T11:58:13+02:00,DIVM3M----------------SFNL000100--,DIVM3M,Men's 3m Springboard,Men's 3m Springboard Semifinal,Semifinal,M,Diving,DIV,Aquatics Centre,1954212,TYLER Carson,Person,USA,United States,7.0,438.00,POINTS,99.85,Q,9
2024-08-07T11:58:13+02:00,DIVM3M----------------SFNL000100--,DIVM3M,Men's 3m Springboard,Men's 3m Springboard Semifinal,Semifinal,M,Diving,DIV,Aquatics Centre,1907211,WESEMANN Moritz,Person,GER,Germany,8.0,433.00,POINTS,104.85,Q,10
2024-08-07T11:58:13+02:00,DIVM3M----------------SFNL000100--,DIVM3M,Men's 3m Springboard,Men's 3m Springboard Semifinal,Semifinal,M,Diving,DIV,Aquatics Centre,1901694,WOO Haram,Person,KOR,Korea,9.0,432.00,POINTS,105.85,Q,7
2024-08-07T11:58:13+02:00,DIVM3M----------------SFNL000100--,DIVM3M,Men's 3m Springboard,Men's 3m Springboard Semifinal,Semifinal,M,Diving,DIV,Aquatics Centre,1544192,URIBE BERMUDEZ Luis Felipe,Person,COL,Colombia,10.0,423.80,POINTS,114.05,Q,2
2024-08-07T11:58:13+02:00,DIVM3M----------------SFNL000100--,DIVM3M,Men's 3m Springboard,Men's 3m Springboard Semifinal,Semifinal,M,Diving,DIV,Aquatics Centre,1940412,MATHEWS Kurtis,Person,AUS,Australia,11.0,417.15,POINTS,120.70,Q,11
2024-08-07T11:58:13+02:00,DIVM3M----------------SFNL000100--,DIVM3M,Men's 3m Springboard,Men's 3m Springboard Semifinal,Semifinal,M,Diving,DIV,Aquatics Centre,1944004,RUVALCABA Jonathan,Person,DOM,Dominican Republic,12.0,416.20,POINTS,121.65,Q,1
2024-08-07T11:58:13+02:00,DIVM3M----------------SFNL000100--,DIVM3M,Men's 3m Springboard,Men's 3m Springboard Semifinal,Semifinal,M,Diving,DIV,Aquatics Centre,1547004,KNIGHT-WISDOM Yona,Person,JAM,Jamaica,13.0,412.40,POINTS,125.45,R,5
2024-08-07T11:58:13+02:00,DIVM3M----------------SFNL000100--,DIVM3M,Men's 3m Springboard,Men's 3m Springboard Semifinal,Semifinal,M,Diving,DIV,Aquatics Centre,1891687,SAKAI Sho,Person,JPN,Japan,14.0,410.15,POINTS,127.70,R,8
2024-08-07T11:58:13+02:00,DIVM3M----------------SFNL000100--,DIVM3M,Men's 3m Springboard,Men's 3m Springboard Semifinal,Semifinal,M,Diving,DIV,Aquatics Centre,1954167,CAPOBIANCO Andrew,Person,USA,United States,15.0,407.65,POINTS,130.20,,4
2024-08-07T11:58:13+02:00,DIVM3M----------------SFNL000100--,DIVM3M,Men's 3m Springboard,Men's 3m Springboard Semifinal,Semifinal,M,Diving,DIV,Aquatics Centre,1902490,BISCH Gwendal,Person,FRA,France,16.0,392.70,POINTS,145.15,,6
2024-08-07T11:58:13+02:00,DIVM3M----------------SFNL000100--,DIVM3M,Men's 3m Springboard,Men's 3m Springboard Semifinal,Semifinal,M,Diving,DIV,Aquatics Centre,1901698,YI Jaegyeong,Person,KOR,Korea,17.0,366.50,POINTS,171.35,,3
2024-08-07T11:58:13+02:00,DIVM3M----------------SFNL000100--,DIVM3M,Men's 3m Springboard,Men's 3m Springboard Semifinal,Semifinal,M,Diving,DIV,Aquatics Centre,1925643,MARSAGLIA Lorenzo,Person,ITA,Italy,18.0,354.05,POINTS,183.80,,12
2024-08-08T16:24:28+02:00,DIVM3M----------------FNL-000100--,DIVM3M,Men's 3m Springboard,Men's 3m Springboard Final,Final,M,Diving,DIV,Aquatics Centre,1901550,XIE Siyi,Person,CHN,China,1.0,543.60,POINTS,,,11
2024-08-08T16:24:28+02:00,DIVM3M----------------FNL-000100--,DIVM3M,Men's 3m Springboard,Men's 3m Springboard Final,Final,M,Diving,DIV,Aquatics Centre,1901549,WANG Zongyuan,Person,CHN,China,2.0,530.20,POINTS,13.40,,12
2024-08-08T16:24:28+02:00,DIVM3M----------------FNL-000100--,DIVM3M,Men's 3m Springboard,Men's 3m Springboard Final,Final,M,Diving,DIV,Aquatics Centre,1535349,OLVERA IBARRA Osmar,Person,MEX,Mexico,3.0,500.40,POINTS,43.20,,9
2024-08-08T16:24:28+02:00,DIVM3M----------------FNL-000100--,DIVM3M,Men's 3m Springboard,Men's 3m Springboard Final,Final,M,Diving,DIV,Aquatics Centre,1954212,TYLER Carson,Person,USA,United States,4.0,429.25,POINTS,114.35,,6
2024-08-08T16:24:28+02:00,DIVM3M----------------FNL-000100--,DIVM3M,Men's 3m Springboard,Men's 3m Springboard Final,Final,M,Diving,DIV,Aquatics Centre,1900845,HOULDEN Jordan Christopher,Person,GBR,Great Britain,5.0,427.75,POINTS,115.85,,8
2024-08-08T16:24:28+02:00,DIVM3M----------------FNL-000100--,DIVM3M,Men's 3m Springboard,Men's 3m Springboard Final,Final,M,Diving,DIV,Aquatics Centre,1544192,URIBE BERMUDEZ Luis Felipe,Person,COL,Colombia,6.0,421.85,POINTS,121.75,,3
2024-08-08T16:24:28+02:00,DIVM3M----------------FNL-000100--,DIVM3M,Men's 3m Springboard,Men's 3m Springboard Final,Final,M,Diving,DIV,Aquatics Centre,1900848,LAUGHER Jack,Person,GBR,Great Britain,7.0,410.95,POINTS,132.65,,10
2024-08-08T16:24:28+02:00,DIVM3M----------------FNL-000100--,DIVM3M,Men's 3m Springboard,Men's 3m Springboard Final,Final,M,Diving,DIV,Aquatics Centre,1902491,BOUYER Jules,Person,FRA,France,8.0,395.70,POINTS,147.90,,7
2024-08-08T16:24:28+02:00,DIVM3M----------------FNL-000100--,DIVM3M,Men's 3m Springboard,Men's 3m Springboard Final,Final,M,Diving,DIV,Aquatics Centre,1944004,RUVALCABA Jonathan,Person,DOM,Dominican Republic,9.0,393.65,POINTS,149.95,,1
2024-08-08T16:24:28+02:00,DIVM3M----------------FNL-000100--,DIVM3M,Men's 3m Springboard,Men's 3m Springboard Final,Final,M,Diving,DIV,Aquatics Centre,1940412,MATHEWS Kurtis,Person,AUS,Australia,10.0,383.40,POINTS,160.20,,2
2024-08-08T16:24:28+02:00,DIVM3M----------------FNL-000100--,DIVM3M,Men's 3m Springboard,Men's 3m Springboard Final,Final,M,Diving,DIV,Aquatics Centre,1901694,WOO Haram,Person,KOR,Korea,11.0,374.15,POINTS,169.45,,4
2024-08-08T16:24:28+02:00,DIVM3M----------------FNL-000100--,DIVM3M,Men's 3m Springboard,Men's 3m Springboard Final,Final,M,Diving,DIV,Aquatics Centre,1907211,WESEMANN Moritz,Person,GER,Germany,12.0,363.65,POINTS,179.95,,5
2024-07-29T12:06:28+02:00,DIVM10MTEAM2----------FNL-000100--,DIVM10MTEAM2,Men's Synchronised 10m Platform,Men's Synchronised 10m Platform Final,Final,M,Diving,DIV,Aquatics Centre,DIVM10MTEAM2CHN01,People's Republic of China,Team,CHN,China,1.0,490.35,POINTS,,,7
2024-07-29T12:06:28+02:00,DIVM10MTEAM2----------FNL-000100--,DIVM10MTEAM2,Men's Synchronised 10m Platform,Men's Synchronised 10m Platform Final,Final,M,Diving,DIV,Aquatics Centre,DIVM10MTEAM2GBR01,Great Britain,Team,GBR,Great Britain,2.0,463.44,POINTS,26.91,,6
2024-07-29T12:06:28+02:00,DIVM10MTEAM2----------FNL-000100--,DIVM10MTEAM2,Men's Synchronised 10m Platform,Men's Synchronised 10m Platform Final,Final,M,Diving,DIV,Aquatics Centre,DIVM10MTEAM2CAN01,Canada,Team,CAN,Canada,3.0,422.13,POINTS,68.22,,2
2024-07-29T12:06:28+02:00,DIVM10MTEAM2----------FNL-000100--,DIVM10MTEAM2,Men's Synchronised 10m Platform,Men's Synchronised 10m Platform Final,Final,M,Diving,DIV,Aquatics Centre,DIVM10MTEAM2MEX01,Mexico,Team,MEX,Mexico,4.0,418.65,POINTS,71.70,,4
2024-07-29T12:06:28+02:00,DIVM10MTEAM2----------FNL-000100--,DIVM10MTEAM2,Men's Synchronised 10m Platform,Men's Synchronised 10m Platform Final,Final,M,Diving,DIV,Aquatics Centre,DIVM10MTEAM2UKR01,Ukraine,Team,UKR,Ukraine,5.0,412.65,POINTS,77.70,,3
2024-07-29T12:06:28+02:00,DIVM10MTEAM2----------FNL-000100--,DIVM10MTEAM2,Men's Synchronised 10m Platform,Men's Synchronised 10m Platform Final,Final,M,Diving,DIV,Aquatics Centre,DIVM10MTEAM2AUS01,Australia,Team,AUS,Australia,6.0,394.74,POINTS,95.61,,1
2024-07-29T12:06:28+02:00,DIVM10MTEAM2----------FNL-000100--,DIVM10MTEAM2,Men's Synchronised 10m Platform,Men's Synchronised 10m Platform Final,Final,M,Diving,DIV,Aquatics Centre,DIVM10MTEAM2GER01,Germany,Team,GER,Germany,7.0,364.41,POINTS,125.94,,5
2024-07-29T12:06:28+02:00,DIVM10MTEAM2----------FNL-000100--,DIVM10MTEAM2,Men's Synchronised 10m Platform,Men's Synchronised 10m Platform Final,Final,M,Diving,DIV,Aquatics Centre,DIVM10MTEAM2FRA01,France,Team,FRA,France,8.0,314.58,POINTS,175.77,,8
2024-08-02T12:04:29+02:00,DIVM3MTEAM2-----------FNL-000100--,DIVM3MTEAM2,Men's Synchronised 3m Springboard,Men's Synchronised 3m Springboard Final,Final,M,Diving,DIV,Aquatics Centre,DIVM3MTEAM2-CHN01,People's Republic of China,Team,CHN,China,1.0,446.10,POINTS,,,3
2024-08-02T12:04:29+02:00,DIVM3MTEAM2-----------FNL-000100--,DIVM3MTEAM2,Men's Synchronised 3m Springboard,Men's Synchronised 3m Springboard Final,Final,M,Diving,DIV,Aquatics Centre,DIVM3MTEAM2-MEX01,Mexico,Team,MEX,Mexico,2.0,444.03,POINTS,2.07,,8
2024-08-02T12:04:29+02:00,DIVM3MTEAM2-----------FNL-000100--,DIVM3MTEAM2,Men's Synchronised 3m Springboard,Men's Synchronised 3m Springboard Final,Final,M,Diving,DIV,Aquatics Centre,DIVM3MTEAM2-GBR01,Great Britain,Team,GBR,Great Britain,3.0,438.15,POINTS,7.95,,7
2024-08-02T12:04:29+02:00,DIVM3MTEAM2-----------FNL-000100--,DIVM3MTEAM2,Men's Synchronised 3m Springboard,Men's Synchronised 3m Springboard Final,Final,M,Diving,DIV,Aquatics Centre,DIVM3MTEAM2-ITA01,Italy,Team,ITA,Italy,4.0,403.05,POINTS,43.05,,4
2024-08-02T12:04:29+02:00,DIVM3MTEAM2-----------FNL-000100--,DIVM3MTEAM2,Men's Synchronised 3m Springboard,Men's Synchronised 3m Springboard Final,Final,M,Diving,DIV,Aquatics Centre,DIVM3MTEAM2-FRA01,France,Team,FRA,France,5.0,369.30,POINTS,76.80,,1
2024-08-02T12:04:29+02:00,DIVM3MTEAM2-----------FNL-000100--,DIVM3MTEAM2,Men's Synchronised 3m Springboard,Men's Synchronised 3m Springboard Final,Final,M,Diving,DIV,Aquatics Centre,DIVM3MTEAM2-ESP01,Spain,Team,ESP,Spain,6.0,361.62,POINTS,84.48,,6
2024-08-02T12:04:29+02:00,DIVM3MTEAM2-----------FNL-000100--,DIVM3MTEAM2,Men's Synchronised 3m Springboard,Men's Synchronised 3m Springboard Final,Final,M,Diving,DIV,Aquatics Centre,DIVM3MTEAM2-UKR01,Ukraine,Team,UKR,Ukraine,7.0,348.27,POINTS,97.83,,2
2024-08-02T12:04:29+02:00,DIVM3MTEAM2-----------FNL-000100--,DIVM3MTEAM2,Men's Synchronised 3m Springboard,Men's Synchronised 3m Springboard Final,Final,M,Diving,DIV,Aquatics Centre,DIVM3MTEAM2-USA01,United States of America,Team,USA,United States,8.0,346.08,POINTS,100.02,,5
2024-08-05T12:19:03+02:00,DIVW10M---------------PREL000100--,DIVW10M,Women's 10m Platform,Women's 10m Platform Preliminary,Preliminary,W,Diving,DIV,Aquatics Centre,1901545,QUAN Hongchan,Person,CHN,China,1.0,421.25,POINTS,,Q,5
2024-08-05T12:19:03+02:00,DIVW10M---------------PREL000100--,DIVW10M,Women's 10m Platform,Women's 10m Platform Preliminary,Preliminary,W,Diving,DIV,Aquatics Centre,1901544,CHEN Yuxi,Person,CHN,China,2.0,382.15,POINTS,39.10,Q,6
2024-08-05T12:19:03+02:00,DIVW10M---------------PREL000100--,DIVW10M,Women's 10m Platform,Women's 10m Platform Preliminary,Preliminary,W,Diving,DIV,Aquatics Centre,1959144,McKAY Caeli,Person,CAN,Canada,3.0,324.90,POINTS,96.35,Q,1
2024-08-05T12:19:03+02:00,DIVW10M---------------PREL000100--,DIVW10M,Women's 10m Platform,Women's 10m Platform Preliminary,Preliminary,W,Diving,DIV,Aquatics Centre,1535346,OROZCO LOZA Alejandra,Person,MEX,Mexico,4.0,320.80,POINTS,100.45,Q,12
2024-08-05T12:19:03+02:00,DIVW10M---------------PREL000100--,DIVW10M,Women's 10m Platform,Women's 10m Platform Preliminary,Preliminary,W,Diving,DIV,Aquatics Centre,1900855,SPENDOLINI SIRIEIX Andrea,Person,GBR,Great Britain,4.0,320.80,POINTS,100.45,Q,16
2024-08-05T12:19:03+02:00,DIVW10M---------------PREL000100--,DIVW10M,Women's 10m Platform,Women's 10m Platform Preliminary,Preliminary,W,Diving,DIV,Aquatics Centre,1535348,AGUNDEZ GARCIA Gabriela,Person,MEX,Mexico,6.0,306.95,POINTS,114.30,Q,21
2024-08-05T12:19:03+02:00,DIVW10M---------------PREL000100--,DIVW10M,Women's 10m Platform,Women's 10m Platform Preliminary,Preliminary,W,Diving,DIV,Aquatics Centre,1907209,WASSEN Christina,Person,GER,Germany,7.0,303.20,POINTS,118.05,Q,19
2024-08-05T12:19:03+02:00,DIVW10M---------------PREL000100--,DIVW10M,Women's 10m Platform,Women's 10m Platform Preliminary,Preliminary,W,Diving,DIV,Aquatics Centre,1900856,TOULSON Lois,Person,GBR,Great Britain,8.0,299.60,POINTS,121.65,Q,3
2024-08-05T12:19:03+02:00,DIVW10M---------------PREL000100--,DIVW10M,Women's 10m Platform,Women's 10m Platform Preliminary,Preliminary,W,Diving,DIV,Aquatics Centre,1940407,COLE Ellie,Person,AUS,Australia,9.0,290.00,POINTS,131.25,Q,20
2024-08-05T12:19:03+02:00,DIVW10M---------------PREL000100--,DIVW10M,Women's 10m Platform,Women's 10m Platform Preliminary,Preliminary,W,Diving,DIV,Aquatics Centre,1980115,KIM Mi Rae,Person,PRK,DPR Korea,10.0,287.70,POINTS,133.55,Q,28
2024-08-05T12:19:03+02:00,DIVW10M---------------PREL000100--,DIVW10M,Women's 10m Platform,Women's 10m Platform Preliminary,Preliminary,W,Diving,DIV,Aquatics Centre,1925640,JODOIN di MARIA Sarah,Person,ITA,Italy,11.0,286.10,POINTS,135.15,Q,13
2024-08-05T12:19:03+02:00,DIVW10M---------------PREL000100--,DIVW10M,Women's 10m Platform,Women's 10m Platform Preliminary,Preliminary,W,Diving,DIV,Aquatics Centre,1954796,CARVAJAL Ana,Person,ESP,Spain,12.0,285.60,POINTS,135.65,Q,7
2024-08-05T12:19:03+02:00,DIVW10M---------------PREL000100--,DIVW10M,Women's 10m Platform,Women's 10m Platform Preliminary,Preliminary,W,Diving,DIV,Aquatics Centre,1940415,WU Melissa,Person,AUS,Australia,13.0,285.20,POINTS,136.05,Q,9
2024-08-05T12:19:03+02:00,DIVW10M---------------PREL000100--,DIVW10M,Women's 10m Platform,Women's 10m Platform Preliminary,Preliminary,W,Diving,DIV,Aquatics Centre,1541452,GARCIA NAVARRO Anisley,Person,CUB,Cuba,14.0,283.00,POINTS,138.25,Q,14
2024-08-05T12:19:03+02:00,DIVW10M---------------PREL000100--,DIVW10M,Women's 10m Platform,Women's 10m Platform Preliminary,Preliminary,W,Diving,DIV,Aquatics Centre,1972514,PRAASTERINK Else,Person,NED,Netherlands,15.0,281.60,POINTS,139.65,Q,27
2024-08-05T12:19:03+02:00,DIVW10M---------------PREL000100--,DIVW10M,Women's 10m Platform,Women's 10m Platform Preliminary,Preliminary,W,Diving,DIV,Aquatics Centre,1891681,ARAI Matsuri,Person,JPN,Japan,16.0,280.65,POINTS,140.60,Q,25
2024-08-05T12:19:03+02:00,DIVW10M---------------PREL000100--,DIVW10M,Women's 10m Platform,Women's 10m Platform Preliminary,Preliminary,W,Diving,DIV,Aquatics Centre,1954207,SCHNELL Delaney,Person,USA,United States,17.0,278.15,POINTS,143.10,Q,2
2024-08-05T12:19:03+02:00,DIVW10M---------------PREL000100--,DIVW10M,Women's 10m Platform,Women's 10m Platform Preliminary,Preliminary,W,Diving,DIV,Aquatics Centre,1925639,BIGINELLI Maia,Person,ITA,Italy,18.0,277.00,POINTS,144.25,Q,10
2024-08-05T12:19:03+02:00,DIVW10M---------------PREL000100--,DIVW10M,Women's 10m Platform,Women's 10m Platform Preliminary,Preliminary,W,Diving,DIV,Aquatics Centre,1954219,WRIGHT Daryn,Person,USA,United States,19.0,272.25,POINTS,149.00,R,15
2024-08-05T12:19:03+02:00,DIVW10M---------------PREL000100--,DIVW10M,Women's 10m Platform,Women's 10m Platform Preliminary,Preliminary,W,Diving,DIV,Aquatics Centre,1959136,MILLER Kate,Person,CAN,Canada,20.0,266.30,POINTS,154.95,R,18
2024-08-05T12:19:03+02:00,DIVW10M---------------PREL000100--,DIVW10M,Women's 10m Platform,Women's 10m Platform Preliminary,Preliminary,W,Diving,DIV,Aquatics Centre,1907205,PFEIF Pauline Alexandra,Person,GER,Germany,21.0,264.15,POINTS,157.10,,22
2024-08-05T12:19:03+02:00,DIVW10M---------------PREL000100--,DIVW10M,Women's 10m Platform,Women's 10m Platform Preliminary,Preliminary,W,Diving,DIV,Aquatics Centre,1947140,PATRIKA Dzeja Delanija,Person,LAT,Latvia,22.0,259.30,POINTS,161.95,,4
2024-08-05T12:19:03+02:00,DIVW10M---------------PREL000100--,DIVW10M,Women's 10m Platform,Women's 10m Platform Preliminary,Preliminary,W,Diving,DIV,Aquatics Centre,1955052,OLIVEIRA Ingrid,Person,BRA,Brazil,23.0,255.90,POINTS,165.35,,29
2024-08-05T12:19:03+02:00,DIVW10M---------------PREL000100--,DIVW10M,Women's 10m Platform,Women's 10m Platform Preliminary,Preliminary,W,Diving,DIV,Aquatics Centre,1542945,VIETA Maycey Adrianne,Person,PUR,Puerto Rico,24.0,253.90,POINTS,167.35,,26
2024-08-05T12:19:03+02:00,DIVW10M---------------PREL000100--,DIVW10M,Women's 10m Platform,Women's 10m Platform Preliminary,Preliminary,W,Diving,DIV,Aquatics Centre,1897466,LYSKUN Sofiia,Person,UKR,Ukraine,25.0,253.10,POINTS,168.15,,17
2024-08-05T12:19:03+02:00,DIVW10M---------------PREL000100--,DIVW10M,Women's 10m Platform,Women's 10m Platform Preliminary,Preliminary,W,Diving,DIV,Aquatics Centre,1901639,KIM Nahyun,Person,KOR,Korea,26.0,250.00,POINTS,171.25,,23
2024-08-05T12:19:03+02:00,DIVW10M---------------PREL000100--,DIVW10M,Women's 10m Platform,Women's 10m Platform Preliminary,Preliminary,W,Diving,DIV,Aquatics Centre,1944014,GARZA Victoria,Person,DOM,Dominican Republic,27.0,226.80,POINTS,194.45,,11
2024-08-05T12:19:03+02:00,DIVW10M---------------PREL000100--,DIVW10M,Women's 10m Platform,Women's 10m Platform Preliminary,Preliminary,W,Diving,DIV,Aquatics Centre,1889143,TAWFIK Malak,Person,EGY,Egypt,28.0,193.75,POINTS,227.50,,24
2024-08-05T12:19:03+02:00,DIVW10M---------------PREL000100--,DIVW10M,Women's 10m Platform,Women's 10m Platform Preliminary,Preliminary,W,Diving,DIV,Aquatics Centre,1543288,McGING Ciara,Person,IRL,Ireland,29.0,188.50,POINTS,232.75,,8
2024-08-05T16:38:25+02:00,DIVW10M---------------SFNL000100--,DIVW10M,Women's 10m Platform,Women's 10m Platform Semifinal,Semifinal,W,Diving,DIV,Aquatics Centre,1901545,QUAN Hongchan,Person,CHN,China,1.0,421.05,POINTS,,Q,18
2024-08-05T16:38:25+02:00,DIVW10M---------------SFNL000100--,DIVW10M,Women's 10m Platform,Women's 10m Platform Semifinal,Semifinal,W,Diving,DIV,Aquatics Centre,1901544,CHEN Yuxi,Person,CHN,China,2.0,403.05,POINTS,18.00,Q,17
2024-08-05T16:38:25+02:00,DIVW10M---------------SFNL000100--,DIVW10M,Women's 10m Platform,Women's 10m Platform Semifinal,Semifinal,W,Diving,DIV,Aquatics Centre,1900855,SPENDOLINI SIRIEIX Andrea,Person,GBR,Great Britain,3.0,367.00,POINTS,54.05,Q,14
2024-08-05T16:38:25+02:00,DIVW10M---------------SFNL000100--,DIVW10M,Women's 10m Platform,Women's 10m Platform Semifinal,Semifinal,W,Diving,DIV,Aquatics Centre,1980115,KIM Mi Rae,Person,PRK,DPR Korea,4.0,322.40,POINTS,98.65,Q,9
2024-08-05T16:38:25+02:00,DIVW10M---------------SFNL000100--,DIVW10M,Women's 10m Platform,Women's 10m Platform Semifinal,Semifinal,W,Diving,DIV,Aquatics Centre,1535346,OROZCO LOZA Alejandra,Person,MEX,Mexico,5.0,312.00,POINTS,109.05,Q,15
2024-08-05T16:38:25+02:00,DIVW10M---------------SFNL000100--,DIVW10M,Women's 10m Platform,Women's 10m Platform Semifinal,Semifinal,W,Diving,DIV,Aquatics Centre,1940407,COLE Ellie,Person,AUS,Australia,6.0,309.90,POINTS,111.15,Q,10
2024-08-05T16:38:25+02:00,DIVW10M---------------SFNL000100--,DIVW10M,Women's 10m Platform,Women's 10m Platform Semifinal,Semifinal,W,Diving,DIV,Aquatics Centre,1959144,McKAY Caeli,Person,CAN,Canada,7.0,308.85,POINTS,112.20,Q,16
2024-08-05T16:38:25+02:00,DIVW10M---------------SFNL000100--,DIVW10M,Women's 10m Platform,Women's 10m Platform Semifinal,Semifinal,W,Diving,DIV,Aquatics Centre,1891681,ARAI Matsuri,Person,JPN,Japan,8.0,300.50,POINTS,120.55,Q,3
2024-08-05T16:38:25+02:00,DIVW10M---------------SFNL000100--,DIVW10M,Women's 10m Platform,Women's 10m Platform Semifinal,Semifinal,W,Diving,DIV,Aquatics Centre,1535348,AGUNDEZ GARCIA Gabriela,Person,MEX,Mexico,9.0,295.00,POINTS,126.05,Q,13
2024-08-05T16:38:25+02:00,DIVW10M---------------SFNL000100--,DIVW10M,Women's 10m Platform,Women's 10m Platform Semifinal,Semifinal,W,Diving,DIV,Aquatics Centre,1925640,JODOIN di MARIA Sarah,Person,ITA,Italy,10.0,294.85,POINTS,126.20,Q,8
2024-08-05T16:38:25+02:00,DIVW10M---------------SFNL000100--,DIVW10M,Women's 10m Platform,Women's 10m Platform Semifinal,Semifinal,W,Diving,DIV,Aquatics Centre,1940415,WU Melissa,Person,AUS,Australia,11.0,294.10,POINTS,126.95,Q,6
2024-08-05T16:38:25+02:00,DIVW10M---------------SFNL000100--,DIVW10M,Women's 10m Platform,Women's 10m Platform Semifinal,Semifinal,W,Diving,DIV,Aquatics Centre,1972514,PRAASTERINK Else,Person,NED,Netherlands,12.0,292.80,POINTS,128.25,Q,4
2024-08-05T16:38:25+02:00,DIVW10M---------------SFNL000100--,DIVW10M,Women's 10m Platform,Women's 10m Platform Semifinal,Semifinal,W,Diving,DIV,Aquatics Centre,1900856,TOULSON Lois,Person,GBR,Great Britain,13.0,278.50,POINTS,142.55,R,11
2024-08-05T16:38:25+02:00,DIVW10M---------------SFNL000100--,DIVW10M,Women's 10m Platform,Women's 10m Platform Semifinal,Semifinal,W,Diving,DIV,Aquatics Centre,1954796,CARVAJAL Ana,Person,ESP,Spain,14.0,276.90,POINTS,144.15,R,7
2024-08-05T16:38:25+02:00,DIVW10M---------------SFNL000100--,DIVW10M,Women's 10m Platform,Women's 10m Platform Semifinal,Semifinal,W,Diving,DIV,Aquatics Centre,1954207,SCHNELL Delaney,Person,USA,United States,15.0,271.95,POINTS,149.10,,2
2024-08-05T16:38:25+02:00,DIVW10M---------------SFNL000100--,DIVW10M,Women's 10m Platform,Women's 10m Platform Semifinal,Semifinal,W,Diving,DIV,Aquatics Centre,1541452,GARCIA NAVARRO Anisley,Person,CUB,Cuba,16.0,270.65,POINTS,150.40,,5
2024-08-05T16:38:25+02:00,DIVW10M---------------SFNL000100--,DIVW10M,Women's 10m Platform,Women's 10m Platform Semifinal,Semifinal,W,Diving,DIV,Aquatics Centre,1907209,WASSEN Christina,Person,GER,Germany,17.0,255.55,POINTS,165.50,,12
2024-08-05T16:38:25+02:00,DIVW10M---------------SFNL000100--,DIVW10M,Women's 10m Platform,Women's 10m Platform Semifinal,Semifinal,W,Diving,DIV,Aquatics Centre,1925639,BIGINELLI Maia,Person,ITA,Italy,18.0,240.80,POINTS,180.25,,1
2024-08-06T16:12:37+02:00,DIVW10M---------------FNL-000100--,DIVW10M,Women's 10m Platform,Women's 10m Platform Final,Final,W,Diving,DIV,Aquatics Centre,1901545,QUAN Hongchan,Person,CHN,China,1.0,425.60,POINTS,,,12
2024-08-06T16:12:37+02:00,DIVW10M---------------FNL-000100--,DIVW10M,Women's 10m Platform,Women's 10m Platform Final,Final,W,Diving,DIV,Aquatics Centre,1901544,CHEN Yuxi,Person,CHN,China,2.0,420.70,POINTS,4.90,,11
2024-08-06T16:12:37+02:00,DIVW10M---------------FNL-000100--,DIVW10M,Women's 10m Platform,Women's 10m Platform Final,Final,W,Diving,DIV,Aquatics Centre,1980115,KIM Mi Rae,Person,PRK,DPR Korea,3.0,372.10,POINTS,53.50,,9
2024-08-06T16:12:37+02:00,DIVW10M---------------FNL-000100--,DIVW10M,Women's 10m Platform,Women's 10m Platform Final,Final,W,Diving,DIV,Aquatics Centre,1959144,McKAY Caeli,Person,CAN,Canada,4.0,364.50,POINTS,61.10,,6
2024-08-06T16:12:37+02:00,DIVW10M---------------FNL-000100--,DIVW10M,Women's 10m Platform,Women's 10m Platform Final,Final,W,Diving,DIV,Aquatics Centre,1535348,AGUNDEZ GARCIA Gabriela,Person,MEX,Mexico,5.0,350.40,POINTS,75.20,,4
2024-08-06T16:12:37+02:00,DIVW10M---------------FNL-000100--,DIVW10M,Women's 10m Platform,Women's 10m Platform Final,Final,W,Diving,DIV,Aquatics Centre,1900855,SPENDOLINI SIRIEIX Andrea,Person,GBR,Great Britain,6.0,345.50,POINTS,80.10,,10
2024-08-06T16:12:37+02:00,DIVW10M---------------FNL-000100--,DIVW10M,Women's 10m Platform,Women's 10m Platform Final,Final,W,Diving,DIV,Aquatics Centre,1940407,COLE Ellie,Person,AUS,Australia,7.0,333.30,POINTS,92.30,,7
2024-08-06T16:12:37+02:00,DIVW10M---------------FNL-000100--,DIVW10M,Women's 10m Platform,Women's 10m Platform Final,Final,W,Diving,DIV,Aquatics Centre,1535346,OROZCO LOZA Alejandra,Person,MEX,Mexico,8.0,320.60,POINTS,105.00,,8
2024-08-06T16:12:37+02:00,DIVW10M---------------FNL-000100--,DIVW10M,Women's 10m Platform,Women's 10m Platform Final,Final,W,Diving,DIV,Aquatics Centre,1891681,ARAI Matsuri,Person,JPN,Japan,9.0,314.45,POINTS,111.15,,5
2024-08-06T16:12:37+02:00,DIVW10M---------------FNL-000100--,DIVW10M,Women's 10m Platform,Women's 10m Platform Final,Final,W,Diving,DIV,Aquatics Centre,1925640,JODOIN di MARIA Sarah,Person,ITA,Italy,10.0,301.75,POINTS,123.85,,3
2024-08-06T16:12:37+02:00,DIVW10M---------------FNL-000100--,DIVW10M,Women's 10m Platform,Women's 10m Platform Final,Final,W,Diving,DIV,Aquatics Centre,1940415,WU Melissa,Person,AUS,Australia,11.0,278.30,POINTS,147.30,,2
2024-08-06T16:12:37+02:00,DIVW10M---------------FNL-000100--,DIVW10M,Women's 10m Platform,Women's 10m Platform Final,Final,W,Diving,DIV,Aquatics Centre,1972514,PRAASTERINK Else,Person,NED,Netherlands,12.0,250.35,POINTS,175.25,,1
2024-08-07T17:19:23+02:00,DIVW3M----------------PREL000100--,DIVW3M,Women's 3m Springboard,Women's 3m Springboard Preliminary,Preliminary,W,Diving,DIV,Aquatics Centre,1901538,CHEN Yiwen,Person,CHN,China,1.0,356.40,POINTS,,Q,25
2024-08-07T17:19:23+02:00,DIVW3M----------------PREL000100--,DIVW3M,Women's 3m Springboard,Women's 3m Springboard Preliminary,Preliminary,W,Diving,DIV,Aquatics Centre,1940414,KEENEY Maddison,Person,AUS,Australia,2.0,337.35,POINTS,19.05,Q,2
2024-08-07T17:19:23+02:00,DIVW3M----------------PREL000100--,DIVW3M,Women's 3m Springboard,Women's 3m Springboard Preliminary,Preliminary,W,Diving,DIV,Aquatics Centre,1536198,VAZQUEZ MONTANO Aranza,Person,MEX,Mexico,3.0,321.75,POINTS,34.65,Q,13
2024-08-07T17:19:23+02:00,DIVW3M----------------PREL000100--,DIVW3M,Women's 3m Springboard,Women's 3m Springboard Preliminary,Preliminary,W,Diving,DIV,Aquatics Centre,1901539,CHANG Yani,Person,CHN,China,4.0,308.75,POINTS,47.65,Q,3
2024-08-07T17:19:23+02:00,DIVW3M----------------PREL000100--,DIVW3M,Women's 3m Springboard,Women's 3m Springboard Preliminary,Preliminary,W,Diving,DIV,Aquatics Centre,1900852,REID Grace,Person,GBR,Great Britain,5.0,303.25,POINTS,53.15,Q,5
2024-08-07T17:19:23+02:00,DIVW3M----------------PREL000100--,DIVW3M,Women's 3m Springboard,Women's 3m Springboard Preliminary,Preliminary,W,Diving,DIV,Aquatics Centre,1891679,ENOMOTO Haruka,Person,JPN,Japan,6.0,299.10,POINTS,57.30,Q,1
2024-08-07T17:19:23+02:00,DIVW3M----------------PREL000100--,DIVW3M,Women's 3m Springboard,Women's 3m Springboard Preliminary,Preliminary,W,Diving,DIV,Aquatics Centre,1954792,ANTOLINO Valeria,Person,ESP,Spain,7.0,297.70,POINTS,58.70,Q,8
2024-08-07T17:19:23+02:00,DIVW3M----------------PREL000100--,DIVW3M,Women's 3m Springboard,Women's 3m Springboard Preliminary,Preliminary,W,Diving,DIV,Aquatics Centre,1925642,PELLACANI Chiara,Person,ITA,Italy,7.0,297.70,POINTS,58.70,Q,10
2024-08-07T17:19:23+02:00,DIVW3M----------------PREL000100--,DIVW3M,Women's 3m Springboard,Women's 3m Springboard Preliminary,Preliminary,W,Diving,DIV,Aquatics Centre,1900841,HARPER Yasmin,Person,GBR,Great Britain,9.0,295.75,POINTS,60.65,Q,27
2024-08-07T17:19:23+02:00,DIVW3M----------------PREL000100--,DIVW3M,Women's 3m Springboard,Women's 3m Springboard Preliminary,Preliminary,W,Diving,DIV,Aquatics Centre,1572527,NILSSON GARIP Emilia,Person,SWE,Sweden,10.0,295.20,POINTS,61.20,Q,28
2024-08-07T17:19:23+02:00,DIVW3M----------------PREL000100--,DIVW3M,Women's 3m Springboard,Women's 3m Springboard Preliminary,Preliminary,W,Diving,DIV,Aquatics Centre,1901644,KIM Suji,Person,KOR,Korea,11.0,285.50,POINTS,70.90,Q,4
2024-08-07T17:19:23+02:00,DIVW3M----------------PREL000100--,DIVW3M,Women's 3m Springboard,Women's 3m Springboard Preliminary,Preliminary,W,Diving,DIV,Aquatics Centre,1554801,SABRI Nur Dhabitah,Person,MAS,Malaysia,12.0,283.65,POINTS,72.75,Q,21
2024-08-07T17:19:23+02:00,DIVW3M----------------PREL000100--,DIVW3M,Women's 3m Springboard,Women's 3m Springboard Preliminary,Preliminary,W,Diving,DIV,Aquatics Centre,1962593,VINCENT Julia,Person,RSA,South Africa,13.0,283.50,POINTS,72.90,Q,23
2024-08-07T17:19:23+02:00,DIVW3M----------------PREL000100--,DIVW3M,Women's 3m Springboard,Women's 3m Springboard Preliminary,Preliminary,W,Diving,DIV,Aquatics Centre,1925641,BERTOCCHI Elena,Person,ITA,Italy,14.0,282.30,POINTS,74.10,Q,20
2024-08-07T17:19:23+02:00,DIVW3M----------------PREL000100--,DIVW3M,Women's 3m Springboard,Women's 3m Springboard Preliminary,Preliminary,W,Diving,DIV,Aquatics Centre,1907204,OETTINGHAUS Saskia,Person,GER,Germany,15.0,279.35,POINTS,77.05,Q,7
2024-08-07T17:19:23+02:00,DIVW3M----------------PREL000100--,DIVW3M,Women's 3m Springboard,Women's 3m Springboard Preliminary,Preliminary,W,Diving,DIV,Aquatics Centre,1940400,KOLOI Alysha,Person,AUS,Australia,16.0,276.60,POINTS,79.80,Q,15
2024-08-07T17:19:23+02:00,DIVW3M----------------PREL000100--,DIVW3M,Women's 3m Springboard,Women's 3m Springboard Preliminary,Preliminary,W,Diving,DIV,Aquatics Centre,1536196,ESTUDILLO TORRES Alejandra,Person,MEX,Mexico,17.0,276.45,POINTS,79.95,Q,9
2024-08-07T17:19:23+02:00,DIVW3M----------------PREL000100--,DIVW3M,Women's 3m Springboard,Women's 3m Springboard Preliminary,Preliminary,W,Diving,DIV,Aquatics Centre,1541452,GARCIA NAVARRO Anisley,Person,CUB,Cuba,18.0,272.40,POINTS,84.00,Q,6
2024-08-07T17:19:23+02:00,DIVW3M----------------PREL000100--,DIVW3M,Women's 3m Springboard,Women's 3m Springboard Preliminary,Preliminary,W,Diving,DIV,Aquatics Centre,1954159,BACON Sarah,Person,USA,United States,19.0,264.40,POINTS,92.00,R,22
2024-08-07T17:19:23+02:00,DIVW3M----------------PREL000100--,DIVW3M,Women's 3m Springboard,Women's 3m Springboard Preliminary,Preliminary,W,Diving,DIV,Aquatics Centre,1907203,MULLER Jette,Person,GER,Germany,20.0,262.85,POINTS,93.55,R,17
2024-08-07T17:19:23+02:00,DIVW3M----------------PREL000100--,DIVW3M,Women's 3m Springboard,Women's 3m Springboard Preliminary,Preliminary,W,Diving,DIV,Aquatics Centre,1891683,MIKAMI Sayaka,Person,JPN,Japan,21.0,258.35,POINTS,98.05,,11
2024-08-07T17:19:23+02:00,DIVW3M----------------PREL000100--,DIVW3M,Women's 3m Springboard,Women's 3m Springboard Preliminary,Preliminary,W,Diving,DIV,Aquatics Centre,1959139,ERLAM Margo,Person,CAN,Canada,22.0,258.30,POINTS,98.10,,24
2024-08-07T17:19:23+02:00,DIVW3M----------------PREL000100--,DIVW3M,Women's 3m Springboard,Women's 3m Springboard Preliminary,Preliminary,W,Diving,DIV,Aquatics Centre,1878416,TUXEN Helle,Person,NOR,Norway,23.0,257.10,POINTS,99.30,,16
2024-08-07T17:19:23+02:00,DIVW3M----------------PREL000100--,DIVW3M,Women's 3m Springboard,Women's 3m Springboard Preliminary,Preliminary,W,Diving,DIV,Aquatics Centre,1889127,AMER Maha,Person,EGY,Egypt,24.0,250.20,POINTS,106.20,,19
2024-08-07T17:19:23+02:00,DIVW3M----------------PREL000100--,DIVW3M,Women's 3m Springboard,Women's 3m Springboard Preliminary,Preliminary,W,Diving,DIV,Aquatics Centre,1541453,RUIZ Prisis,Person,CUB,Cuba,25.0,239.85,POINTS,116.55,,12
2024-08-07T17:19:23+02:00,DIVW3M----------------PREL000100--,DIVW3M,Women's 3m Springboard,Women's 3m Springboard Preliminary,Preliminary,W,Diving,DIV,Aquatics Centre,1913536,ROUSSEL Lizzie,Person,NZL,New Zealand,26.0,233.70,POINTS,122.70,,26
2024-08-07T17:19:23+02:00,DIVW3M----------------PREL000100--,DIVW3M,Women's 3m Springboard,Women's 3m Springboard Preliminary,Preliminary,W,Diving,DIV,Aquatics Centre,1897467,KESAR Viktoriya,Person,UKR,Ukraine,27.0,217.75,POINTS,138.65,,18
2024-08-07T17:19:23+02:00,DIVW3M----------------PREL000100--,DIVW3M,Women's 3m Springboard,Women's 3m Springboard Preliminary,Preliminary,W,Diving,DIV,Aquatics Centre,1954180,GIBSON Alison,Person,USA,United States,28.0,198.30,POINTS,158.10,,14
2024-08-08T11:40:53+02:00,DIVW3M----------------SFNL000100--,DIVW3M,Women's 3m Springboard,Women's 3m Springboard Semifinal,Semifinal,W,Diving,DIV,Aquatics Centre,1901538,CHEN Yiwen,Person,CHN,China,1.0,360.85,POINTS,,Q,18
2024-08-08T11:40:53+02:00,DIVW3M----------------SFNL000100--,DIVW3M,Women's 3m Springboard,Women's 3m Springboard Semifinal,Semifinal,W,Diving,DIV,Aquatics Centre,1940414,KEENEY Maddison,Person,AUS,Australia,2.0,334.70,POINTS,26.15,Q,17
2024-08-08T11:40:53+02:00,DIVW3M----------------SFNL000100--,DIVW3M,Women's 3m Springboard,Women's 3m Springboard Semifinal,Semifinal,W,Diving,DIV,Aquatics Centre,1925642,PELLACANI Chiara,Person,ITA,Italy,3.0,324.75,POINTS,36.10,Q,11
2024-08-08T11:40:53+02:00,DIVW3M----------------SFNL000100--,DIVW3M,Women's 3m Springboard,Women's 3m Springboard Semifinal,Semifinal,W,Diving,DIV,Aquatics Centre,1901539,CHANG Yani,Person,CHN,China,4.0,320.15,POINTS,40.70,Q,15
2024-08-08T11:40:53+02:00,DIVW3M----------------SFNL000100--,DIVW3M,Women's 3m Springboard,Women's 3m Springboard Semifinal,Semifinal,W,Diving,DIV,Aquatics Centre,1536196,ESTUDILLO TORRES Alejandra,Person,MEX,Mexico,5.0,317.05,POINTS,43.80,Q,2
2024-08-08T11:40:53+02:00,DIVW3M----------------SFNL000100--,DIVW3M,Women's 3m Springboard,Women's 3m Springboard Semifinal,Semifinal,W,Diving,DIV,Aquatics Centre,1962593,VINCENT Julia,Person,RSA,South Africa,6.0,297.30,POINTS,63.55,Q,6
2024-08-08T11:40:53+02:00,DIVW3M----------------SFNL000100--,DIVW3M,Women's 3m Springboard,Women's 3m Springboard Semifinal,Semifinal,W,Diving,DIV,Aquatics Centre,1900852,REID Grace,Person,GBR,Great Britain,7.0,290.05,POINTS,70.80,Q,14
2024-08-08T11:40:53+02:00,DIVW3M----------------SFNL000100--,DIVW3M,Women's 3m Springboard,Women's 3m Springboard Semifinal,Semifinal,W,Diving,DIV,Aquatics Centre,1554801,SABRI Nur Dhabitah,Person,MAS,Malaysia,8.0,286.95,POINTS,73.90,Q,7
2024-08-08T11:40:53+02:00,DIVW3M----------------SFNL000100--,DIVW3M,Women's 3m Springboard,Women's 3m Springboard Semifinal,Semifinal,W,Diving,DIV,Aquatics Centre,1907204,OETTINGHAUS Saskia,Person,GER,Germany,9.0,286.75,POINTS,74.10,Q,4
2024-08-08T11:40:53+02:00,DIVW3M----------------SFNL000100--,DIVW3M,Women's 3m Springboard,Women's 3m Springboard Semifinal,Semifinal,W,Diving,DIV,Aquatics Centre,1954792,ANTOLINO Valeria,Person,ESP,Spain,10.0,284.25,POINTS,76.60,Q,12
2024-08-08T11:40:53+02:00,DIVW3M----------------SFNL000100--,DIVW3M,Women's 3m Springboard,Women's 3m Springboard Semifinal,Semifinal,W,Diving,DIV,Aquatics Centre,1572527,NILSSON GARIP Emilia,Person,SWE,Sweden,11.0,279.60,POINTS,81.25,Q,9
2024-08-08T11:40:53+02:00,DIVW3M----------------SFNL000100--,DIVW3M,Women's 3m Springboard,Women's 3m Springboard Semifinal,Semifinal,W,Diving,DIV,Aquatics Centre,1900841,HARPER Yasmin,Person,GBR,Great Britain,12.0,278.90,POINTS,81.95,Q,10
2024-08-08T11:40:53+02:00,DIVW3M----------------SFNL000100--,DIVW3M,Women's 3m Springboard,Women's 3m Springboard Semifinal,Semifinal,W,Diving,DIV,Aquatics Centre,1901644,KIM Suji,Person,KOR,Korea,13.0,272.75,POINTS,88.10,R,8
2024-08-08T11:40:53+02:00,DIVW3M----------------SFNL000100--,DIVW3M,Women's 3m Springboard,Women's 3m Springboard Semifinal,Semifinal,W,Diving,DIV,Aquatics Centre,1940400,KOLOI Alysha,Person,AUS,Australia,14.0,270.60,POINTS,90.25,R,3
2024-08-08T11:40:53+02:00,DIVW3M----------------SFNL000100--,DIVW3M,Women's 3m Springboard,Women's 3m Springboard Semifinal,Semifinal,W,Diving,DIV,Aquatics Centre,1541452,GARCIA NAVARRO Anisley,Person,CUB,Cuba,15.0,264.90,POINTS,95.95,,1
2024-08-08T11:40:53+02:00,DIVW3M----------------SFNL000100--,DIVW3M,Women's 3m Springboard,Women's 3m Springboard Semifinal,Semifinal,W,Diving,DIV,Aquatics Centre,1536198,VAZQUEZ MONTANO Aranza,Person,MEX,Mexico,16.0,248.20,POINTS,112.65,,16
2024-08-08T11:40:53+02:00,DIVW3M----------------SFNL000100--,DIVW3M,Women's 3m Springboard,Women's 3m Springboard Semifinal,Semifinal,W,Diving,DIV,Aquatics Centre,1925641,BERTOCCHI Elena,Person,ITA,Italy,17.0,245.10,POINTS,115.75,,5
2024-08-08T11:40:53+02:00,DIVW3M----------------SFNL000100--,DIVW3M,Women's 3m Springboard,Women's 3m Springboard Semifinal,Semifinal,W,Diving,DIV,Aquatics Centre,1891679,ENOMOTO Haruka,Person,JPN,Japan,18.0,244.20,POINTS,116.65,,13
2024-08-09T16:10:07+02:00,DIVW3M----------------FNL-000100--,DIVW3M,Women's 3m Springboard,Women's 3m Springboard Final,Final,W,Diving,DIV,Aquatics Centre,1901538,CHEN Yiwen,Person,CHN,China,1.0,376.00,POINTS,,,12
2024-08-09T16:10:07+02:00,DIVW3M----------------FNL-000100--,DIVW3M,Women's 3m Springboard,Women's 3m Springboard Final,Final,W,Diving,DIV,Aquatics Centre,1940414,KEENEY Maddison,Person,AUS,Australia,2.0,343.10,POINTS,32.90,,11
2024-08-09T16:10:07+02:00,DIVW3M----------------FNL-000100--,DIVW3M,Women's 3m Springboard,Women's 3m Springboard Final,Final,W,Diving,DIV,Aquatics Centre,1901539,CHANG Yani,Person,CHN,China,3.0,318.75,POINTS,57.25,,9
2024-08-09T16:10:07+02:00,DIVW3M----------------FNL-000100--,DIVW3M,Women's 3m Springboard,Women's 3m Springboard Final,Final,W,Diving,DIV,Aquatics Centre,1925642,PELLACANI Chiara,Person,ITA,Italy,4.0,309.60,POINTS,66.40,,10
2024-08-09T16:10:07+02:00,DIVW3M----------------FNL-000100--,DIVW3M,Women's 3m Springboard,Women's 3m Springboard Final,Final,W,Diving,DIV,Aquatics Centre,1900841,HARPER Yasmin,Person,GBR,Great Britain,5.0,305.10,POINTS,70.90,,1
2024-08-09T16:10:07+02:00,DIVW3M----------------FNL-000100--,DIVW3M,Women's 3m Springboard,Women's 3m Springboard Final,Final,W,Diving,DIV,Aquatics Centre,1536196,ESTUDILLO TORRES Alejandra,Person,MEX,Mexico,6.0,301.95,POINTS,74.05,,8
2024-08-09T16:10:07+02:00,DIVW3M----------------FNL-000100--,DIVW3M,Women's 3m Springboard,Women's 3m Springboard Final,Final,W,Diving,DIV,Aquatics Centre,1907204,OETTINGHAUS Saskia,Person,GER,Germany,7.0,297.35,POINTS,78.65,,4
2024-08-09T16:10:07+02:00,DIVW3M----------------FNL-000100--,DIVW3M,Women's 3m Springboard,Women's 3m Springboard Final,Final,W,Diving,DIV,Aquatics Centre,1954792,ANTOLINO Valeria,Person,ESP,Spain,8.0,292.95,POINTS,83.05,,3
2024-08-09T16:10:07+02:00,DIVW3M----------------FNL-000100--,DIVW3M,Women's 3m Springboard,Women's 3m Springboard Final,Final,W,Diving,DIV,Aquatics Centre,1572527,NILSSON GARIP Emilia,Person,SWE,Sweden,9.0,279.40,POINTS,96.60,,2
2024-08-09T16:10:07+02:00,DIVW3M----------------FNL-000100--,DIVW3M,Women's 3m Springboard,Women's 3m Springboard Final,Final,W,Diving,DIV,Aquatics Centre,1900852,REID Grace,Person,GBR,Great Britain,10.0,275.85,POINTS,100.15,,6
2024-08-09T16:10:07+02:00,DIVW3M----------------FNL-000100--,DIVW3M,Women's 3m Springboard,Women's 3m Springboard Final,Final,W,Diving,DIV,Aquatics Centre,1962593,VINCENT Julia,Person,RSA,South Africa,11.0,271.25,POINTS,104.75,,7
2024-08-09T16:10:07+02:00,DIVW3M----------------FNL-000100--,DIVW3M,Women's 3m Springboard,Women's 3m Springboard Final,Final,W,Diving,DIV,Aquatics Centre,1554801,SABRI Nur Dhabitah,Person,MAS,Malaysia,12.0,244.80,POINTS,131.20,,5
2024-07-31T11:54:19+02:00,DIVW10MTEAM2----------FNL-000100--,DIVW10MTEAM2,Women's Synchronised 10m Platform,Women's Synchronised 10m Platform Final,Final,W,Diving,DIV,Aquatics Centre,DIVW10MTEAM2CHN01,People's Republic of China,Team,CHN,China,1.0,359.10,POINTS,,,3
2024-07-31T11:54:19+02:00,DIVW10MTEAM2----------FNL-000100--,DIVW10MTEAM2,Women's Synchronised 10m Platform,Women's Synchronised 10m Platform Final,Final,W,Diving,DIV,Aquatics Centre,DIVW10MTEAM2PRK01,Democratic People's Republic of Korea,Team,PRK,DPR Korea,2.0,315.90,POINTS,43.20,,5
2024-07-31T11:54:19+02:00,DIVW10MTEAM2----------FNL-000100--,DIVW10MTEAM2,Women's Synchronised 10m Platform,Women's Synchronised 10m Platform Final,Final,W,Diving,DIV,Aquatics Centre,DIVW10MTEAM2GBR01,Great Britain,Team,GBR,Great Britain,3.0,304.38,POINTS,54.72,,1
2024-07-31T11:54:19+02:00,DIVW10MTEAM2----------FNL-000100--,DIVW10MTEAM2,Women's Synchronised 10m Platform,Women's Synchronised 10m Platform Final,Final,W,Diving,DIV,Aquatics Centre,DIVW10MTEAM2CAN01,Canada,Team,CAN,Canada,4.0,299.22,POINTS,59.88,,6
2024-07-31T11:54:19+02:00,DIVW10MTEAM2----------FNL-000100--,DIVW10MTEAM2,Women's Synchronised 10m Platform,Women's Synchronised 10m Platform Final,Final,W,Diving,DIV,Aquatics Centre,DIVW10MTEAM2MEX01,Mexico,Team,MEX,Mexico,5.0,297.66,POINTS,61.44,,2
2024-07-31T11:54:19+02:00,DIVW10MTEAM2----------FNL-000100--,DIVW10MTEAM2,Women's Synchronised 10m Platform,Women's Synchronised 10m Platform Final,Final,W,Diving,DIV,Aquatics Centre,DIVW10MTEAM2USA01,United States of America,Team,USA,United States,6.0,287.52,POINTS,71.58,,7
2024-07-31T11:54:19+02:00,DIVW10MTEAM2----------FNL-000100--,DIVW10MTEAM2,Women's Synchronised 10m Platform,Women's Synchronised 10m Platform Final,Final,W,Diving,DIV,Aquatics Centre,DIVW10MTEAM2UKR01,Ukraine,Team,UKR,Ukraine,7.0,285.00,POINTS,74.10,,8
2024-07-31T11:54:19+02:00,DIVW10MTEAM2----------FNL-000100--,DIVW10MTEAM2,Women's Synchronised 10m Platform,Women's Synchronised 10m Platform Final,Final,W,Diving,DIV,Aquatics Centre,DIVW10MTEAM2FRA01,France,Team,FRA,France,8.0,234.84,POINTS,124.26,,4
2024-07-27T11:54:40+02:00,DIVW3MTEAM2-----------FNL-000100--,DIVW3MTEAM2,Women's Synchronised 3m Springboard,Women's Synchronised 3m Springboard Final,Final,W,Diving,DIV,Aquatics Centre,DIVW3MTEAM2-CHN01,People's Republic of China,Team,CHN,China,1.0,337.68,POINTS,,,1
2024-07-27T11:54:40+02:00,DIVW3MTEAM2-----------FNL-000100--,DIVW3MTEAM2,Women's Synchronised 3m Springboard,Women's Synchronised 3m Springboard Final,Final,W,Diving,DIV,Aquatics Centre,DIVW3MTEAM2-USA01,United States of America,Team,USA,United States,2.0,314.64,POINTS,23.04,,2
2024-07-27T11:54:40+02:00,DIVW3MTEAM2-----------FNL-000100--,DIVW3MTEAM2,Women's Synchronised 3m Springboard,Women's Synchronised 3m Springboard Final,Final,W,Diving,DIV,Aquatics Centre,DIVW3MTEAM2-GBR01,Great Britain,Team,GBR,Great Britain,3.0,302.28,POINTS,35.40,,3
2024-07-27T11:54:40+02:00,DIVW3MTEAM2-----------FNL-000100--,DIVW3MTEAM2,Women's Synchronised 3m Springboard,Women's Synchronised 3m Springboard Final,Final,W,Diving,DIV,Aquatics Centre,DIVW3MTEAM2-ITA01,Italy,Team,ITA,Italy,4.0,293.52,POINTS,44.16,,7
2024-07-27T11:54:40+02:00,DIVW3MTEAM2-----------FNL-000100--,DIVW3MTEAM2,Women's Synchronised 3m Springboard,Women's Synchronised 3m Springboard Final,Final,W,Diving,DIV,Aquatics Centre,DIVW3MTEAM2-AUS01,Australia,Team,AUS,Australia,5.0,292.20,POINTS,45.48,,6
2024-07-27T11:54:40+02:00,DIVW3MTEAM2-----------FNL-000100--,DIVW3MTEAM2,Women's Synchronised 3m Springboard,Women's Synchronised 3m Springboard Final,Final,W,Diving,DIV,Aquatics Centre,DIVW3MTEAM2-GER01,Germany,Team,GER,Germany,6.0,288.69,POINTS,48.99,,4
2024-07-27T11:54:40+02:00,DIVW3MTEAM2-----------FNL-000100--,DIVW3MTEAM2,Women's Synchronised 3m Springboard,Women's Synchronised 3m Springboard Final,Final,W,Diving,DIV,Aquatics Centre,DIVW3MTEAM2-UKR01,Ukraine,Team,UKR,Ukraine,7.0,251.37,POINTS,86.31,,8
2024-07-27T11:54:40+02:00,DIVW3MTEAM2-----------FNL-000100--,DIVW3MTEAM2,Women's Synchronised 3m Springboard,Women's Synchronised 3m Springboard Final,Final,W,Diving,DIV,Aquatics Centre,DIVW3MTEAM2-FRA01,France,Team,FRA,France,8.0,240.03,POINTS,97.65,,5
