date,stage_code,event_code,event_name,event_stage,stage,gender,discipline_name,discipline_code,venue,participant_code,participant_name,participant_type,participant_country_code,participant_country,rank,result,result_type,result_IRM,result_diff,qualification_mark,start_order,bib
2024-08-01T20:14:18+02:00,BMXMINDVRACE----------QFNL000101--,BMXMINDVRACE,Men,"Men, Quarterfinals Run 1 Heat 1",Quarterfinals Run 1 Heat 1,M,Cycling BMX Racing,BMX,BMX Stadium,1895661,DAUDET Joris,Person,FRA,France,1.0,31.692,TIME,,,,1,1
2024-08-01T20:14:18+02:00,BMXMINDVRACE----------QFNL000101--,BMXMINDVRACE,Men,"Men, Quarterfinals Run 1 Heat 1",Quarterfinals Run 1 Heat 1,M,Cycling BMX Racing,BMX,BMX Stadium,1895640,ANDRE Sylvain,Person,FRA,France,2.0,31.979,TIME,,+0.287,,7,3
2024-08-01T20:14:18+02:00,BMXMINDVRACE----------QFNL000101--,BMXMINDVRACE,Men,"Men, Quarterfinals Run 1 Heat 1",Quarterfinals Run 1 Heat 1,M,Cycling BMX Racing,BMX,BMX Stadium,1955090,LARSEN Kamren,Person,USA,United States,3.0,32.016,TIME,,+0.324,,2,233
2024-08-01T20:14:18+02:00,BMXMINDVRACE----------QFNL000101--,BMXMINDVRACE,Men,"Men, Quarterfinals Run 1 Heat 1",Quarterfinals Run 1 Heat 1,M,Cycling BMX Racing,BMX,BMX Stadium,1969217,van der BURG Dave,Person,NED,Netherlands,4.0,32.206,TIME,,+0.514,,5,192
2024-08-01T20:14:18+02:00,BMXMINDVRACE----------QFNL000101--,BMXMINDVRACE,Men,"Men, Quarterfinals Run 1 Heat 1",Quarterfinals Run 1 Heat 1,M,Cycling BMX Racing,BMX,BMX Stadium,1940124,KENNEDY Izaac,Person,AUS,Australia,5.0,32.750,TIME,,+1.058,,4,10
2024-08-01T20:14:18+02:00,BMXMINDVRACE----------QFNL000101--,BMXMINDVRACE,Men,"Men, Quarterfinals Run 1 Heat 1",Quarterfinals Run 1 Heat 1,M,Cycling BMX Racing,BMX,BMX Stadium,1543487,ARBOLEDA OSPINA Diego Alejandro,Person,COL,Colombia,6.0,32.835,TIME,,+1.143,,3,741
2024-08-01T20:14:18+02:00,BMXMINDVRACE----------QFNL000101--,BMXMINDVRACE,Men,"Men, Quarterfinals Run 1 Heat 1",Quarterfinals Run 1 Heat 1,M,Cycling BMX Racing,BMX,BMX Stadium,1945060,BEARMAN Rico,Person,NZL,New Zealand,7.0,33.090,TIME,,+1.398,,6,6
2024-08-01T20:14:18+02:00,BMXMINDVRACE----------QFNL000101--,BMXMINDVRACE,Men,"Men, Quarterfinals Run 1 Heat 1",Quarterfinals Run 1 Heat 1,M,Cycling BMX Racing,BMX,BMX Stadium,1548958,REEVES Dean,Person,MAR,Morocco,8.0,34.543,TIME,,+2.851,,8,266
2024-08-01T20:14:18+02:00,BMXMINDVRACE----------QFNL000103--,BMXMINDVRACE,Men,"Men, Quarterfinals Run 1 Heat 3",Quarterfinals Run 1 Heat 3,M,Cycling BMX Racing,BMX,BMX Stadium,1955110,WOOD Cameron,Person,USA,United States,1.0,32.207,TIME,,,,3,12
2024-08-01T20:14:18+02:00,BMXMINDVRACE----------QFNL000103--,BMXMINDVRACE,Men,"Men, Quarterfinals Run 1 Heat 3",Quarterfinals Run 1 Heat 3,M,Cycling BMX Racing,BMX,BMX Stadium,1543489,RAMIREZ YEPES Carlos Alberto,Person,COL,Colombia,2.0,32.248,TIME,,+0.041,,1,278
2024-08-01T20:14:18+02:00,BMXMINDVRACE----------QFNL000103--,BMXMINDVRACE,Men,"Men, Quarterfinals Run 1 Heat 3",Quarterfinals Run 1 Heat 3,M,Cycling BMX Racing,BMX,BMX Stadium,1976473,BUTTI Cedric,Person,SUI,Switzerland,3.0,32.394,TIME,,+0.187,,2,149
2024-08-01T20:14:18+02:00,BMXMINDVRACE----------QFNL000103--,BMXMINDVRACE,Men,"Men, Quarterfinals Run 1 Heat 3",Quarterfinals Run 1 Heat 3,M,Cycling BMX Racing,BMX,BMX Stadium,1966324,CAMPO Alfredo Jose,Person,ECU,Ecuador,4.0,32.773,TIME,,+0.566,,5,5
2024-08-01T20:14:18+02:00,BMXMINDVRACE----------QFNL000103--,BMXMINDVRACE,Men,"Men, Quarterfinals Run 1 Heat 3",Quarterfinals Run 1 Heat 3,M,Cycling BMX Racing,BMX,BMX Stadium,1903123,GOMMERS Ruben,Person,BEL,Belgium,5.0,33.254,TIME,,+1.047,,6,248
2024-08-01T20:14:18+02:00,BMXMINDVRACE----------QFNL000103--,BMXMINDVRACE,Men,"Men, Quarterfinals Run 1 Heat 3",Quarterfinals Run 1 Heat 3,M,Cycling BMX Racing,BMX,BMX Stadium,1889709,SCHAUB Philip,Person,GER,Germany,6.0,33.632,TIME,,+1.425,,7,997
2024-08-01T20:14:18+02:00,BMXMINDVRACE----------QFNL000103--,BMXMINDVRACE,Men,"Men, Quarterfinals Run 1 Heat 3",Quarterfinals Run 1 Heat 3,M,Cycling BMX Racing,BMX,BMX Stadium,1538875,MOLINA Gonzalo Nahuel,Person,ARG,Argentina,7.0,34.230,TIME,,+2.023,,4,236
2024-08-01T20:14:18+02:00,BMXMINDVRACE----------QFNL000103--,BMXMINDVRACE,Men,"Men, Quarterfinals Run 1 Heat 3",Quarterfinals Run 1 Heat 3,M,Cycling BMX Racing,BMX,BMX Stadium,1918831,SUKPRASERT Komet,Person,THA,Thailand,8.0,35.083,TIME,,+2.876,,8,260
2024-08-01T20:14:18+02:00,BMXMINDVRACE----------QFNL000102--,BMXMINDVRACE,Men,"Men, Quarterfinals Run 1 Heat 2",Quarterfinals Run 1 Heat 2,M,Cycling BMX Racing,BMX,BMX Stadium,1895700,MAHIEU Romain,Person,FRA,France,1.0,31.472,TIME,,,,1,100
2024-08-01T20:14:18+02:00,BMXMINDVRACE----------QFNL000102--,BMXMINDVRACE,Men,"Men, Quarterfinals Run 1 Heat 2",Quarterfinals Run 1 Heat 2,M,Cycling BMX Racing,BMX,BMX Stadium,1543490,CARMONA GARCIA Mateo,Person,COL,Colombia,2.0,32.389,TIME,,+0.917,,5,70
2024-08-01T20:14:18+02:00,BMXMINDVRACE----------QFNL000102--,BMXMINDVRACE,Men,"Men, Quarterfinals Run 1 Heat 2",Quarterfinals Run 1 Heat 2,M,Cycling BMX Racing,BMX,BMX Stadium,1545913,BERTAGNOLI Pietro,Person,ITA,Italy,3.0,32.730,TIME,,+1.258,,7,257
2024-08-01T20:14:18+02:00,BMXMINDVRACE----------QFNL000102--,BMXMINDVRACE,Men,"Men, Quarterfinals Run 1 Heat 2",Quarterfinals Run 1 Heat 2,M,Cycling BMX Racing,BMX,BMX Stadium,1969212,BRINK Jaymio,Person,NED,Netherlands,4.0,32.870,TIME,,+1.398,,4,239
2024-08-01T20:14:18+02:00,BMXMINDVRACE----------QFNL000102--,BMXMINDVRACE,Men,"Men, Quarterfinals Run 1 Heat 2",Quarterfinals Run 1 Heat 2,M,Cycling BMX Racing,BMX,BMX Stadium,1912573,WHYTE Kye,Person,GBR,Great Britain,5.0,33.544,TIME,,+2.072,,2,87
2024-08-01T20:14:18+02:00,BMXMINDVRACE----------QFNL000102--,BMXMINDVRACE,Men,"Men, Quarterfinals Run 1 Heat 2",Quarterfinals Run 1 Heat 2,M,Cycling BMX Racing,BMX,BMX Stadium,1977733,MARQUART Simon,Person,SUI,Switzerland,6.0,33.557,TIME,,+2.085,,3,179
2024-08-01T20:14:18+02:00,BMXMINDVRACE----------QFNL000102--,BMXMINDVRACE,Men,"Men, Quarterfinals Run 1 Heat 2",Quarterfinals Run 1 Heat 2,M,Cycling BMX Racing,BMX,BMX Stadium,1934359,MOLINA VERGARA Mauricio,Person,CHI,Chile,7.0,33.752,TIME,,+2.280,,6,7
2024-08-01T20:14:18+02:00,BMXMINDVRACE----------QFNL000102--,BMXMINDVRACE,Men,"Men, Quarterfinals Run 1 Heat 2",Quarterfinals Run 1 Heat 2,M,Cycling BMX Racing,BMX,BMX Stadium,1947925,KRIGERS Kristens,Person,LAT,Latvia,8.0,34.163,TIME,,+2.691,,8,996
2024-08-01T20:53:52+02:00,BMXMINDVRACE----------QFNL000202--,BMXMINDVRACE,Men,"Men, Quarterfinals Run 2 Heat 2",Quarterfinals Run 2 Heat 2,M,Cycling BMX Racing,BMX,BMX Stadium,1895661,DAUDET Joris,Person,FRA,France,1.0,31.463,TIME,,,,1,1
2024-08-01T20:53:52+02:00,BMXMINDVRACE----------QFNL000202--,BMXMINDVRACE,Men,"Men, Quarterfinals Run 2 Heat 2",Quarterfinals Run 2 Heat 2,M,Cycling BMX Racing,BMX,BMX Stadium,1940124,KENNEDY Izaac,Person,AUS,Australia,2.0,31.878,TIME,,+0.415,,4,10
2024-08-01T20:53:52+02:00,BMXMINDVRACE----------QFNL000202--,BMXMINDVRACE,Men,"Men, Quarterfinals Run 2 Heat 2",Quarterfinals Run 2 Heat 2,M,Cycling BMX Racing,BMX,BMX Stadium,1912573,WHYTE Kye,Person,GBR,Great Britain,3.0,32.377,TIME,,+0.914,,6,87
2024-08-01T20:53:52+02:00,BMXMINDVRACE----------QFNL000202--,BMXMINDVRACE,Men,"Men, Quarterfinals Run 2 Heat 2",Quarterfinals Run 2 Heat 2,M,Cycling BMX Racing,BMX,BMX Stadium,1934359,MOLINA VERGARA Mauricio,Person,CHI,Chile,4.0,33.615,TIME,,+2.152,,7,7
2024-08-01T20:53:52+02:00,BMXMINDVRACE----------QFNL000202--,BMXMINDVRACE,Men,"Men, Quarterfinals Run 2 Heat 2",Quarterfinals Run 2 Heat 2,M,Cycling BMX Racing,BMX,BMX Stadium,1548958,REEVES Dean,Person,MAR,Morocco,5.0,34.121,TIME,,+2.658,,8,266
2024-08-01T20:53:52+02:00,BMXMINDVRACE----------QFNL000202--,BMXMINDVRACE,Men,"Men, Quarterfinals Run 2 Heat 2",Quarterfinals Run 2 Heat 2,M,Cycling BMX Racing,BMX,BMX Stadium,1969217,van der BURG Dave,Person,NED,Netherlands,6.0,34.251,TIME,,+2.788,,2,192
2024-08-01T20:53:52+02:00,BMXMINDVRACE----------QFNL000202--,BMXMINDVRACE,Men,"Men, Quarterfinals Run 2 Heat 2",Quarterfinals Run 2 Heat 2,M,Cycling BMX Racing,BMX,BMX Stadium,1543490,CARMONA GARCIA Mateo,Person,COL,Colombia,7.0,46.500,TIME,,+15.037,,3,70
2024-08-01T20:53:52+02:00,BMXMINDVRACE----------QFNL000202--,BMXMINDVRACE,Men,"Men, Quarterfinals Run 2 Heat 2",Quarterfinals Run 2 Heat 2,M,Cycling BMX Racing,BMX,BMX Stadium,1969212,BRINK Jaymio,Person,NED,Netherlands,8.0,,IRM,DNF,,,5,239
2024-08-01T20:53:52+02:00,BMXMINDVRACE----------QFNL000201--,BMXMINDVRACE,Men,"Men, Quarterfinals Run 2 Heat 1",Quarterfinals Run 2 Heat 1,M,Cycling BMX Racing,BMX,BMX Stadium,1966324,CAMPO Alfredo Jose,Person,ECU,Ecuador,1.0,31.893,TIME,,,,4,5
2024-08-01T20:53:52+02:00,BMXMINDVRACE----------QFNL000201--,BMXMINDVRACE,Men,"Men, Quarterfinals Run 2 Heat 1",Quarterfinals Run 2 Heat 1,M,Cycling BMX Racing,BMX,BMX Stadium,1955110,WOOD Cameron,Person,USA,United States,2.0,31.967,TIME,,+0.074,,2,12
2024-08-01T20:53:52+02:00,BMXMINDVRACE----------QFNL000201--,BMXMINDVRACE,Men,"Men, Quarterfinals Run 2 Heat 1",Quarterfinals Run 2 Heat 1,M,Cycling BMX Racing,BMX,BMX Stadium,1895700,MAHIEU Romain,Person,FRA,France,3.0,32.025,TIME,,+0.132,,1,100
2024-08-01T20:53:52+02:00,BMXMINDVRACE----------QFNL000201--,BMXMINDVRACE,Men,"Men, Quarterfinals Run 2 Heat 1",Quarterfinals Run 2 Heat 1,M,Cycling BMX Racing,BMX,BMX Stadium,1977733,MARQUART Simon,Person,SUI,Switzerland,4.0,32.545,TIME,,+0.652,,6,179
2024-08-01T20:53:52+02:00,BMXMINDVRACE----------QFNL000201--,BMXMINDVRACE,Men,"Men, Quarterfinals Run 2 Heat 1",Quarterfinals Run 2 Heat 1,M,Cycling BMX Racing,BMX,BMX Stadium,1543487,ARBOLEDA OSPINA Diego Alejandro,Person,COL,Colombia,5.0,32.798,TIME,,+0.905,,5,741
2024-08-01T20:53:52+02:00,BMXMINDVRACE----------QFNL000201--,BMXMINDVRACE,Men,"Men, Quarterfinals Run 2 Heat 1",Quarterfinals Run 2 Heat 1,M,Cycling BMX Racing,BMX,BMX Stadium,1543489,RAMIREZ YEPES Carlos Alberto,Person,COL,Colombia,6.0,33.110,TIME,,+1.217,,3,278
2024-08-01T20:53:52+02:00,BMXMINDVRACE----------QFNL000201--,BMXMINDVRACE,Men,"Men, Quarterfinals Run 2 Heat 1",Quarterfinals Run 2 Heat 1,M,Cycling BMX Racing,BMX,BMX Stadium,1918831,SUKPRASERT Komet,Person,THA,Thailand,7.0,34.791,TIME,,+2.898,,8,260
2024-08-01T20:53:52+02:00,BMXMINDVRACE----------QFNL000201--,BMXMINDVRACE,Men,"Men, Quarterfinals Run 2 Heat 1",Quarterfinals Run 2 Heat 1,M,Cycling BMX Racing,BMX,BMX Stadium,1889709,SCHAUB Philip,Person,GER,Germany,8.0,34.803,TIME,,+2.910,,7,997
2024-08-01T21:15:47+02:00,BMXMINDVRACE----------QFNL000203--,BMXMINDVRACE,Men,"Men, Quarterfinals Run 2 Heat 3",Quarterfinals Run 2 Heat 3,M,Cycling BMX Racing,BMX,BMX Stadium,1895640,ANDRE Sylvain,Person,FRA,France,1.0,31.854,TIME,,,,1,3
2024-08-01T21:15:47+02:00,BMXMINDVRACE----------QFNL000203--,BMXMINDVRACE,Men,"Men, Quarterfinals Run 2 Heat 3",Quarterfinals Run 2 Heat 3,M,Cycling BMX Racing,BMX,BMX Stadium,1955090,LARSEN Kamren,Person,USA,United States,2.0,31.927,TIME,,+0.073,,2,233
2024-08-01T21:15:47+02:00,BMXMINDVRACE----------QFNL000203--,BMXMINDVRACE,Men,"Men, Quarterfinals Run 2 Heat 3",Quarterfinals Run 2 Heat 3,M,Cycling BMX Racing,BMX,BMX Stadium,1976473,BUTTI Cedric,Person,SUI,Switzerland,3.0,32.241,TIME,,+0.387,,3,149
2024-08-01T21:15:47+02:00,BMXMINDVRACE----------QFNL000203--,BMXMINDVRACE,Men,"Men, Quarterfinals Run 2 Heat 3",Quarterfinals Run 2 Heat 3,M,Cycling BMX Racing,BMX,BMX Stadium,1545913,BERTAGNOLI Pietro,Person,ITA,Italy,4.0,32.488,TIME,,+0.634,,4,257
2024-08-01T21:15:47+02:00,BMXMINDVRACE----------QFNL000203--,BMXMINDVRACE,Men,"Men, Quarterfinals Run 2 Heat 3",Quarterfinals Run 2 Heat 3,M,Cycling BMX Racing,BMX,BMX Stadium,1903123,GOMMERS Ruben,Person,BEL,Belgium,5.0,32.566,TIME,,+0.712,,6,248
2024-08-01T21:15:47+02:00,BMXMINDVRACE----------QFNL000203--,BMXMINDVRACE,Men,"Men, Quarterfinals Run 2 Heat 3",Quarterfinals Run 2 Heat 3,M,Cycling BMX Racing,BMX,BMX Stadium,1945060,BEARMAN Rico,Person,NZL,New Zealand,6.0,33.058,TIME,,+1.204,,5,6
2024-08-01T21:15:47+02:00,BMXMINDVRACE----------QFNL000203--,BMXMINDVRACE,Men,"Men, Quarterfinals Run 2 Heat 3",Quarterfinals Run 2 Heat 3,M,Cycling BMX Racing,BMX,BMX Stadium,1538875,MOLINA Gonzalo Nahuel,Person,ARG,Argentina,7.0,33.196,TIME,,+1.342,,8,236
2024-08-01T21:15:47+02:00,BMXMINDVRACE----------QFNL000203--,BMXMINDVRACE,Men,"Men, Quarterfinals Run 2 Heat 3",Quarterfinals Run 2 Heat 3,M,Cycling BMX Racing,BMX,BMX Stadium,1947925,KRIGERS Kristens,Person,LAT,Latvia,8.0,,IRM,DNF,,,7,996
2024-08-01T21:35:19+02:00,BMXMINDVRACE----------QFNL000302--,BMXMINDVRACE,Men,"Men, Quarterfinals Run 3 Heat 2",Quarterfinals Run 3 Heat 2,M,Cycling BMX Racing,BMX,BMX Stadium,1895640,ANDRE Sylvain,Person,FRA,France,1.0,31.661,TIME,,,,1,3
2024-08-01T21:35:19+02:00,BMXMINDVRACE----------QFNL000302--,BMXMINDVRACE,Men,"Men, Quarterfinals Run 3 Heat 2",Quarterfinals Run 3 Heat 2,M,Cycling BMX Racing,BMX,BMX Stadium,1955090,LARSEN Kamren,Person,USA,United States,2.0,31.926,TIME,,+0.265,,2,233
2024-08-01T21:35:19+02:00,BMXMINDVRACE----------QFNL000302--,BMXMINDVRACE,Men,"Men, Quarterfinals Run 3 Heat 2",Quarterfinals Run 3 Heat 2,M,Cycling BMX Racing,BMX,BMX Stadium,1945060,BEARMAN Rico,Person,NZL,New Zealand,3.0,32.093,TIME,,+0.432,,5,6
2024-08-01T21:35:19+02:00,BMXMINDVRACE----------QFNL000302--,BMXMINDVRACE,Men,"Men, Quarterfinals Run 3 Heat 2",Quarterfinals Run 3 Heat 2,M,Cycling BMX Racing,BMX,BMX Stadium,1976473,BUTTI Cedric,Person,SUI,Switzerland,4.0,32.221,TIME,,+0.560,,3,149
2024-08-01T21:35:19+02:00,BMXMINDVRACE----------QFNL000302--,BMXMINDVRACE,Men,"Men, Quarterfinals Run 3 Heat 2",Quarterfinals Run 3 Heat 2,M,Cycling BMX Racing,BMX,BMX Stadium,1969212,BRINK Jaymio,Person,NED,Netherlands,5.0,33.049,TIME,,+1.388,,8,239
2024-08-01T21:35:19+02:00,BMXMINDVRACE----------QFNL000302--,BMXMINDVRACE,Men,"Men, Quarterfinals Run 3 Heat 2",Quarterfinals Run 3 Heat 2,M,Cycling BMX Racing,BMX,BMX Stadium,1934359,MOLINA VERGARA Mauricio,Person,CHI,Chile,6.0,33.153,TIME,,+1.492,,6,7
2024-08-01T21:35:19+02:00,BMXMINDVRACE----------QFNL000302--,BMXMINDVRACE,Men,"Men, Quarterfinals Run 3 Heat 2",Quarterfinals Run 3 Heat 2,M,Cycling BMX Racing,BMX,BMX Stadium,1977733,MARQUART Simon,Person,SUI,Switzerland,7.0,33.288,TIME,,+1.627,,4,179
2024-08-01T21:35:19+02:00,BMXMINDVRACE----------QFNL000302--,BMXMINDVRACE,Men,"Men, Quarterfinals Run 3 Heat 2",Quarterfinals Run 3 Heat 2,M,Cycling BMX Racing,BMX,BMX Stadium,1918831,SUKPRASERT Komet,Person,THA,Thailand,8.0,34.372,TIME,,+2.711,,7,260
2024-08-01T21:35:19+02:00,BMXMINDVRACE----------QFNL000303--,BMXMINDVRACE,Men,"Men, Quarterfinals Run 3 Heat 3",Quarterfinals Run 3 Heat 3,M,Cycling BMX Racing,BMX,BMX Stadium,1940124,KENNEDY Izaac,Person,AUS,Australia,1.0,31.835,TIME,,,,1,10
2024-08-01T21:35:19+02:00,BMXMINDVRACE----------QFNL000303--,BMXMINDVRACE,Men,"Men, Quarterfinals Run 3 Heat 3",Quarterfinals Run 3 Heat 3,M,Cycling BMX Racing,BMX,BMX Stadium,1543490,CARMONA GARCIA Mateo,Person,COL,Colombia,2.0,32.108,TIME,,+0.273,,8,70
2024-08-01T21:35:19+02:00,BMXMINDVRACE----------QFNL000303--,BMXMINDVRACE,Men,"Men, Quarterfinals Run 3 Heat 3",Quarterfinals Run 3 Heat 3,M,Cycling BMX Racing,BMX,BMX Stadium,1966324,CAMPO Alfredo Jose,Person,ECU,Ecuador,3.0,32.612,TIME,,+0.777,,2,5
2024-08-01T21:35:19+02:00,BMXMINDVRACE----------QFNL000303--,BMXMINDVRACE,Men,"Men, Quarterfinals Run 3 Heat 3",Quarterfinals Run 3 Heat 3,M,Cycling BMX Racing,BMX,BMX Stadium,1912573,WHYTE Kye,Person,GBR,Great Britain,4.0,33.147,TIME,,+1.312,,3,87
2024-08-01T21:35:19+02:00,BMXMINDVRACE----------QFNL000303--,BMXMINDVRACE,Men,"Men, Quarterfinals Run 3 Heat 3",Quarterfinals Run 3 Heat 3,M,Cycling BMX Racing,BMX,BMX Stadium,1538875,MOLINA Gonzalo Nahuel,Person,ARG,Argentina,5.0,33.366,TIME,,+1.531,,6,236
2024-08-01T21:35:19+02:00,BMXMINDVRACE----------QFNL000303--,BMXMINDVRACE,Men,"Men, Quarterfinals Run 3 Heat 3",Quarterfinals Run 3 Heat 3,M,Cycling BMX Racing,BMX,BMX Stadium,1889709,SCHAUB Philip,Person,GER,Germany,6.0,33.381,TIME,,+1.546,,7,997
2024-08-01T21:35:19+02:00,BMXMINDVRACE----------QFNL000303--,BMXMINDVRACE,Men,"Men, Quarterfinals Run 3 Heat 3",Quarterfinals Run 3 Heat 3,M,Cycling BMX Racing,BMX,BMX Stadium,1545913,BERTAGNOLI Pietro,Person,ITA,Italy,7.0,33.803,TIME,,+1.968,,4,257
2024-08-01T21:35:19+02:00,BMXMINDVRACE----------QFNL000303--,BMXMINDVRACE,Men,"Men, Quarterfinals Run 3 Heat 3",Quarterfinals Run 3 Heat 3,M,Cycling BMX Racing,BMX,BMX Stadium,1543489,RAMIREZ YEPES Carlos Alberto,Person,COL,Colombia,8.0,1:13.918,TIME,,+42.083,,5,278
2024-08-01T21:35:19+02:00,BMXMINDVRACE----------QFNL000301--,BMXMINDVRACE,Men,"Men, Quarterfinals Run 3 Heat 1",Quarterfinals Run 3 Heat 1,M,Cycling BMX Racing,BMX,BMX Stadium,1895700,MAHIEU Romain,Person,FRA,France,1.0,31.768,TIME,,,,3,100
2024-08-01T21:35:19+02:00,BMXMINDVRACE----------QFNL000301--,BMXMINDVRACE,Men,"Men, Quarterfinals Run 3 Heat 1",Quarterfinals Run 3 Heat 1,M,Cycling BMX Racing,BMX,BMX Stadium,1543487,ARBOLEDA OSPINA Diego Alejandro,Person,COL,Colombia,2.0,32.187,TIME,,+0.419,,5,741
2024-08-01T21:35:19+02:00,BMXMINDVRACE----------QFNL000301--,BMXMINDVRACE,Men,"Men, Quarterfinals Run 3 Heat 1",Quarterfinals Run 3 Heat 1,M,Cycling BMX Racing,BMX,BMX Stadium,1895661,DAUDET Joris,Person,FRA,France,3.0,32.299,TIME,,+0.531,,1,1
2024-08-01T21:35:19+02:00,BMXMINDVRACE----------QFNL000301--,BMXMINDVRACE,Men,"Men, Quarterfinals Run 3 Heat 1",Quarterfinals Run 3 Heat 1,M,Cycling BMX Racing,BMX,BMX Stadium,1955110,WOOD Cameron,Person,USA,United States,4.0,32.473,TIME,,+0.705,,2,12
2024-08-01T21:35:19+02:00,BMXMINDVRACE----------QFNL000301--,BMXMINDVRACE,Men,"Men, Quarterfinals Run 3 Heat 1",Quarterfinals Run 3 Heat 1,M,Cycling BMX Racing,BMX,BMX Stadium,1903123,GOMMERS Ruben,Person,BEL,Belgium,5.0,32.663,TIME,,+0.895,,4,248
2024-08-01T21:35:19+02:00,BMXMINDVRACE----------QFNL000301--,BMXMINDVRACE,Men,"Men, Quarterfinals Run 3 Heat 1",Quarterfinals Run 3 Heat 1,M,Cycling BMX Racing,BMX,BMX Stadium,1969217,van der BURG Dave,Person,NED,Netherlands,6.0,33.121,TIME,,+1.353,,7,192
2024-08-01T21:35:19+02:00,BMXMINDVRACE----------QFNL000301--,BMXMINDVRACE,Men,"Men, Quarterfinals Run 3 Heat 1",Quarterfinals Run 3 Heat 1,M,Cycling BMX Racing,BMX,BMX Stadium,1548958,REEVES Dean,Person,MAR,Morocco,7.0,40.829,TIME,,+9.061,,6,266
2024-08-01T21:35:19+02:00,BMXMINDVRACE----------QFNL000301--,BMXMINDVRACE,Men,"Men, Quarterfinals Run 3 Heat 1",Quarterfinals Run 3 Heat 1,M,Cycling BMX Racing,BMX,BMX Stadium,1947925,KRIGERS Kristens,Person,LAT,Latvia,8.0,,IRM,DNS,,,8,996
2024-08-01T22:09:04+02:00,BMXMINDVRACE----------REP-000100--,BMXMINDVRACE,Men,"Men, Last Chance Race",Last Chance Race,M,Cycling BMX Racing,BMX,BMX Stadium,1945060,BEARMAN Rico,Person,NZL,New Zealand,1.0,32.736,TIME,,,Q,1,6
2024-08-01T22:09:04+02:00,BMXMINDVRACE----------REP-000100--,BMXMINDVRACE,Men,"Men, Last Chance Race",Last Chance Race,M,Cycling BMX Racing,BMX,BMX Stadium,1977733,MARQUART Simon,Person,SUI,Switzerland,2.0,33.328,TIME,,+0.592,Q,6,179
2024-08-01T22:09:04+02:00,BMXMINDVRACE----------REP-000100--,BMXMINDVRACE,Men,"Men, Last Chance Race",Last Chance Race,M,Cycling BMX Racing,BMX,BMX Stadium,1934359,MOLINA VERGARA Mauricio,Person,CHI,Chile,3.0,33.881,TIME,,+1.145,Q,5,7
2024-08-01T22:09:04+02:00,BMXMINDVRACE----------REP-000100--,BMXMINDVRACE,Men,"Men, Last Chance Race",Last Chance Race,M,Cycling BMX Racing,BMX,BMX Stadium,1969212,BRINK Jaymio,Person,NED,Netherlands,4.0,34.253,TIME,,+1.517,Q,3,239
2024-08-01T22:09:04+02:00,BMXMINDVRACE----------REP-000100--,BMXMINDVRACE,Men,"Men, Last Chance Race",Last Chance Race,M,Cycling BMX Racing,BMX,BMX Stadium,1969217,van der BURG Dave,Person,NED,Netherlands,5.0,34.818,TIME,,+2.082,,4,192
2024-08-01T22:09:04+02:00,BMXMINDVRACE----------REP-000100--,BMXMINDVRACE,Men,"Men, Last Chance Race",Last Chance Race,M,Cycling BMX Racing,BMX,BMX Stadium,1538875,MOLINA Gonzalo Nahuel,Person,ARG,Argentina,6.0,35.097,TIME,,+2.361,,7,236
2024-08-01T22:09:04+02:00,BMXMINDVRACE----------REP-000100--,BMXMINDVRACE,Men,"Men, Last Chance Race",Last Chance Race,M,Cycling BMX Racing,BMX,BMX Stadium,1903123,GOMMERS Ruben,Person,BEL,Belgium,7.0,1:36.250,TIME,,+1:03.514,,2,248
2024-08-01T22:09:04+02:00,BMXMINDVRACE----------REP-000100--,BMXMINDVRACE,Men,"Men, Last Chance Race",Last Chance Race,M,Cycling BMX Racing,BMX,BMX Stadium,1543489,RAMIREZ YEPES Carlos Alberto,Person,COL,Colombia,8.0,,IRM,DNF,,,8,278
2024-08-02T20:09:37+02:00,BMXMINDVRACE----------SFNL000101--,BMXMINDVRACE,Men,"Men, Semifinals Run 1 Heat 1",Semifinals Run 1 Heat 1,M,Cycling BMX Racing,BMX,BMX Stadium,1895661,DAUDET Joris,Person,FRA,France,1.0,31.752,TIME,,,,4,1
2024-08-02T20:09:37+02:00,BMXMINDVRACE----------SFNL000101--,BMXMINDVRACE,Men,"Men, Semifinals Run 1 Heat 1",Semifinals Run 1 Heat 1,M,Cycling BMX Racing,BMX,BMX Stadium,1895640,ANDRE Sylvain,Person,FRA,France,2.0,32.498,TIME,,+0.746,,1,3
2024-08-02T20:09:37+02:00,BMXMINDVRACE----------SFNL000101--,BMXMINDVRACE,Men,"Men, Semifinals Run 1 Heat 1",Semifinals Run 1 Heat 1,M,Cycling BMX Racing,BMX,BMX Stadium,1543490,CARMONA GARCIA Mateo,Person,COL,Colombia,3.0,32.536,TIME,,+0.784,,3,70
2024-08-02T20:09:37+02:00,BMXMINDVRACE----------SFNL000101--,BMXMINDVRACE,Men,"Men, Semifinals Run 1 Heat 1",Semifinals Run 1 Heat 1,M,Cycling BMX Racing,BMX,BMX Stadium,1955110,WOOD Cameron,Person,USA,United States,4.0,32.640,TIME,,+0.888,,5,12
2024-08-02T20:09:37+02:00,BMXMINDVRACE----------SFNL000101--,BMXMINDVRACE,Men,"Men, Semifinals Run 1 Heat 1",Semifinals Run 1 Heat 1,M,Cycling BMX Racing,BMX,BMX Stadium,1955090,LARSEN Kamren,Person,USA,United States,5.0,32.671,TIME,,+0.919,,2,233
2024-08-02T20:09:37+02:00,BMXMINDVRACE----------SFNL000101--,BMXMINDVRACE,Men,"Men, Semifinals Run 1 Heat 1",Semifinals Run 1 Heat 1,M,Cycling BMX Racing,BMX,BMX Stadium,1545913,BERTAGNOLI Pietro,Person,ITA,Italy,6.0,33.051,TIME,,+1.299,,6,257
2024-08-02T20:09:37+02:00,BMXMINDVRACE----------SFNL000101--,BMXMINDVRACE,Men,"Men, Semifinals Run 1 Heat 1",Semifinals Run 1 Heat 1,M,Cycling BMX Racing,BMX,BMX Stadium,1969212,BRINK Jaymio,Person,NED,Netherlands,7.0,33.313,TIME,,+1.561,,8,239
2024-08-02T20:09:37+02:00,BMXMINDVRACE----------SFNL000101--,BMXMINDVRACE,Men,"Men, Semifinals Run 1 Heat 1",Semifinals Run 1 Heat 1,M,Cycling BMX Racing,BMX,BMX Stadium,1945060,BEARMAN Rico,Person,NZL,New Zealand,8.0,33.382,TIME,,+1.630,,7,6
2024-08-02T20:26:32+02:00,BMXMINDVRACE----------SFNL000102--,BMXMINDVRACE,Men,"Men, Semifinals Run 1 Heat 2",Semifinals Run 1 Heat 2,M,Cycling BMX Racing,BMX,BMX Stadium,1895700,MAHIEU Romain,Person,FRA,France,1.0,31.631,TIME,,,,1,100
2024-08-02T20:26:32+02:00,BMXMINDVRACE----------SFNL000102--,BMXMINDVRACE,Men,"Men, Semifinals Run 1 Heat 2",Semifinals Run 1 Heat 2,M,Cycling BMX Racing,BMX,BMX Stadium,1940124,KENNEDY Izaac,Person,AUS,Australia,2.0,31.985,TIME,,+0.354,,2,10
2024-08-02T20:26:32+02:00,BMXMINDVRACE----------SFNL000102--,BMXMINDVRACE,Men,"Men, Semifinals Run 1 Heat 2",Semifinals Run 1 Heat 2,M,Cycling BMX Racing,BMX,BMX Stadium,1976473,BUTTI Cedric,Person,SUI,Switzerland,3.0,32.375,TIME,,+0.744,,4,149
2024-08-02T20:26:32+02:00,BMXMINDVRACE----------SFNL000102--,BMXMINDVRACE,Men,"Men, Semifinals Run 1 Heat 2",Semifinals Run 1 Heat 2,M,Cycling BMX Racing,BMX,BMX Stadium,1977733,MARQUART Simon,Person,SUI,Switzerland,4.0,32.459,TIME,,+0.828,,7,179
2024-08-02T20:26:32+02:00,BMXMINDVRACE----------SFNL000102--,BMXMINDVRACE,Men,"Men, Semifinals Run 1 Heat 2",Semifinals Run 1 Heat 2,M,Cycling BMX Racing,BMX,BMX Stadium,1912573,WHYTE Kye,Person,GBR,Great Britain,5.0,32.808,TIME,,+1.177,,6,87
2024-08-02T20:26:32+02:00,BMXMINDVRACE----------SFNL000102--,BMXMINDVRACE,Men,"Men, Semifinals Run 1 Heat 2",Semifinals Run 1 Heat 2,M,Cycling BMX Racing,BMX,BMX Stadium,1966324,CAMPO Alfredo Jose,Person,ECU,Ecuador,6.0,33.015,TIME,,+1.384,,5,5
2024-08-02T20:26:32+02:00,BMXMINDVRACE----------SFNL000102--,BMXMINDVRACE,Men,"Men, Semifinals Run 1 Heat 2",Semifinals Run 1 Heat 2,M,Cycling BMX Racing,BMX,BMX Stadium,1543487,ARBOLEDA OSPINA Diego Alejandro,Person,COL,Colombia,7.0,33.405,TIME,,+1.774,,3,741
2024-08-02T20:26:32+02:00,BMXMINDVRACE----------SFNL000102--,BMXMINDVRACE,Men,"Men, Semifinals Run 1 Heat 2",Semifinals Run 1 Heat 2,M,Cycling BMX Racing,BMX,BMX Stadium,1934359,MOLINA VERGARA Mauricio,Person,CHI,Chile,8.0,,IRM,DNF,,,8,7
2024-08-02T20:40:30+02:00,BMXMINDVRACE----------SFNL000202--,BMXMINDVRACE,Men,"Men, Semifinals Run 2 Heat 2",Semifinals Run 2 Heat 2,M,Cycling BMX Racing,BMX,BMX Stadium,1895640,ANDRE Sylvain,Person,FRA,France,1.0,32.010,TIME,,,,3,3
2024-08-02T20:40:30+02:00,BMXMINDVRACE----------SFNL000202--,BMXMINDVRACE,Men,"Men, Semifinals Run 2 Heat 2",Semifinals Run 2 Heat 2,M,Cycling BMX Racing,BMX,BMX Stadium,1895661,DAUDET Joris,Person,FRA,France,2.0,32.855,TIME,,+0.845,,1,1
2024-08-02T20:40:30+02:00,BMXMINDVRACE----------SFNL000202--,BMXMINDVRACE,Men,"Men, Semifinals Run 2 Heat 2",Semifinals Run 2 Heat 2,M,Cycling BMX Racing,BMX,BMX Stadium,1543490,CARMONA GARCIA Mateo,Person,COL,Colombia,3.0,32.981,TIME,,+0.971,,4,70
2024-08-02T20:40:30+02:00,BMXMINDVRACE----------SFNL000202--,BMXMINDVRACE,Men,"Men, Semifinals Run 2 Heat 2",Semifinals Run 2 Heat 2,M,Cycling BMX Racing,BMX,BMX Stadium,1940124,KENNEDY Izaac,Person,AUS,Australia,4.0,33.107,TIME,,+1.097,,2,10
2024-08-02T20:40:30+02:00,BMXMINDVRACE----------SFNL000202--,BMXMINDVRACE,Men,"Men, Semifinals Run 2 Heat 2",Semifinals Run 2 Heat 2,M,Cycling BMX Racing,BMX,BMX Stadium,1945060,BEARMAN Rico,Person,NZL,New Zealand,5.0,33.298,TIME,,+1.288,,7,6
2024-08-02T20:40:30+02:00,BMXMINDVRACE----------SFNL000202--,BMXMINDVRACE,Men,"Men, Semifinals Run 2 Heat 2",Semifinals Run 2 Heat 2,M,Cycling BMX Racing,BMX,BMX Stadium,1543487,ARBOLEDA OSPINA Diego Alejandro,Person,COL,Colombia,6.0,33.362,TIME,,+1.352,,8,741
2024-08-02T20:40:30+02:00,BMXMINDVRACE----------SFNL000202--,BMXMINDVRACE,Men,"Men, Semifinals Run 2 Heat 2",Semifinals Run 2 Heat 2,M,Cycling BMX Racing,BMX,BMX Stadium,1966324,CAMPO Alfredo Jose,Person,ECU,Ecuador,7.0,33.676,TIME,,+1.666,,6,5
2024-08-02T20:40:30+02:00,BMXMINDVRACE----------SFNL000202--,BMXMINDVRACE,Men,"Men, Semifinals Run 2 Heat 2",Semifinals Run 2 Heat 2,M,Cycling BMX Racing,BMX,BMX Stadium,1912573,WHYTE Kye,Person,GBR,Great Britain,8.0,,IRM,DNF,,,5,87
2024-08-02T20:57:08+02:00,BMXMINDVRACE----------SFNL000201--,BMXMINDVRACE,Men,"Men, Semifinals Run 2 Heat 1",Semifinals Run 2 Heat 1,M,Cycling BMX Racing,BMX,BMX Stadium,1895700,MAHIEU Romain,Person,FRA,France,1.0,31.649,TIME,,,,1,100
2024-08-02T20:57:08+02:00,BMXMINDVRACE----------SFNL000201--,BMXMINDVRACE,Men,"Men, Semifinals Run 2 Heat 1",Semifinals Run 2 Heat 1,M,Cycling BMX Racing,BMX,BMX Stadium,1977733,MARQUART Simon,Person,SUI,Switzerland,2.0,32.153,TIME,,+0.504,,3,179
2024-08-02T20:57:08+02:00,BMXMINDVRACE----------SFNL000201--,BMXMINDVRACE,Men,"Men, Semifinals Run 2 Heat 1",Semifinals Run 2 Heat 1,M,Cycling BMX Racing,BMX,BMX Stadium,1545913,BERTAGNOLI Pietro,Person,ITA,Italy,3.0,32.454,TIME,,+0.805,,6,257
2024-08-02T20:57:08+02:00,BMXMINDVRACE----------SFNL000201--,BMXMINDVRACE,Men,"Men, Semifinals Run 2 Heat 1",Semifinals Run 2 Heat 1,M,Cycling BMX Racing,BMX,BMX Stadium,1976473,BUTTI Cedric,Person,SUI,Switzerland,4.0,32.731,TIME,,+1.082,,2,149
2024-08-02T20:57:08+02:00,BMXMINDVRACE----------SFNL000201--,BMXMINDVRACE,Men,"Men, Semifinals Run 2 Heat 1",Semifinals Run 2 Heat 1,M,Cycling BMX Racing,BMX,BMX Stadium,1955110,WOOD Cameron,Person,USA,United States,5.0,34.028,TIME,,+2.379,,4,12
2024-08-02T20:57:08+02:00,BMXMINDVRACE----------SFNL000201--,BMXMINDVRACE,Men,"Men, Semifinals Run 2 Heat 1",Semifinals Run 2 Heat 1,M,Cycling BMX Racing,BMX,BMX Stadium,1969212,BRINK Jaymio,Person,NED,Netherlands,6.0,55.688,TIME,,+24.039,,7,239
2024-08-02T20:57:08+02:00,BMXMINDVRACE----------SFNL000201--,BMXMINDVRACE,Men,"Men, Semifinals Run 2 Heat 1",Semifinals Run 2 Heat 1,M,Cycling BMX Racing,BMX,BMX Stadium,1955090,LARSEN Kamren,Person,USA,United States,7.0,,IRM,DNF,,,5,233
2024-08-02T20:57:08+02:00,BMXMINDVRACE----------SFNL000201--,BMXMINDVRACE,Men,"Men, Semifinals Run 2 Heat 1",Semifinals Run 2 Heat 1,M,Cycling BMX Racing,BMX,BMX Stadium,1934359,MOLINA VERGARA Mauricio,Person,CHI,Chile,8.0,,IRM,DNS,,,8,7
2024-08-02T21:10:33+02:00,BMXMINDVRACE----------SFNL000301--,BMXMINDVRACE,Men,"Men, Semifinals Run 3 Heat 1",Semifinals Run 3 Heat 1,M,Cycling BMX Racing,BMX,BMX Stadium,1895700,MAHIEU Romain,Person,FRA,France,1.0,31.767,TIME,,,,1,100
2024-08-02T21:10:33+02:00,BMXMINDVRACE----------SFNL000301--,BMXMINDVRACE,Men,"Men, Semifinals Run 3 Heat 1",Semifinals Run 3 Heat 1,M,Cycling BMX Racing,BMX,BMX Stadium,1955110,WOOD Cameron,Person,USA,United States,2.0,32.096,TIME,,+0.329,,6,12
2024-08-02T21:10:33+02:00,BMXMINDVRACE----------SFNL000301--,BMXMINDVRACE,Men,"Men, Semifinals Run 3 Heat 1",Semifinals Run 3 Heat 1,M,Cycling BMX Racing,BMX,BMX Stadium,1976473,BUTTI Cedric,Person,SUI,Switzerland,3.0,32.201,TIME,,+0.434,,3,149
2024-08-02T21:10:33+02:00,BMXMINDVRACE----------SFNL000301--,BMXMINDVRACE,Men,"Men, Semifinals Run 3 Heat 1",Semifinals Run 3 Heat 1,M,Cycling BMX Racing,BMX,BMX Stadium,1969212,BRINK Jaymio,Person,NED,Netherlands,4.0,32.336,TIME,,+0.569,,7,239
2024-08-02T21:10:33+02:00,BMXMINDVRACE----------SFNL000301--,BMXMINDVRACE,Men,"Men, Semifinals Run 3 Heat 1",Semifinals Run 3 Heat 1,M,Cycling BMX Racing,BMX,BMX Stadium,1945060,BEARMAN Rico,Person,NZL,New Zealand,5.0,32.626,TIME,,+0.859,,5,6
2024-08-02T21:10:33+02:00,BMXMINDVRACE----------SFNL000301--,BMXMINDVRACE,Men,"Men, Semifinals Run 3 Heat 1",Semifinals Run 3 Heat 1,M,Cycling BMX Racing,BMX,BMX Stadium,1545913,BERTAGNOLI Pietro,Person,ITA,Italy,6.0,32.920,TIME,,+1.153,,2,257
2024-08-02T21:10:33+02:00,BMXMINDVRACE----------SFNL000301--,BMXMINDVRACE,Men,"Men, Semifinals Run 3 Heat 1",Semifinals Run 3 Heat 1,M,Cycling BMX Racing,BMX,BMX Stadium,1940124,KENNEDY Izaac,Person,AUS,Australia,7.0,32.934,TIME,,+1.167,,4,10
2024-08-02T21:10:33+02:00,BMXMINDVRACE----------SFNL000301--,BMXMINDVRACE,Men,"Men, Semifinals Run 3 Heat 1",Semifinals Run 3 Heat 1,M,Cycling BMX Racing,BMX,BMX Stadium,1934359,MOLINA VERGARA Mauricio,Person,CHI,Chile,8.0,,IRM,DNS,,,8,7
2024-08-02T21:10:33+02:00,BMXMINDVRACE----------SFNL000302--,BMXMINDVRACE,Men,"Men, Semifinals Run 3 Heat 2",Semifinals Run 3 Heat 2,M,Cycling BMX Racing,BMX,BMX Stadium,1895661,DAUDET Joris,Person,FRA,France,1.0,31.489,TIME,,,,3,1
2024-08-02T21:10:33+02:00,BMXMINDVRACE----------SFNL000302--,BMXMINDVRACE,Men,"Men, Semifinals Run 3 Heat 2",Semifinals Run 3 Heat 2,M,Cycling BMX Racing,BMX,BMX Stadium,1895640,ANDRE Sylvain,Person,FRA,France,2.0,31.568,TIME,,+0.079,,1,3
2024-08-02T21:10:33+02:00,BMXMINDVRACE----------SFNL000302--,BMXMINDVRACE,Men,"Men, Semifinals Run 3 Heat 2",Semifinals Run 3 Heat 2,M,Cycling BMX Racing,BMX,BMX Stadium,1977733,MARQUART Simon,Person,SUI,Switzerland,3.0,32.343,TIME,,+0.854,,2,179
2024-08-02T21:10:33+02:00,BMXMINDVRACE----------SFNL000302--,BMXMINDVRACE,Men,"Men, Semifinals Run 3 Heat 2",Semifinals Run 3 Heat 2,M,Cycling BMX Racing,BMX,BMX Stadium,1543490,CARMONA GARCIA Mateo,Person,COL,Colombia,4.0,32.745,TIME,,+1.256,,4,70
2024-08-02T21:10:33+02:00,BMXMINDVRACE----------SFNL000302--,BMXMINDVRACE,Men,"Men, Semifinals Run 3 Heat 2",Semifinals Run 3 Heat 2,M,Cycling BMX Racing,BMX,BMX Stadium,1543487,ARBOLEDA OSPINA Diego Alejandro,Person,COL,Colombia,5.0,32.799,TIME,,+1.310,,5,741
2024-08-02T21:10:33+02:00,BMXMINDVRACE----------SFNL000302--,BMXMINDVRACE,Men,"Men, Semifinals Run 3 Heat 2",Semifinals Run 3 Heat 2,M,Cycling BMX Racing,BMX,BMX Stadium,1966324,CAMPO Alfredo Jose,Person,ECU,Ecuador,6.0,33.126,TIME,,+1.637,,6,5
2024-08-02T21:10:33+02:00,BMXMINDVRACE----------SFNL000302--,BMXMINDVRACE,Men,"Men, Semifinals Run 3 Heat 2",Semifinals Run 3 Heat 2,M,Cycling BMX Racing,BMX,BMX Stadium,1955090,LARSEN Kamren,Person,USA,United States,7.0,33.197,TIME,,+1.708,,7,233
2024-08-02T21:10:33+02:00,BMXMINDVRACE----------SFNL000302--,BMXMINDVRACE,Men,"Men, Semifinals Run 3 Heat 2",Semifinals Run 3 Heat 2,M,Cycling BMX Racing,BMX,BMX Stadium,1912573,WHYTE Kye,Person,GBR,Great Britain,8.0,,IRM,DNS,,,8,87
2024-08-02T21:41:54+02:00,BMXMINDVRACE----------FNL-000100--,BMXMINDVRACE,Men,"Men, Final",Final,M,Cycling BMX Racing,BMX,BMX Stadium,1895661,DAUDET Joris,Person,FRA,France,1.0,31.422,TIME,,,,1,1
2024-08-02T21:41:54+02:00,BMXMINDVRACE----------FNL-000100--,BMXMINDVRACE,Men,"Men, Final",Final,M,Cycling BMX Racing,BMX,BMX Stadium,1895640,ANDRE Sylvain,Person,FRA,France,2.0,31.706,TIME,,+0.284,,2,3
2024-08-02T21:41:54+02:00,BMXMINDVRACE----------FNL-000100--,BMXMINDVRACE,Men,"Men, Final",Final,M,Cycling BMX Racing,BMX,BMX Stadium,1895700,MAHIEU Romain,Person,FRA,France,3.0,32.022,TIME,,+0.600,,3,100
2024-08-02T21:41:54+02:00,BMXMINDVRACE----------FNL-000100--,BMXMINDVRACE,Men,"Men, Final",Final,M,Cycling BMX Racing,BMX,BMX Stadium,1976473,BUTTI Cedric,Person,SUI,Switzerland,4.0,32.124,TIME,,+0.702,,5,149
2024-08-02T21:41:54+02:00,BMXMINDVRACE----------FNL-000100--,BMXMINDVRACE,Men,"Men, Final",Final,M,Cycling BMX Racing,BMX,BMX Stadium,1955110,WOOD Cameron,Person,USA,United States,5.0,32.446,TIME,,+1.024,,4,12
2024-08-02T21:41:54+02:00,BMXMINDVRACE----------FNL-000100--,BMXMINDVRACE,Men,"Men, Final",Final,M,Cycling BMX Racing,BMX,BMX Stadium,1543490,CARMONA GARCIA Mateo,Person,COL,Colombia,6.0,33.166,TIME,,+1.744,,7,70
2024-08-02T21:41:54+02:00,BMXMINDVRACE----------FNL-000100--,BMXMINDVRACE,Men,"Men, Final",Final,M,Cycling BMX Racing,BMX,BMX Stadium,1977733,MARQUART Simon,Person,SUI,Switzerland,7.0,44.914,TIME,,+13.492,,6,179
2024-08-02T21:41:54+02:00,BMXMINDVRACE----------FNL-000100--,BMXMINDVRACE,Men,"Men, Final",Final,M,Cycling BMX Racing,BMX,BMX Stadium,1940124,KENNEDY Izaac,Person,AUS,Australia,8.0,,IRM,DNF,,,8,10
2024-08-01T20:35:17+02:00,BMXWINDVRACE----------QFNL000103--,BMXWINDVRACE,Women,"Women, Quarterfinals Run 1 Heat 3",Quarterfinals Run 1 Heat 3,W,Cycling BMX Racing,BMX,BMX Stadium,1912553,SHRIEVER Bethany,Person,GBR,Great Britain,1.0,34.688,TIME,,,,2,911
2024-08-01T20:35:17+02:00,BMXWINDVRACE----------QFNL000103--,BMXWINDVRACE,Women,"Women, Quarterfinals Run 1 Heat 3",Quarterfinals Run 1 Heat 3,W,Cycling BMX Racing,BMX,BMX Stadium,1966693,SIMPSON Molly,Person,CAN,Canada,2.0,35.752,TIME,,+1.064,,3,44
2024-08-01T20:35:17+02:00,BMXWINDVRACE----------QFNL000103--,BMXWINDVRACE,Women,"Women, Quarterfinals Run 1 Heat 3",Quarterfinals Run 1 Heat 3,W,Cycling BMX Racing,BMX,BMX Stadium,1976480,CLAESSENS Zoe,Person,SUI,Switzerland,3.0,36.018,TIME,,+1.330,,1,2
2024-08-01T20:35:17+02:00,BMXWINDVRACE----------QFNL000103--,BMXWINDVRACE,Women,"Women, Quarterfinals Run 1 Heat 3",Quarterfinals Run 1 Heat 3,W,Cycling BMX Racing,BMX,BMX Stadium,1895670,ETIENNE Axelle,Person,FRA,France,4.0,36.354,TIME,,+1.666,,5,13
2024-08-01T20:35:17+02:00,BMXWINDVRACE----------QFNL000103--,BMXWINDVRACE,Women,"Women, Quarterfinals Run 1 Heat 3",Quarterfinals Run 1 Heat 3,W,Cycling BMX Racing,BMX,BMX Stadium,1976419,AEBERHARD Nadine,Person,SUI,Switzerland,5.0,36.588,TIME,,+1.900,,4,94
2024-08-01T20:35:17+02:00,BMXWINDVRACE----------QFNL000103--,BMXWINDVRACE,Women,"Women, Quarterfinals Run 1 Heat 3",Quarterfinals Run 1 Heat 3,W,Cycling BMX Racing,BMX,BMX Stadium,1903122,GOMMERS Aiko,Person,BEL,Belgium,6.0,37.315,TIME,,+2.627,,8,215
2024-08-01T20:35:17+02:00,BMXWINDVRACE----------QFNL000103--,BMXWINDVRACE,Women,"Women, Quarterfinals Run 1 Heat 3",Quarterfinals Run 1 Heat 3,W,Cycling BMX Racing,BMX,BMX Stadium,1543485,BOLLE CARRILLO Gabriela,Person,COL,Colombia,7.0,38.211,TIME,,+3.523,,6,14
2024-08-01T20:35:17+02:00,BMXWINDVRACE----------QFNL000103--,BMXWINDVRACE,Women,"Women, Quarterfinals Run 1 Heat 3",Quarterfinals Run 1 Heat 3,W,Cycling BMX Racing,BMX,BMX Stadium,1540695,HOWELL Shanayah,Person,ARU,Aruba,8.0,39.325,TIME,,+4.637,,7,101
2024-08-01T20:35:17+02:00,BMXWINDVRACE----------QFNL000101--,BMXWINDVRACE,Women,"Women, Quarterfinals Run 1 Heat 1",Quarterfinals Run 1 Heat 1,W,Cycling BMX Racing,BMX,BMX Stadium,1940127,SAKAKIBARA Saya,Person,AUS,Australia,1.0,34.549,TIME,,,,1,77
2024-08-01T20:35:17+02:00,BMXWINDVRACE----------QFNL000101--,BMXWINDVRACE,Women,"Women, Quarterfinals Run 1 Heat 1",Quarterfinals Run 1 Heat 1,W,Cycling BMX Racing,BMX,BMX Stadium,1969174,SMULDERS Laura,Person,NED,Netherlands,2.0,35.076,TIME,,+0.527,,2,110
2024-08-01T20:35:17+02:00,BMXWINDVRACE----------QFNL000101--,BMXWINDVRACE,Women,"Women, Quarterfinals Run 1 Heat 1",Quarterfinals Run 1 Heat 1,W,Cycling BMX Racing,BMX,BMX Stadium,1969181,VEENSTRA Manon,Person,NED,Netherlands,3.0,35.872,TIME,,+1.323,,5,61
2024-08-01T20:35:17+02:00,BMXWINDVRACE----------QFNL000101--,BMXWINDVRACE,Women,"Women, Quarterfinals Run 1 Heat 1",Quarterfinals Run 1 Heat 1,W,Cycling BMX Racing,BMX,BMX Stadium,1940126,REYNOLDS Lauren,Person,AUS,Australia,4.0,35.952,TIME,,+1.403,,4,21
2024-08-01T20:35:17+02:00,BMXWINDVRACE----------QFNL000101--,BMXWINDVRACE,Women,"Women, Quarterfinals Run 1 Heat 1",Quarterfinals Run 1 Heat 1,W,Cycling BMX Racing,BMX,BMX Stadium,1969176,SMULDERS Merel,Person,NED,Netherlands,5.0,36.137,TIME,,+1.588,,3,22
2024-08-01T20:35:17+02:00,BMXWINDVRACE----------QFNL000101--,BMXWINDVRACE,Women,"Women, Quarterfinals Run 1 Heat 1",Quarterfinals Run 1 Heat 1,W,Cycling BMX Racing,BMX,BMX Stadium,1953494,REIS SANTOS Paola,Person,BRA,Brazil,6.0,37.101,TIME,,+2.552,,6,203
2024-08-01T20:35:17+02:00,BMXWINDVRACE----------QFNL000101--,BMXWINDVRACE,Women,"Women, Quarterfinals Run 1 Heat 1",Quarterfinals Run 1 Heat 1,W,Cycling BMX Racing,BMX,BMX Stadium,1947924,STURISKA Veronika Monika,Person,LAT,Latvia,7.0,37.206,TIME,,+2.657,,8,218
2024-08-01T20:35:17+02:00,BMXWINDVRACE----------QFNL000101--,BMXWINDVRACE,Women,"Women, Quarterfinals Run 1 Heat 1",Quarterfinals Run 1 Heat 1,W,Cycling BMX Racing,BMX,BMX Stadium,1945772,HATAKEYAMA Sae,Person,JPN,Japan,8.0,,IRM,DNF,,,7,85
2024-08-01T20:35:17+02:00,BMXWINDVRACE----------QFNL000102--,BMXWINDVRACE,Women,"Women, Quarterfinals Run 1 Heat 2",Quarterfinals Run 1 Heat 2,W,Cycling BMX Racing,BMX,BMX Stadium,1955109,WILLOUGHBY Alise,Person,USA,United States,1.0,35.459,TIME,,,,1,11
2024-08-01T20:35:17+02:00,BMXWINDVRACE----------QFNL000102--,BMXWINDVRACE,Women,"Women, Quarterfinals Run 1 Heat 2",Quarterfinals Run 1 Heat 2,W,Cycling BMX Racing,BMX,BMX Stadium,1955107,VAUGHN Daleny,Person,USA,United States,2.0,36.099,TIME,,+0.640,,3,31
2024-08-01T20:35:17+02:00,BMXWINDVRACE----------QFNL000102--,BMXWINDVRACE,Women,"Women, Quarterfinals Run 1 Heat 2",Quarterfinals Run 1 Heat 2,W,Cycling BMX Racing,BMX,BMX Stadium,1945047,WALKER Leila,Person,NZL,New Zealand,3.0,36.974,TIME,,+1.515,,6,7
2024-08-01T20:35:17+02:00,BMXWINDVRACE----------QFNL000102--,BMXWINDVRACE,Women,"Women, Quarterfinals Run 1 Heat 2",Quarterfinals Run 1 Heat 2,W,Cycling BMX Racing,BMX,BMX Stadium,1909859,KEJLSTRUP Malene,Person,DEN,Denmark,4.0,37.270,TIME,,+1.811,,5,175
2024-08-01T20:35:17+02:00,BMXWINDVRACE----------QFNL000102--,BMXWINDVRACE,Women,"Women, Quarterfinals Run 1 Heat 2",Quarterfinals Run 1 Heat 2,W,Cycling BMX Racing,BMX,BMX Stadium,1955104,STANCIL Felicia,Person,USA,United States,5.0,37.732,TIME,,+2.273,,2,23
2024-08-01T20:35:17+02:00,BMXWINDVRACE----------QFNL000102--,BMXWINDVRACE,Women,"Women, Quarterfinals Run 1 Heat 2",Quarterfinals Run 1 Heat 2,W,Cycling BMX Racing,BMX,BMX Stadium,1543483,PAJON LONDONO Mariana,Person,COL,Colombia,6.0,37.832,TIME,,+2.373,,4,100
2024-08-01T20:35:17+02:00,BMXWINDVRACE----------QFNL000102--,BMXWINDVRACE,Women,"Women, Quarterfinals Run 1 Heat 2",Quarterfinals Run 1 Heat 2,W,Cycling BMX Racing,BMX,BMX Stadium,1889789,BECK Alina,Person,GER,Germany,7.0,38.371,TIME,,+2.912,,8,230
2024-08-01T20:35:17+02:00,BMXWINDVRACE----------QFNL000102--,BMXWINDVRACE,Women,"Women, Quarterfinals Run 1 Heat 2",Quarterfinals Run 1 Heat 2,W,Cycling BMX Racing,BMX,BMX Stadium,1943611,MASETI Miyanda,Person,RSA,South Africa,8.0,43.011,TIME,,+7.552,,7,209
2024-08-01T21:13:57+02:00,BMXWINDVRACE----------QFNL000202--,BMXWINDVRACE,Women,"Women, Quarterfinals Run 2 Heat 2",Quarterfinals Run 2 Heat 2,W,Cycling BMX Racing,BMX,BMX Stadium,1912553,SHRIEVER Bethany,Person,GBR,Great Britain,1.0,34.421,TIME,,,,1,911
2024-08-01T21:13:57+02:00,BMXWINDVRACE----------QFNL000202--,BMXWINDVRACE,Women,"Women, Quarterfinals Run 2 Heat 2",Quarterfinals Run 2 Heat 2,W,Cycling BMX Racing,BMX,BMX Stadium,1976480,CLAESSENS Zoe,Person,SUI,Switzerland,2.0,35.423,TIME,,+1.002,,3,2
2024-08-01T21:13:57+02:00,BMXWINDVRACE----------QFNL000202--,BMXWINDVRACE,Women,"Women, Quarterfinals Run 2 Heat 2",Quarterfinals Run 2 Heat 2,W,Cycling BMX Racing,BMX,BMX Stadium,1966693,SIMPSON Molly,Person,CAN,Canada,3.0,35.508,TIME,,+1.087,,2,44
2024-08-01T21:13:57+02:00,BMXWINDVRACE----------QFNL000202--,BMXWINDVRACE,Women,"Women, Quarterfinals Run 2 Heat 2",Quarterfinals Run 2 Heat 2,W,Cycling BMX Racing,BMX,BMX Stadium,1953494,REIS SANTOS Paola,Person,BRA,Brazil,4.0,36.259,TIME,,+1.838,,5,203
2024-08-01T21:13:57+02:00,BMXWINDVRACE----------QFNL000202--,BMXWINDVRACE,Women,"Women, Quarterfinals Run 2 Heat 2",Quarterfinals Run 2 Heat 2,W,Cycling BMX Racing,BMX,BMX Stadium,1543485,BOLLE CARRILLO Gabriela,Person,COL,Colombia,5.0,37.266,TIME,,+2.845,,7,14
2024-08-01T21:13:57+02:00,BMXWINDVRACE----------QFNL000202--,BMXWINDVRACE,Women,"Women, Quarterfinals Run 2 Heat 2",Quarterfinals Run 2 Heat 2,W,Cycling BMX Racing,BMX,BMX Stadium,1903122,GOMMERS Aiko,Person,BEL,Belgium,6.0,37.329,TIME,,+2.908,,6,215
2024-08-01T21:13:57+02:00,BMXWINDVRACE----------QFNL000202--,BMXWINDVRACE,Women,"Women, Quarterfinals Run 2 Heat 2",Quarterfinals Run 2 Heat 2,W,Cycling BMX Racing,BMX,BMX Stadium,1943611,MASETI Miyanda,Person,RSA,South Africa,7.0,42.401,TIME,,+7.980,,8,209
2024-08-01T21:13:57+02:00,BMXWINDVRACE----------QFNL000202--,BMXWINDVRACE,Women,"Women, Quarterfinals Run 2 Heat 2",Quarterfinals Run 2 Heat 2,W,Cycling BMX Racing,BMX,BMX Stadium,1895670,ETIENNE Axelle,Person,FRA,France,8.0,1:00.895,TIME,,+26.474,,4,13
2024-08-01T21:13:57+02:00,BMXWINDVRACE----------QFNL000201--,BMXWINDVRACE,Women,"Women, Quarterfinals Run 2 Heat 1",Quarterfinals Run 2 Heat 1,W,Cycling BMX Racing,BMX,BMX Stadium,1940127,SAKAKIBARA Saya,Person,AUS,Australia,1.0,34.376,TIME,,,,1,77
2024-08-01T21:13:57+02:00,BMXWINDVRACE----------QFNL000201--,BMXWINDVRACE,Women,"Women, Quarterfinals Run 2 Heat 1",Quarterfinals Run 2 Heat 1,W,Cycling BMX Racing,BMX,BMX Stadium,1969181,VEENSTRA Manon,Person,NED,Netherlands,2.0,35.042,TIME,,+0.666,,2,61
2024-08-01T21:13:57+02:00,BMXWINDVRACE----------QFNL000201--,BMXWINDVRACE,Women,"Women, Quarterfinals Run 2 Heat 1",Quarterfinals Run 2 Heat 1,W,Cycling BMX Racing,BMX,BMX Stadium,1940126,REYNOLDS Lauren,Person,AUS,Australia,3.0,35.564,TIME,,+1.188,,3,21
2024-08-01T21:13:57+02:00,BMXWINDVRACE----------QFNL000201--,BMXWINDVRACE,Women,"Women, Quarterfinals Run 2 Heat 1",Quarterfinals Run 2 Heat 1,W,Cycling BMX Racing,BMX,BMX Stadium,1976419,AEBERHARD Nadine,Person,SUI,Switzerland,4.0,35.654,TIME,,+1.278,,4,94
2024-08-01T21:13:57+02:00,BMXWINDVRACE----------QFNL000201--,BMXWINDVRACE,Women,"Women, Quarterfinals Run 2 Heat 1",Quarterfinals Run 2 Heat 1,W,Cycling BMX Racing,BMX,BMX Stadium,1543483,PAJON LONDONO Mariana,Person,COL,Colombia,5.0,35.847,TIME,,+1.471,,7,100
2024-08-01T21:13:57+02:00,BMXWINDVRACE----------QFNL000201--,BMXWINDVRACE,Women,"Women, Quarterfinals Run 2 Heat 1",Quarterfinals Run 2 Heat 1,W,Cycling BMX Racing,BMX,BMX Stadium,1945047,WALKER Leila,Person,NZL,New Zealand,6.0,36.288,TIME,,+1.912,,5,7
2024-08-01T21:13:57+02:00,BMXWINDVRACE----------QFNL000201--,BMXWINDVRACE,Women,"Women, Quarterfinals Run 2 Heat 1",Quarterfinals Run 2 Heat 1,W,Cycling BMX Racing,BMX,BMX Stadium,1945772,HATAKEYAMA Sae,Person,JPN,Japan,7.0,37.953,TIME,,+3.577,,8,85
2024-08-01T21:13:57+02:00,BMXWINDVRACE----------QFNL000201--,BMXWINDVRACE,Women,"Women, Quarterfinals Run 2 Heat 1",Quarterfinals Run 2 Heat 1,W,Cycling BMX Racing,BMX,BMX Stadium,1955104,STANCIL Felicia,Person,USA,United States,8.0,46.155,TIME,,+11.779,,6,23
2024-08-01T21:13:57+02:00,BMXWINDVRACE----------QFNL000203--,BMXWINDVRACE,Women,"Women, Quarterfinals Run 2 Heat 3",Quarterfinals Run 2 Heat 3,W,Cycling BMX Racing,BMX,BMX Stadium,1955109,WILLOUGHBY Alise,Person,USA,United States,1.0,35.033,TIME,,,,2,11
2024-08-01T21:13:57+02:00,BMXWINDVRACE----------QFNL000203--,BMXWINDVRACE,Women,"Women, Quarterfinals Run 2 Heat 3",Quarterfinals Run 2 Heat 3,W,Cycling BMX Racing,BMX,BMX Stadium,1969174,SMULDERS Laura,Person,NED,Netherlands,2.0,35.728,TIME,,+0.695,,1,110
2024-08-01T21:13:57+02:00,BMXWINDVRACE----------QFNL000203--,BMXWINDVRACE,Women,"Women, Quarterfinals Run 2 Heat 3",Quarterfinals Run 2 Heat 3,W,Cycling BMX Racing,BMX,BMX Stadium,1969176,SMULDERS Merel,Person,NED,Netherlands,3.0,35.760,TIME,,+0.727,,4,22
2024-08-01T21:13:57+02:00,BMXWINDVRACE----------QFNL000203--,BMXWINDVRACE,Women,"Women, Quarterfinals Run 2 Heat 3",Quarterfinals Run 2 Heat 3,W,Cycling BMX Racing,BMX,BMX Stadium,1955107,VAUGHN Daleny,Person,USA,United States,4.0,36.482,TIME,,+1.449,,3,31
2024-08-01T21:13:57+02:00,BMXWINDVRACE----------QFNL000203--,BMXWINDVRACE,Women,"Women, Quarterfinals Run 2 Heat 3",Quarterfinals Run 2 Heat 3,W,Cycling BMX Racing,BMX,BMX Stadium,1909859,KEJLSTRUP Malene,Person,DEN,Denmark,5.0,36.762,TIME,,+1.729,,6,175
2024-08-01T21:13:57+02:00,BMXWINDVRACE----------QFNL000203--,BMXWINDVRACE,Women,"Women, Quarterfinals Run 2 Heat 3",Quarterfinals Run 2 Heat 3,W,Cycling BMX Racing,BMX,BMX Stadium,1947924,STURISKA Veronika Monika,Person,LAT,Latvia,6.0,37.007,TIME,,+1.974,,5,218
2024-08-01T21:13:57+02:00,BMXWINDVRACE----------QFNL000203--,BMXWINDVRACE,Women,"Women, Quarterfinals Run 2 Heat 3",Quarterfinals Run 2 Heat 3,W,Cycling BMX Racing,BMX,BMX Stadium,1540695,HOWELL Shanayah,Person,ARU,Aruba,7.0,38.889,TIME,,+3.856,,8,101
2024-08-01T21:13:57+02:00,BMXWINDVRACE----------QFNL000203--,BMXWINDVRACE,Women,"Women, Quarterfinals Run 2 Heat 3",Quarterfinals Run 2 Heat 3,W,Cycling BMX Racing,BMX,BMX Stadium,1889789,BECK Alina,Person,GER,Germany,8.0,39.874,TIME,,+4.841,,7,230
2024-08-01T21:54:42+02:00,BMXWINDVRACE----------QFNL000302--,BMXWINDVRACE,Women,"Women, Quarterfinals Run 3 Heat 2",Quarterfinals Run 3 Heat 2,W,Cycling BMX Racing,BMX,BMX Stadium,1912553,SHRIEVER Bethany,Person,GBR,Great Britain,1.0,34.590,TIME,,,,1,911
2024-08-01T21:54:42+02:00,BMXWINDVRACE----------QFNL000302--,BMXWINDVRACE,Women,"Women, Quarterfinals Run 3 Heat 2",Quarterfinals Run 3 Heat 2,W,Cycling BMX Racing,BMX,BMX Stadium,1955107,VAUGHN Daleny,Person,USA,United States,2.0,36.360,TIME,,+1.770,,5,31
2024-08-01T21:54:42+02:00,BMXWINDVRACE----------QFNL000302--,BMXWINDVRACE,Women,"Women, Quarterfinals Run 3 Heat 2",Quarterfinals Run 3 Heat 2,W,Cycling BMX Racing,BMX,BMX Stadium,1976480,CLAESSENS Zoe,Person,SUI,Switzerland,3.0,36.393,TIME,,+1.803,,2,2
2024-08-01T21:54:42+02:00,BMXWINDVRACE----------QFNL000302--,BMXWINDVRACE,Women,"Women, Quarterfinals Run 3 Heat 2",Quarterfinals Run 3 Heat 2,W,Cycling BMX Racing,BMX,BMX Stadium,1543485,BOLLE CARRILLO Gabriela,Person,COL,Colombia,4.0,36.593,TIME,,+2.003,,6,14
2024-08-01T21:54:42+02:00,BMXWINDVRACE----------QFNL000302--,BMXWINDVRACE,Women,"Women, Quarterfinals Run 3 Heat 2",Quarterfinals Run 3 Heat 2,W,Cycling BMX Racing,BMX,BMX Stadium,1543483,PAJON LONDONO Mariana,Person,COL,Colombia,5.0,36.823,TIME,,+2.233,,4,100
2024-08-01T21:54:42+02:00,BMXWINDVRACE----------QFNL000302--,BMXWINDVRACE,Women,"Women, Quarterfinals Run 3 Heat 2",Quarterfinals Run 3 Heat 2,W,Cycling BMX Racing,BMX,BMX Stadium,1976419,AEBERHARD Nadine,Person,SUI,Switzerland,6.0,37.099,TIME,,+2.509,,3,94
2024-08-01T21:54:42+02:00,BMXWINDVRACE----------QFNL000302--,BMXWINDVRACE,Women,"Women, Quarterfinals Run 3 Heat 2",Quarterfinals Run 3 Heat 2,W,Cycling BMX Racing,BMX,BMX Stadium,1955104,STANCIL Felicia,Person,USA,United States,7.0,37.763,TIME,,+3.173,,8,23
2024-08-01T21:54:42+02:00,BMXWINDVRACE----------QFNL000302--,BMXWINDVRACE,Women,"Women, Quarterfinals Run 3 Heat 2",Quarterfinals Run 3 Heat 2,W,Cycling BMX Racing,BMX,BMX Stadium,1540695,HOWELL Shanayah,Person,ARU,Aruba,8.0,39.492,TIME,,+4.902,,7,101
2024-08-01T21:54:42+02:00,BMXWINDVRACE----------QFNL000301--,BMXWINDVRACE,Women,"Women, Quarterfinals Run 3 Heat 1",Quarterfinals Run 3 Heat 1,W,Cycling BMX Racing,BMX,BMX Stadium,1940127,SAKAKIBARA Saya,Person,AUS,Australia,1.0,34.515,TIME,,,,1,77
2024-08-01T21:54:42+02:00,BMXWINDVRACE----------QFNL000301--,BMXWINDVRACE,Women,"Women, Quarterfinals Run 3 Heat 1",Quarterfinals Run 3 Heat 1,W,Cycling BMX Racing,BMX,BMX Stadium,1966693,SIMPSON Molly,Person,CAN,Canada,2.0,35.311,TIME,,+0.796,,2,44
2024-08-01T21:54:42+02:00,BMXWINDVRACE----------QFNL000301--,BMXWINDVRACE,Women,"Women, Quarterfinals Run 3 Heat 1",Quarterfinals Run 3 Heat 1,W,Cycling BMX Racing,BMX,BMX Stadium,1940126,REYNOLDS Lauren,Person,AUS,Australia,3.0,35.589,TIME,,+1.074,,3,21
2024-08-01T21:54:42+02:00,BMXWINDVRACE----------QFNL000301--,BMXWINDVRACE,Women,"Women, Quarterfinals Run 3 Heat 1",Quarterfinals Run 3 Heat 1,W,Cycling BMX Racing,BMX,BMX Stadium,1895670,ETIENNE Axelle,Person,FRA,France,4.0,36.050,TIME,,+1.535,,8,13
2024-08-01T21:54:42+02:00,BMXWINDVRACE----------QFNL000301--,BMXWINDVRACE,Women,"Women, Quarterfinals Run 3 Heat 1",Quarterfinals Run 3 Heat 1,W,Cycling BMX Racing,BMX,BMX Stadium,1945772,HATAKEYAMA Sae,Person,JPN,Japan,5.0,36.720,TIME,,+2.205,,7,85
2024-08-01T21:54:42+02:00,BMXWINDVRACE----------QFNL000301--,BMXWINDVRACE,Women,"Women, Quarterfinals Run 3 Heat 1",Quarterfinals Run 3 Heat 1,W,Cycling BMX Racing,BMX,BMX Stadium,1953494,REIS SANTOS Paola,Person,BRA,Brazil,6.0,36.998,TIME,,+2.483,,4,203
2024-08-01T21:54:42+02:00,BMXWINDVRACE----------QFNL000301--,BMXWINDVRACE,Women,"Women, Quarterfinals Run 3 Heat 1",Quarterfinals Run 3 Heat 1,W,Cycling BMX Racing,BMX,BMX Stadium,1903122,GOMMERS Aiko,Person,BEL,Belgium,7.0,37.362,TIME,,+2.847,,6,215
2024-08-01T21:54:42+02:00,BMXWINDVRACE----------QFNL000301--,BMXWINDVRACE,Women,"Women, Quarterfinals Run 3 Heat 1",Quarterfinals Run 3 Heat 1,W,Cycling BMX Racing,BMX,BMX Stadium,1945047,WALKER Leila,Person,NZL,New Zealand,8.0,38.347,TIME,,+3.832,,5,7
2024-08-01T21:54:42+02:00,BMXWINDVRACE----------QFNL000303--,BMXWINDVRACE,Women,"Women, Quarterfinals Run 3 Heat 3",Quarterfinals Run 3 Heat 3,W,Cycling BMX Racing,BMX,BMX Stadium,1955109,WILLOUGHBY Alise,Person,USA,United States,1.0,35.483,TIME,,,,1,11
2024-08-01T21:54:42+02:00,BMXWINDVRACE----------QFNL000303--,BMXWINDVRACE,Women,"Women, Quarterfinals Run 3 Heat 3",Quarterfinals Run 3 Heat 3,W,Cycling BMX Racing,BMX,BMX Stadium,1969181,VEENSTRA Manon,Person,NED,Netherlands,2.0,35.520,TIME,,+0.037,,2,61
2024-08-01T21:54:42+02:00,BMXWINDVRACE----------QFNL000303--,BMXWINDVRACE,Women,"Women, Quarterfinals Run 3 Heat 3",Quarterfinals Run 3 Heat 3,W,Cycling BMX Racing,BMX,BMX Stadium,1969176,SMULDERS Merel,Person,NED,Netherlands,3.0,35.649,TIME,,+0.166,,4,22
2024-08-01T21:54:42+02:00,BMXWINDVRACE----------QFNL000303--,BMXWINDVRACE,Women,"Women, Quarterfinals Run 3 Heat 3",Quarterfinals Run 3 Heat 3,W,Cycling BMX Racing,BMX,BMX Stadium,1969174,SMULDERS Laura,Person,NED,Netherlands,4.0,35.792,TIME,,+0.309,,3,110
2024-08-01T21:54:42+02:00,BMXWINDVRACE----------QFNL000303--,BMXWINDVRACE,Women,"Women, Quarterfinals Run 3 Heat 3",Quarterfinals Run 3 Heat 3,W,Cycling BMX Racing,BMX,BMX Stadium,1889789,BECK Alina,Person,GER,Germany,5.0,37.017,TIME,,+1.534,,7,230
2024-08-01T21:54:42+02:00,BMXWINDVRACE----------QFNL000303--,BMXWINDVRACE,Women,"Women, Quarterfinals Run 3 Heat 3",Quarterfinals Run 3 Heat 3,W,Cycling BMX Racing,BMX,BMX Stadium,1947924,STURISKA Veronika Monika,Person,LAT,Latvia,6.0,37.120,TIME,,+1.637,,6,218
2024-08-01T21:54:42+02:00,BMXWINDVRACE----------QFNL000303--,BMXWINDVRACE,Women,"Women, Quarterfinals Run 3 Heat 3",Quarterfinals Run 3 Heat 3,W,Cycling BMX Racing,BMX,BMX Stadium,1909859,KEJLSTRUP Malene,Person,DEN,Denmark,7.0,37.629,TIME,,+2.146,,5,175
2024-08-01T21:54:42+02:00,BMXWINDVRACE----------QFNL000303--,BMXWINDVRACE,Women,"Women, Quarterfinals Run 3 Heat 3",Quarterfinals Run 3 Heat 3,W,Cycling BMX Racing,BMX,BMX Stadium,1943611,MASETI Miyanda,Person,RSA,South Africa,8.0,43.210,TIME,,+7.727,,8,209
2024-08-01T22:18:34+02:00,BMXWINDVRACE----------REP-000100--,BMXWINDVRACE,Women,"Women, Last Chance Race",Last Chance Race,W,Cycling BMX Racing,BMX,BMX Stadium,1543483,PAJON LONDONO Mariana,Person,COL,Colombia,1.0,36.015,TIME,,,Q,3,100
2024-08-01T22:18:34+02:00,BMXWINDVRACE----------REP-000100--,BMXWINDVRACE,Women,"Women, Last Chance Race",Last Chance Race,W,Cycling BMX Racing,BMX,BMX Stadium,1945772,HATAKEYAMA Sae,Person,JPN,Japan,2.0,37.068,TIME,,+1.053,Q,2,85
2024-08-01T22:18:34+02:00,BMXWINDVRACE----------REP-000100--,BMXWINDVRACE,Women,"Women, Last Chance Race",Last Chance Race,W,Cycling BMX Racing,BMX,BMX Stadium,1543485,BOLLE CARRILLO Gabriela,Person,COL,Colombia,3.0,37.373,TIME,,+1.358,Q,1,14
2024-08-01T22:18:34+02:00,BMXWINDVRACE----------REP-000100--,BMXWINDVRACE,Women,"Women, Last Chance Race",Last Chance Race,W,Cycling BMX Racing,BMX,BMX Stadium,1909859,KEJLSTRUP Malene,Person,DEN,Denmark,4.0,37.375,TIME,,+1.360,Q,7,175
2024-08-01T22:18:34+02:00,BMXWINDVRACE----------REP-000100--,BMXWINDVRACE,Women,"Women, Last Chance Race",Last Chance Race,W,Cycling BMX Racing,BMX,BMX Stadium,1903122,GOMMERS Aiko,Person,BEL,Belgium,5.0,37.819,TIME,,+1.804,,6,215
2024-08-01T22:18:34+02:00,BMXWINDVRACE----------REP-000100--,BMXWINDVRACE,Women,"Women, Last Chance Race",Last Chance Race,W,Cycling BMX Racing,BMX,BMX Stadium,1945047,WALKER Leila,Person,NZL,New Zealand,6.0,38.362,TIME,,+2.347,,8,7
2024-08-01T22:18:34+02:00,BMXWINDVRACE----------REP-000100--,BMXWINDVRACE,Women,"Women, Last Chance Race",Last Chance Race,W,Cycling BMX Racing,BMX,BMX Stadium,1953494,REIS SANTOS Paola,Person,BRA,Brazil,7.0,2:14.343,TIME,,+1:38.328,,4,203
2024-08-01T22:18:34+02:00,BMXWINDVRACE----------REP-000100--,BMXWINDVRACE,Women,"Women, Last Chance Race",Last Chance Race,W,Cycling BMX Racing,BMX,BMX Stadium,1947924,STURISKA Veronika Monika,Person,LAT,Latvia,8.0,2:15.767,TIME,,+1:39.752,,5,218
2024-08-02T20:27:58+02:00,BMXWINDVRACE----------SFNL000102--,BMXWINDVRACE,Women,"Women, Semifinals Run 1 Heat 2",Semifinals Run 1 Heat 2,W,Cycling BMX Racing,BMX,BMX Stadium,1912553,SHRIEVER Bethany,Person,GBR,Great Britain,1.0,34.297,TIME,,,,1,911
2024-08-02T20:27:58+02:00,BMXWINDVRACE----------SFNL000102--,BMXWINDVRACE,Women,"Women, Semifinals Run 1 Heat 2",Semifinals Run 1 Heat 2,W,Cycling BMX Racing,BMX,BMX Stadium,1966693,SIMPSON Molly,Person,CAN,Canada,2.0,35.599,TIME,,+1.302,,2,44
2024-08-02T20:27:58+02:00,BMXWINDVRACE----------SFNL000102--,BMXWINDVRACE,Women,"Women, Semifinals Run 1 Heat 2",Semifinals Run 1 Heat 2,W,Cycling BMX Racing,BMX,BMX Stadium,1940126,REYNOLDS Lauren,Person,AUS,Australia,3.0,35.814,TIME,,+1.517,,3,21
2024-08-02T20:27:58+02:00,BMXWINDVRACE----------SFNL000102--,BMXWINDVRACE,Women,"Women, Semifinals Run 1 Heat 2",Semifinals Run 1 Heat 2,W,Cycling BMX Racing,BMX,BMX Stadium,1955107,VAUGHN Daleny,Person,USA,United States,4.0,36.181,TIME,,+1.884,,5,31
2024-08-02T20:27:58+02:00,BMXWINDVRACE----------SFNL000102--,BMXWINDVRACE,Women,"Women, Semifinals Run 1 Heat 2",Semifinals Run 1 Heat 2,W,Cycling BMX Racing,BMX,BMX Stadium,1976480,CLAESSENS Zoe,Person,SUI,Switzerland,5.0,36.235,TIME,,+1.938,,6,2
2024-08-02T20:27:58+02:00,BMXWINDVRACE----------SFNL000102--,BMXWINDVRACE,Women,"Women, Semifinals Run 1 Heat 2",Semifinals Run 1 Heat 2,W,Cycling BMX Racing,BMX,BMX Stadium,1543485,BOLLE CARRILLO Gabriela,Person,COL,Colombia,6.0,37.232,TIME,,+2.935,,8,14
2024-08-02T20:27:58+02:00,BMXWINDVRACE----------SFNL000102--,BMXWINDVRACE,Women,"Women, Semifinals Run 1 Heat 2",Semifinals Run 1 Heat 2,W,Cycling BMX Racing,BMX,BMX Stadium,1945772,HATAKEYAMA Sae,Person,JPN,Japan,7.0,37.600,TIME,,+3.303,,7,85
2024-08-02T20:27:58+02:00,BMXWINDVRACE----------SFNL000102--,BMXWINDVRACE,Women,"Women, Semifinals Run 1 Heat 2",Semifinals Run 1 Heat 2,W,Cycling BMX Racing,BMX,BMX Stadium,1969176,SMULDERS Merel,Person,NED,Netherlands,8.0,,IRM,REL,,,4,22
2024-08-02T20:27:58+02:00,BMXWINDVRACE----------SFNL000101--,BMXWINDVRACE,Women,"Women, Semifinals Run 1 Heat 1",Semifinals Run 1 Heat 1,W,Cycling BMX Racing,BMX,BMX Stadium,1940127,SAKAKIBARA Saya,Person,AUS,Australia,1.0,34.162,TIME,,,,1,77
2024-08-02T20:27:58+02:00,BMXWINDVRACE----------SFNL000101--,BMXWINDVRACE,Women,"Women, Semifinals Run 1 Heat 1",Semifinals Run 1 Heat 1,W,Cycling BMX Racing,BMX,BMX Stadium,1955109,WILLOUGHBY Alise,Person,USA,United States,2.0,34.892,TIME,,+0.730,,2,11
2024-08-02T20:27:58+02:00,BMXWINDVRACE----------SFNL000101--,BMXWINDVRACE,Women,"Women, Semifinals Run 1 Heat 1",Semifinals Run 1 Heat 1,W,Cycling BMX Racing,BMX,BMX Stadium,1969181,VEENSTRA Manon,Person,NED,Netherlands,3.0,35.016,TIME,,+0.854,,3,61
2024-08-02T20:27:58+02:00,BMXWINDVRACE----------SFNL000101--,BMXWINDVRACE,Women,"Women, Semifinals Run 1 Heat 1",Semifinals Run 1 Heat 1,W,Cycling BMX Racing,BMX,BMX Stadium,1969174,SMULDERS Laura,Person,NED,Netherlands,4.0,36.165,TIME,,+2.003,,4,110
2024-08-02T20:27:58+02:00,BMXWINDVRACE----------SFNL000101--,BMXWINDVRACE,Women,"Women, Semifinals Run 1 Heat 1",Semifinals Run 1 Heat 1,W,Cycling BMX Racing,BMX,BMX Stadium,1543483,PAJON LONDONO Mariana,Person,COL,Colombia,5.0,36.802,TIME,,+2.640,,7,100
2024-08-02T20:27:58+02:00,BMXWINDVRACE----------SFNL000101--,BMXWINDVRACE,Women,"Women, Semifinals Run 1 Heat 1",Semifinals Run 1 Heat 1,W,Cycling BMX Racing,BMX,BMX Stadium,1895670,ETIENNE Axelle,Person,FRA,France,6.0,37.202,TIME,,+3.040,,5,13
2024-08-02T20:27:58+02:00,BMXWINDVRACE----------SFNL000101--,BMXWINDVRACE,Women,"Women, Semifinals Run 1 Heat 1",Semifinals Run 1 Heat 1,W,Cycling BMX Racing,BMX,BMX Stadium,1909859,KEJLSTRUP Malene,Person,DEN,Denmark,7.0,37.493,TIME,,+3.331,,8,175
2024-08-02T20:27:58+02:00,BMXWINDVRACE----------SFNL000101--,BMXWINDVRACE,Women,"Women, Semifinals Run 1 Heat 1",Semifinals Run 1 Heat 1,W,Cycling BMX Racing,BMX,BMX Stadium,1976419,AEBERHARD Nadine,Person,SUI,Switzerland,8.0,,IRM,DNF,,,6,94
2024-08-02T20:57:40+02:00,BMXWINDVRACE----------SFNL000201--,BMXWINDVRACE,Women,"Women, Semifinals Run 2 Heat 1",Semifinals Run 2 Heat 1,W,Cycling BMX Racing,BMX,BMX Stadium,1940127,SAKAKIBARA Saya,Person,AUS,Australia,1.0,34.847,TIME,,,,1,77
2024-08-02T20:57:40+02:00,BMXWINDVRACE----------SFNL000201--,BMXWINDVRACE,Women,"Women, Semifinals Run 2 Heat 1",Semifinals Run 2 Heat 1,W,Cycling BMX Racing,BMX,BMX Stadium,1969181,VEENSTRA Manon,Person,NED,Netherlands,2.0,35.178,TIME,,+0.331,,2,61
2024-08-02T20:57:40+02:00,BMXWINDVRACE----------SFNL000201--,BMXWINDVRACE,Women,"Women, Semifinals Run 2 Heat 1",Semifinals Run 2 Heat 1,W,Cycling BMX Racing,BMX,BMX Stadium,1976480,CLAESSENS Zoe,Person,SUI,Switzerland,3.0,35.206,TIME,,+0.359,,5,2
2024-08-02T20:57:40+02:00,BMXWINDVRACE----------SFNL000201--,BMXWINDVRACE,Women,"Women, Semifinals Run 2 Heat 1",Semifinals Run 2 Heat 1,W,Cycling BMX Racing,BMX,BMX Stadium,1966693,SIMPSON Molly,Person,CAN,Canada,4.0,35.953,TIME,,+1.106,,3,44
2024-08-02T20:57:40+02:00,BMXWINDVRACE----------SFNL000201--,BMXWINDVRACE,Women,"Women, Semifinals Run 2 Heat 1",Semifinals Run 2 Heat 1,W,Cycling BMX Racing,BMX,BMX Stadium,1543485,BOLLE CARRILLO Gabriela,Person,COL,Colombia,5.0,36.199,TIME,,+1.352,,6,14
2024-08-02T20:57:40+02:00,BMXWINDVRACE----------SFNL000201--,BMXWINDVRACE,Women,"Women, Semifinals Run 2 Heat 1",Semifinals Run 2 Heat 1,W,Cycling BMX Racing,BMX,BMX Stadium,1955107,VAUGHN Daleny,Person,USA,United States,6.0,37.333,TIME,,+2.486,,4,31
2024-08-02T20:57:40+02:00,BMXWINDVRACE----------SFNL000201--,BMXWINDVRACE,Women,"Women, Semifinals Run 2 Heat 1",Semifinals Run 2 Heat 1,W,Cycling BMX Racing,BMX,BMX Stadium,1969176,SMULDERS Merel,Person,NED,Netherlands,7.0,37.459,TIME,,+2.612,,8,22
2024-08-02T20:57:40+02:00,BMXWINDVRACE----------SFNL000201--,BMXWINDVRACE,Women,"Women, Semifinals Run 2 Heat 1",Semifinals Run 2 Heat 1,W,Cycling BMX Racing,BMX,BMX Stadium,1909859,KEJLSTRUP Malene,Person,DEN,Denmark,8.0,37.861,TIME,,+3.014,,7,175
2024-08-02T20:57:40+02:00,BMXWINDVRACE----------SFNL000202--,BMXWINDVRACE,Women,"Women, Semifinals Run 2 Heat 2",Semifinals Run 2 Heat 2,W,Cycling BMX Racing,BMX,BMX Stadium,1912553,SHRIEVER Bethany,Person,GBR,Great Britain,1.0,34.339,TIME,,,,1,911
2024-08-02T20:57:40+02:00,BMXWINDVRACE----------SFNL000202--,BMXWINDVRACE,Women,"Women, Semifinals Run 2 Heat 2",Semifinals Run 2 Heat 2,W,Cycling BMX Racing,BMX,BMX Stadium,1969174,SMULDERS Laura,Person,NED,Netherlands,2.0,35.128,TIME,,+0.789,,4,110
2024-08-02T20:57:40+02:00,BMXWINDVRACE----------SFNL000202--,BMXWINDVRACE,Women,"Women, Semifinals Run 2 Heat 2",Semifinals Run 2 Heat 2,W,Cycling BMX Racing,BMX,BMX Stadium,1543483,PAJON LONDONO Mariana,Person,COL,Colombia,3.0,35.649,TIME,,+1.310,,5,100
2024-08-02T20:57:40+02:00,BMXWINDVRACE----------SFNL000202--,BMXWINDVRACE,Women,"Women, Semifinals Run 2 Heat 2",Semifinals Run 2 Heat 2,W,Cycling BMX Racing,BMX,BMX Stadium,1940126,REYNOLDS Lauren,Person,AUS,Australia,4.0,35.917,TIME,,+1.578,,3,21
2024-08-02T20:57:40+02:00,BMXWINDVRACE----------SFNL000202--,BMXWINDVRACE,Women,"Women, Semifinals Run 2 Heat 2",Semifinals Run 2 Heat 2,W,Cycling BMX Racing,BMX,BMX Stadium,1895670,ETIENNE Axelle,Person,FRA,France,5.0,36.244,TIME,,+1.905,,6,13
2024-08-02T20:57:40+02:00,BMXWINDVRACE----------SFNL000202--,BMXWINDVRACE,Women,"Women, Semifinals Run 2 Heat 2",Semifinals Run 2 Heat 2,W,Cycling BMX Racing,BMX,BMX Stadium,1976419,AEBERHARD Nadine,Person,SUI,Switzerland,6.0,36.334,TIME,,+1.995,,8,94
2024-08-02T20:57:40+02:00,BMXWINDVRACE----------SFNL000202--,BMXWINDVRACE,Women,"Women, Semifinals Run 2 Heat 2",Semifinals Run 2 Heat 2,W,Cycling BMX Racing,BMX,BMX Stadium,1955109,WILLOUGHBY Alise,Person,USA,United States,7.0,36.624,TIME,,+2.285,,2,11
2024-08-02T20:57:40+02:00,BMXWINDVRACE----------SFNL000202--,BMXWINDVRACE,Women,"Women, Semifinals Run 2 Heat 2",Semifinals Run 2 Heat 2,W,Cycling BMX Racing,BMX,BMX Stadium,1945772,HATAKEYAMA Sae,Person,JPN,Japan,8.0,38.154,TIME,,+3.815,,7,85
2024-08-02T21:25:51+02:00,BMXWINDVRACE----------SFNL000301--,BMXWINDVRACE,Women,"Women, Semifinals Run 3 Heat 1",Semifinals Run 3 Heat 1,W,Cycling BMX Racing,BMX,BMX Stadium,1912553,SHRIEVER Bethany,Person,GBR,Great Britain,1.0,34.326,TIME,,,,1,911
2024-08-02T21:25:51+02:00,BMXWINDVRACE----------SFNL000301--,BMXWINDVRACE,Women,"Women, Semifinals Run 3 Heat 1",Semifinals Run 3 Heat 1,W,Cycling BMX Racing,BMX,BMX Stadium,1955109,WILLOUGHBY Alise,Person,USA,United States,2.0,34.833,TIME,,+0.507,,6,11
2024-08-02T21:25:51+02:00,BMXWINDVRACE----------SFNL000301--,BMXWINDVRACE,Women,"Women, Semifinals Run 3 Heat 1",Semifinals Run 3 Heat 1,W,Cycling BMX Racing,BMX,BMX Stadium,1976480,CLAESSENS Zoe,Person,SUI,Switzerland,3.0,34.848,TIME,,+0.522,,3,2
2024-08-02T21:25:51+02:00,BMXWINDVRACE----------SFNL000301--,BMXWINDVRACE,Women,"Women, Semifinals Run 3 Heat 1",Semifinals Run 3 Heat 1,W,Cycling BMX Racing,BMX,BMX Stadium,1969181,VEENSTRA Manon,Person,NED,Netherlands,4.0,35.543,TIME,,+1.217,,2,61
2024-08-02T21:25:51+02:00,BMXWINDVRACE----------SFNL000301--,BMXWINDVRACE,Women,"Women, Semifinals Run 3 Heat 1",Semifinals Run 3 Heat 1,W,Cycling BMX Racing,BMX,BMX Stadium,1966693,SIMPSON Molly,Person,CAN,Canada,5.0,36.349,TIME,,+2.023,,4,44
2024-08-02T21:25:51+02:00,BMXWINDVRACE----------SFNL000301--,BMXWINDVRACE,Women,"Women, Semifinals Run 3 Heat 1",Semifinals Run 3 Heat 1,W,Cycling BMX Racing,BMX,BMX Stadium,1955107,VAUGHN Daleny,Person,USA,United States,6.0,36.910,TIME,,+2.584,,7,31
2024-08-02T21:25:51+02:00,BMXWINDVRACE----------SFNL000301--,BMXWINDVRACE,Women,"Women, Semifinals Run 3 Heat 1",Semifinals Run 3 Heat 1,W,Cycling BMX Racing,BMX,BMX Stadium,1945772,HATAKEYAMA Sae,Person,JPN,Japan,7.0,37.207,TIME,,+2.881,,8,85
2024-08-02T21:25:51+02:00,BMXWINDVRACE----------SFNL000301--,BMXWINDVRACE,Women,"Women, Semifinals Run 3 Heat 1",Semifinals Run 3 Heat 1,W,Cycling BMX Racing,BMX,BMX Stadium,1543485,BOLLE CARRILLO Gabriela,Person,COL,Colombia,8.0,37.795,TIME,,+3.469,,5,14
2024-08-02T21:25:51+02:00,BMXWINDVRACE----------SFNL000302--,BMXWINDVRACE,Women,"Women, Semifinals Run 3 Heat 2",Semifinals Run 3 Heat 2,W,Cycling BMX Racing,BMX,BMX Stadium,1940127,SAKAKIBARA Saya,Person,AUS,Australia,1.0,34.189,TIME,,,,1,77
2024-08-02T21:25:51+02:00,BMXWINDVRACE----------SFNL000302--,BMXWINDVRACE,Women,"Women, Semifinals Run 3 Heat 2",Semifinals Run 3 Heat 2,W,Cycling BMX Racing,BMX,BMX Stadium,1969176,SMULDERS Merel,Person,NED,Netherlands,2.0,35.057,TIME,,+0.868,,7,22
2024-08-02T21:25:51+02:00,BMXWINDVRACE----------SFNL000302--,BMXWINDVRACE,Women,"Women, Semifinals Run 3 Heat 2",Semifinals Run 3 Heat 2,W,Cycling BMX Racing,BMX,BMX Stadium,1969174,SMULDERS Laura,Person,NED,Netherlands,3.0,35.610,TIME,,+1.421,,2,110
2024-08-02T21:25:51+02:00,BMXWINDVRACE----------SFNL000302--,BMXWINDVRACE,Women,"Women, Semifinals Run 3 Heat 2",Semifinals Run 3 Heat 2,W,Cycling BMX Racing,BMX,BMX Stadium,1895670,ETIENNE Axelle,Person,FRA,France,4.0,36.413,TIME,,+2.224,,5,13
2024-08-02T21:25:51+02:00,BMXWINDVRACE----------SFNL000302--,BMXWINDVRACE,Women,"Women, Semifinals Run 3 Heat 2",Semifinals Run 3 Heat 2,W,Cycling BMX Racing,BMX,BMX Stadium,1976419,AEBERHARD Nadine,Person,SUI,Switzerland,5.0,36.517,TIME,,+2.328,,6,94
2024-08-02T21:25:51+02:00,BMXWINDVRACE----------SFNL000302--,BMXWINDVRACE,Women,"Women, Semifinals Run 3 Heat 2",Semifinals Run 3 Heat 2,W,Cycling BMX Racing,BMX,BMX Stadium,1909859,KEJLSTRUP Malene,Person,DEN,Denmark,6.0,37.454,TIME,,+3.265,,8,175
2024-08-02T21:25:51+02:00,BMXWINDVRACE----------SFNL000302--,BMXWINDVRACE,Women,"Women, Semifinals Run 3 Heat 2",Semifinals Run 3 Heat 2,W,Cycling BMX Racing,BMX,BMX Stadium,1543483,PAJON LONDONO Mariana,Person,COL,Colombia,7.0,40.796,TIME,,+6.607,,3,100
2024-08-02T21:25:51+02:00,BMXWINDVRACE----------SFNL000302--,BMXWINDVRACE,Women,"Women, Semifinals Run 3 Heat 2",Semifinals Run 3 Heat 2,W,Cycling BMX Racing,BMX,BMX Stadium,1940126,REYNOLDS Lauren,Person,AUS,Australia,8.0,52.185,TIME,,+17.996,,4,21
2024-08-02T21:56:40+02:00,BMXWINDVRACE----------FNL-000100--,BMXWINDVRACE,Women,"Women, Final",Final,W,Cycling BMX Racing,BMX,BMX Stadium,1940127,SAKAKIBARA Saya,Person,AUS,Australia,1.0,34.231,TIME,,,,1,77
2024-08-02T21:56:40+02:00,BMXWINDVRACE----------FNL-000100--,BMXWINDVRACE,Women,"Women, Final",Final,W,Cycling BMX Racing,BMX,BMX Stadium,1969181,VEENSTRA Manon,Person,NED,Netherlands,2.0,34.954,TIME,,+0.723,,5,61
2024-08-02T21:56:40+02:00,BMXWINDVRACE----------FNL-000100--,BMXWINDVRACE,Women,"Women, Final",Final,W,Cycling BMX Racing,BMX,BMX Stadium,1976480,CLAESSENS Zoe,Person,SUI,Switzerland,3.0,35.060,TIME,,+0.829,,4,2
2024-08-02T21:56:40+02:00,BMXWINDVRACE----------FNL-000100--,BMXWINDVRACE,Women,"Women, Final",Final,W,Cycling BMX Racing,BMX,BMX Stadium,1969174,SMULDERS Laura,Person,NED,Netherlands,4.0,35.745,TIME,,+1.514,,6,110
2024-08-02T21:56:40+02:00,BMXWINDVRACE----------FNL-000100--,BMXWINDVRACE,Women,"Women, Final",Final,W,Cycling BMX Racing,BMX,BMX Stadium,1966693,SIMPSON Molly,Person,CAN,Canada,5.0,35.833,TIME,,+1.602,,7,44
2024-08-02T21:56:40+02:00,BMXWINDVRACE----------FNL-000100--,BMXWINDVRACE,Women,"Women, Final",Final,W,Cycling BMX Racing,BMX,BMX Stadium,1955109,WILLOUGHBY Alise,Person,USA,United States,6.0,36.171,TIME,,+1.940,,3,11
2024-08-02T21:56:40+02:00,BMXWINDVRACE----------FNL-000100--,BMXWINDVRACE,Women,"Women, Final",Final,W,Cycling BMX Racing,BMX,BMX Stadium,1895670,ETIENNE Axelle,Person,FRA,France,7.0,36.273,TIME,,+2.042,,8,13
2024-08-02T21:56:40+02:00,BMXWINDVRACE----------FNL-000100--,BMXWINDVRACE,Women,"Women, Final",Final,W,Cycling BMX Racing,BMX,BMX Stadium,1912553,SHRIEVER Bethany,Person,GBR,Great Britain,8.0,36.496,TIME,,+2.265,,2,911
