date,stage_code,event_code,event_name,event_stage,stage,gender,discipline_name,discipline_code,venue,participant_code,participant_name,participant_type,participant_country_code,participant_country,rank,result,result_type,result_IRM,result_diff,bib
2024-07-27T18:06:44+02:00,CRDMTT----------------FNL-000100--,CRDMTT,Men's Individual Time Trial,Men's Individual Time Trial,Men's Individual Time Trial,M,Cycling Road,CRD,Pont Alexandre III,1903136,EVENEPOEL Remco,Person,BEL,Belgium,1.0,36:12.16,TIME,,+0.00,1
2024-07-27T18:06:44+02:00,CRDMTT----------------FNL-000100--,CRDMTT,Men's Individual Time Trial,Men's Individual Time Trial,Men's Individual Time Trial,M,Cycling Road,CRD,Pont Alexandre III,1923520,GANNA Filippo,Person,ITA,Italy,2.0,36:27.08,TIME,,+14.92,2
2024-07-27T18:06:44+02:00,CRDMTT----------------FNL-000100--,CRDMTT,Men's Individual Time Trial,Men's Individual Time Trial,Men's Individual Time Trial,M,Cycling Road,CRD,Pont Alexandre III,1903147,van AERT Wout,Person,BEL,Belgium,3.0,36:37.79,TIME,,+25.63,11
2024-07-27T18:06:44+02:00,CRDMTT----------------FNL-000100--,CRDMTT,Men's Individual Time Trial,Men's Individual Time Trial,Men's Individual Time Trial,M,Cycling Road,CRD,Pont Alexandre III,1912562,TARLING Josh,Person,GBR,Great Britain,4.0,36:39.95,TIME,,+27.79,5
2024-07-27T18:06:44+02:00,CRDMTT----------------FNL-000100--,CRDMTT,Men's Individual Time Trial,Men's Individual Time Trial,Men's Individual Time Trial,M,Cycling Road,CRD,Pont Alexandre III,1955094,McNULTY Brandon,Person,USA,United States,5.0,37:16.60,TIME,,+1:04.44,3
2024-07-27T18:06:44+02:00,CRDMTT----------------FNL-000100--,CRDMTT,Men's Individual Time Trial,Men's Individual Time Trial,Men's Individual Time Trial,M,Cycling Road,CRD,Pont Alexandre III,1976449,BISSEGGER Stefan,Person,SUI,Switzerland,6.0,37:38.57,TIME,,+1:26.41,14
2024-07-27T18:06:44+02:00,CRDMTT----------------FNL-000100--,CRDMTT,Men's Individual Time Trial,Men's Individual Time Trial,Men's Individual Time Trial,M,Cycling Road,CRD,Pont Alexandre III,1933810,OLIVEIRA Nelson,Person,POR,Portugal,7.0,37:43.15,TIME,,+1:30.99,6
2024-07-27T18:06:44+02:00,CRDMTT----------------FNL-000100--,CRDMTT,Men's Individual Time Trial,Men's Individual Time Trial,Men's Individual Time Trial,M,Cycling Road,CRD,Pont Alexandre III,1977695,KUENG Stefan,Person,SUI,Switzerland,8.0,37:47.67,TIME,,+1:35.51,4
2024-07-27T18:06:44+02:00,CRDMTT----------------FNL-000100--,CRDMTT,Men's Individual Time Trial,Men's Individual Time Trial,Men's Individual Time Trial,M,Cycling Road,CRD,Pont Alexandre III,1889758,SCHACHMANN Maximilian,Person,GER,Germany,9.0,37:50.71,TIME,,+1:38.55,12
2024-07-27T18:06:44+02:00,CRDMTT----------------FNL-000100--,CRDMTT,Men's Individual Time Trial,Men's Individual Time Trial,Men's Individual Time Trial,M,Cycling Road,CRD,Pont Alexandre III,1879164,BJERG Mikkel Norsgaard,Person,DEN,Denmark,10.0,37:55.32,TIME,,+1:43.16,7
2024-07-27T18:06:44+02:00,CRDMTT----------------FNL-000100--,CRDMTT,Men's Individual Time Trial,Men's Individual Time Trial,Men's Individual Time Trial,M,Cycling Road,CRD,Pont Alexandre III,1956191,VACEK Mathias,Person,CZE,Czechia,11.0,37:55.62,TIME,,+1:43.46,25
2024-07-27T18:06:44+02:00,CRDMTT----------------FNL-000100--,CRDMTT,Men's Individual Time Trial,Men's Individual Time Trial,Men's Individual Time Trial,M,Cycling Road,CRD,Pont Alexandre III,1543314,MULLEN Ryan,Person,IRL,Ireland,12.0,37:57.16,TIME,,+1:45.00,26
2024-07-27T18:06:44+02:00,CRDMTT----------------FNL-000100--,CRDMTT,Men's Individual Time Trial,Men's Individual Time Trial,Men's Individual Time Trial,M,Cycling Road,CRD,Pont Alexandre III,1878413,FOSS Tobias,Person,NOR,Norway,13.0,37:57.28,TIME,,+1:45.12,8
2024-07-27T18:06:44+02:00,CRDMTT----------------FNL-000100--,CRDMTT,Men's Individual Time Trial,Men's Individual Time Trial,Men's Individual Time Trial,M,Cycling Road,CRD,Pont Alexandre III,1879163,SKJELMOSE Mattias,Person,DEN,Denmark,14.0,37:57.69,TIME,,+1:45.53,18
2024-07-27T18:06:44+02:00,CRDMTT----------------FNL-000100--,CRDMTT,Men's Individual Time Trial,Men's Individual Time Trial,Men's Individual Time Trial,M,Cycling Road,CRD,Pont Alexandre III,1895719,VAUQUELIN Kevin,Person,FRA,France,15.0,38:04.93,TIME,,+1:52.77,19
2024-07-27T18:06:44+02:00,CRDMTT----------------FNL-000100--,CRDMTT,Men's Individual Time Trial,Men's Individual Time Trial,Men's Individual Time Trial,M,Cycling Road,CRD,Pont Alexandre III,1955101,SHEFFIELD Magnus,Person,USA,United States,16.0,38:05.24,TIME,,+1:53.08,13
2024-07-27T18:06:44+02:00,CRDMTT----------------FNL-000100--,CRDMTT,Men's Individual Time Trial,Men's Individual Time Trial,Men's Individual Time Trial,M,Cycling Road,CRD,Pont Alexandre III,1969199,HOOLE Daan,Person,NED,Netherlands,17.0,38:06.68,TIME,,+1:54.52,15
2024-07-27T18:06:44+02:00,CRDMTT----------------FNL-000100--,CRDMTT,Men's Individual Time Trial,Men's Individual Time Trial,Men's Individual Time Trial,M,Cycling Road,CRD,Pont Alexandre III,1911272,BETTIOL Alberto,Person,ITA,Italy,18.0,38:06.77,TIME,,+1:54.61,31
2024-07-27T18:06:44+02:00,CRDMTT----------------FNL-000100--,CRDMTT,Men's Individual Time Trial,Men's Individual Time Trial,Men's Individual Time Trial,M,Cycling Road,CRD,Pont Alexandre III,1566117,GROSSSCHARTNER Felix,Person,AUT,Austria,19.0,38:17.36,TIME,,+2:05.20,23
2024-07-27T18:06:44+02:00,CRDMTT----------------FNL-000100--,CRDMTT,Men's Individual Time Trial,Men's Individual Time Trial,Men's Individual Time Trial,M,Cycling Road,CRD,Pont Alexandre III,1966665,GEE Derek,Person,CAN,Canada,20.0,38:28.17,TIME,,+2:16.01,16
2024-07-27T18:06:44+02:00,CRDMTT----------------FNL-000100--,CRDMTT,Men's Individual Time Trial,Men's Individual Time Trial,Men's Individual Time Trial,M,Cycling Road,CRD,Pont Alexandre III,1928202,FEDOROV Yevgeniy,Person,KAZ,Kazakhstan,21.0,38:33.98,TIME,,+2:21.82,10
2024-07-27T18:06:44+02:00,CRDMTT----------------FNL-000100--,CRDMTT,Men's Individual Time Trial,Men's Individual Time Trial,Men's Individual Time Trial,M,Cycling Road,CRD,Pont Alexandre III,1894383,VALTER Attila,Person,HUN,Hungary,22.0,38:45.68,TIME,,+2:33.52,22
2024-07-27T18:06:44+02:00,CRDMTT----------------FNL-000100--,CRDMTT,Men's Individual Time Trial,Men's Individual Time Trial,Men's Individual Time Trial,M,Cycling Road,CRD,Pont Alexandre III,1572951,KWIATKOWSKI Michal,Person,POL,Poland,23.0,38:49.60,TIME,,+2:37.44,24
2024-07-27T18:06:44+02:00,CRDMTT----------------FNL-000100--,CRDMTT,Men's Individual Time Trial,Men's Individual Time Trial,Men's Individual Time Trial,M,Cycling Road,CRD,Pont Alexandre III,1945059,PITHIE Laurence,Person,NZL,New Zealand,24.0,38:49.76,TIME,,+2:37.60,30
2024-07-27T18:06:44+02:00,CRDMTT----------------FNL-000100--,CRDMTT,Men's Individual Time Trial,Men's Individual Time Trial,Men's Individual Time Trial,M,Cycling Road,CRD,Pont Alexandre III,1933812,COSTA Rui,Person,POR,Portugal,25.0,39:00.07,TIME,,+2:47.91,28
2024-07-27T18:06:44+02:00,CRDMTT----------------FNL-000100--,CRDMTT,Men's Individual Time Trial,Men's Individual Time Trial,Men's Individual Time Trial,M,Cycling Road,CRD,Pont Alexandre III,1928262,LAZKANO Oier,Person,ESP,Spain,26.0,39:08.86,TIME,,+2:56.70,27
2024-07-27T18:06:44+02:00,CRDMTT----------------FNL-000100--,CRDMTT,Men's Individual Time Trial,Men's Individual Time Trial,Men's Individual Time Trial,M,Cycling Road,CRD,Pont Alexandre III,1981126,TRATNIK Jan,Person,SLO,Slovenia,27.0,39:38.12,TIME,,+3:25.96,33
2024-07-27T18:06:44+02:00,CRDMTT----------------FNL-000100--,CRDMTT,Men's Individual Time Trial,Men's Individual Time Trial,Men's Individual Time Trial,M,Cycling Road,CRD,Pont Alexandre III,1896769,SAINBAYAR Jambaljamts,Person,MGL,Mongolia,28.0,40:19.93,TIME,,+4:07.77,21
2024-07-27T18:06:44+02:00,CRDMTT----------------FNL-000100--,CRDMTT,Men's Individual Time Trial,Men's Individual Time Trial,Men's Individual Time Trial,M,Cycling Road,CRD,Pont Alexandre III,1548538,GIRMAY Biniam,Person,ERI,Eritrea,29.0,40:20.65,TIME,,+4:08.49,20
2024-07-27T18:06:44+02:00,CRDMTT----------------FNL-000100--,CRDMTT,Men's Individual Time Trial,Men's Individual Time Trial,Men's Individual Time Trial,M,Cycling Road,CRD,Pont Alexandre III,1894533,ANSARI Amir,Person,EOR,EOR,30.0,40:26.14,TIME,,+4:13.98,34
2024-07-27T18:06:44+02:00,CRDMTT----------------FNL-000100--,CRDMTT,Men's Individual Time Trial,Men's Individual Time Trial,Men's Individual Time Trial,M,Cycling Road,CRD,Pont Alexandre III,1979050,SYRITSA Gleb,Person,AIN,AIN,31.0,40:33.30,TIME,,+4:21.14,32
2024-07-27T18:06:44+02:00,CRDMTT----------------FNL-000100--,CRDMTT,Men's Individual Time Trial,Men's Individual Time Trial,Men's Individual Time Trial,M,Cycling Road,CRD,Pont Alexandre III,1548949,ED DOGHMY Achraf,Person,MAR,Morocco,32.0,43:31.37,TIME,,+7:19.21,29
2024-07-27T18:06:44+02:00,CRDMTT----------------FNL-000100--,CRDMTT,Men's Individual Time Trial,Men's Individual Time Trial,Men's Individual Time Trial,M,Cycling Road,CRD,Pont Alexandre III,1878406,WAERENSKJOLD Soeren,Person,NOR,Norway,,,IRM,DNF,,17
2024-07-27T18:06:44+02:00,CRDMTT----------------FNL-000100--,CRDMTT,Men's Individual Time Trial,Men's Individual Time Trial,Men's Individual Time Trial,M,Cycling Road,CRD,Pont Alexandre III,1940179,PLAPP Lucas,Person,AUS,Australia,,,IRM,DNF,,9
2024-08-03T18:12:30+02:00,CRDMRR----------------FNL-000100--,CRDMRR,Men's Road Race,Men's Road Race,Men's Road Race,M,Cycling Road,CRD,Trocadéro,1903136,EVENEPOEL Remco,Person,BEL,Belgium,1.0,6:19:34,TIME,,+0,6
2024-08-03T18:12:30+02:00,CRDMRR----------------FNL-000100--,CRDMRR,Men's Road Race,Men's Road Race,Men's Road Race,M,Cycling Road,CRD,Trocadéro,1895699,MADOUAS Valentin,Person,FRA,France,2.0,6:20:45,TIME,,+1:11,25
2024-08-03T18:12:30+02:00,CRDMRR----------------FNL-000100--,CRDMRR,Men's Road Race,Men's Road Race,Men's Road Race,M,Cycling Road,CRD,Trocadéro,1895694,LAPORTE Christophe,Person,FRA,France,3.0,6:20:50,TIME,,+1:16,24
2024-08-03T18:12:30+02:00,CRDMRR----------------FNL-000100--,CRDMRR,Men's Road Race,Men's Road Race,Men's Road Race,M,Cycling Road,CRD,Trocadéro,1894383,VALTER Attila,Person,HUN,Hungary,4.0,6:20:50,TIME,,+1:16,67
2024-08-03T18:12:30+02:00,CRDMRR----------------FNL-000100--,CRDMRR,Men's Road Race,Men's Road Race,Men's Road Race,M,Cycling Road,CRD,Trocadéro,1947986,SKUJINS Toms,Person,LAT,Latvia,5.0,6:20:50,TIME,,+1:16,60
2024-08-03T18:12:30+02:00,CRDMRR----------------FNL-000100--,CRDMRR,Men's Road Race,Men's Road Race,Men's Road Race,M,Cycling Road,CRD,Trocadéro,1566118,HALLER Marco,Person,AUT,Austria,6.0,6:20:50,TIME,,+1:16,56
2024-08-03T18:12:30+02:00,CRDMRR----------------FNL-000100--,CRDMRR,Men's Road Race,Men's Road Race,Men's Road Race,M,Cycling Road,CRD,Trocadéro,1977695,KUENG Stefan,Person,SUI,Switzerland,7.0,6:20:50,TIME,,+1:16,40
2024-08-03T18:12:30+02:00,CRDMRR----------------FNL-000100--,CRDMRR,Men's Road Race,Men's Road Race,Men's Road Race,M,Cycling Road,CRD,Trocadéro,1981126,TRATNIK Jan,Person,SLO,Slovenia,8.0,6:20:50,TIME,,+1:16,12
2024-08-03T18:12:30+02:00,CRDMRR----------------FNL-000100--,CRDMRR,Men's Road Race,Men's Road Race,Men's Road Race,M,Cycling Road,CRD,Trocadéro,1955086,JORGENSON Matteo,Person,USA,United States,9.0,6:20:50,TIME,,+1:16,31
2024-08-03T18:12:30+02:00,CRDMRR----------------FNL-000100--,CRDMRR,Men's Road Race,Men's Road Race,Men's Road Race,M,Cycling Road,CRD,Trocadéro,1539983,HEALY Ben,Person,IRL,Ireland,10.0,6:20:54,TIME,,+1:20,51
2024-08-03T18:12:30+02:00,CRDMRR----------------FNL-000100--,CRDMRR,Men's Road Race,Men's Road Race,Men's Road Race,M,Cycling Road,CRD,Trocadéro,1895639,ALAPHILIPPE Julian,Person,FRA,France,11.0,6:20:59,TIME,,+1:25,23
2024-08-03T18:12:30+02:00,CRDMRR----------------FNL-000100--,CRDMRR,Men's Road Race,Men's Road Race,Men's Road Race,M,Cycling Road,CRD,Trocadéro,1969202,van der POEL Mathieu,Person,NED,Netherlands,12.0,6:21:23,TIME,,+1:49,1
2024-08-03T18:12:30+02:00,CRDMRR----------------FNL-000100--,CRDMRR,Men's Road Race,Men's Road Race,Men's Road Race,M,Cycling Road,CRD,Trocadéro,1912546,PIDCOCK Thomas,Person,GBR,Great Britain,13.0,6:21:24,TIME,,+1:50,27
2024-08-03T18:12:30+02:00,CRDMRR----------------FNL-000100--,CRDMRR,Men's Road Race,Men's Road Race,Men's Road Race,M,Cycling Road,CRD,Trocadéro,1956191,VACEK Mathias,Person,CZE,Czechia,14.0,6:21:25,TIME,,+1:51,61
2024-08-03T18:12:30+02:00,CRDMRR----------------FNL-000100--,CRDMRR,Men's Road Race,Men's Road Race,Men's Road Race,M,Cycling Road,CRD,Trocadéro,1940185,MATTHEWS Michael,Person,AUS,Australia,15.0,6:21:47,TIME,,+2:13,35
2024-08-03T18:12:30+02:00,CRDMRR----------------FNL-000100--,CRDMRR,Men's Road Race,Men's Road Race,Men's Road Race,M,Cycling Road,CRD,Trocadéro,1976567,HIRSCHI Marc,Person,SUI,Switzerland,16.0,6:21:47,TIME,,+2:13,39
2024-08-03T18:12:30+02:00,CRDMRR----------------FNL-000100--,CRDMRR,Men's Road Race,Men's Road Race,Men's Road Race,M,Cycling Road,CRD,Trocadéro,1879163,SKJELMOSE Mattias,Person,DEN,Denmark,17.0,6:21:47,TIME,,+2:13,19
2024-08-03T18:12:30+02:00,CRDMRR----------------FNL-000100--,CRDMRR,Men's Road Race,Men's Road Race,Men's Road Race,M,Cycling Road,CRD,Trocadéro,1928243,ARANBURU Alex,Person,ESP,Spain,18.0,6:21:47,TIME,,+2:13,13
2024-08-03T18:12:30+02:00,CRDMRR----------------FNL-000100--,CRDMRR,Men's Road Race,Men's Road Race,Men's Road Race,M,Cycling Road,CRD,Trocadéro,1911167,BUITRAGO Santi,Person,COL,Colombia,19.0,6:21:49,TIME,,+2:15,37
2024-08-03T18:12:30+02:00,CRDMRR----------------FNL-000100--,CRDMRR,Men's Road Race,Men's Road Race,Men's Road Race,M,Cycling Road,CRD,Trocadéro,1879169,PEDERSEN Mads,Person,DEN,Denmark,20.0,6:21:54,TIME,,+2:20,18
2024-08-03T18:12:30+02:00,CRDMRR----------------FNL-000100--,CRDMRR,Men's Road Race,Men's Road Race,Men's Road Race,M,Cycling Road,CRD,Trocadéro,1942757,STUYVEN Jasper,Person,BEL,Belgium,21.0,6:21:54,TIME,,+2:20,7
2024-08-03T18:12:30+02:00,CRDMRR----------------FNL-000100--,CRDMRR,Men's Road Race,Men's Road Race,Men's Road Race,M,Cycling Road,CRD,Trocadéro,1928245,AYUSO Juan,Person,ESP,Spain,22.0,6:21:54,TIME,,+2:20,14
2024-08-03T18:12:30+02:00,CRDMRR----------------FNL-000100--,CRDMRR,Men's Road Race,Men's Road Race,Men's Road Race,M,Cycling Road,CRD,Trocadéro,1911272,BETTIOL Alberto,Person,ITA,Italy,23.0,6:21:54,TIME,,+2:20,20
2024-08-03T18:12:30+02:00,CRDMRR----------------FNL-000100--,CRDMRR,Men's Road Race,Men's Road Race,Men's Road Race,M,Cycling Road,CRD,Trocadéro,1955094,McNULTY Brandon,Person,USA,United States,24.0,6:21:54,TIME,,+2:20,32
2024-08-03T18:12:30+02:00,CRDMRR----------------FNL-000100--,CRDMRR,Men's Road Race,Men's Road Race,Men's Road Race,M,Cycling Road,CRD,Trocadéro,1911163,MARTINEZ Dani,Person,COL,Colombia,25.0,6:21:54,TIME,,+2:20,38
2024-08-03T18:12:30+02:00,CRDMRR----------------FNL-000100--,CRDMRR,Men's Road Race,Men's Road Race,Men's Road Race,M,Cycling Road,CRD,Trocadéro,1566117,GROSSSCHARTNER Felix,Person,AUT,Austria,26.0,6:21:54,TIME,,+2:20,55
2024-08-03T18:12:30+02:00,CRDMRR----------------FNL-000100--,CRDMRR,Men's Road Race,Men's Road Race,Men's Road Race,M,Cycling Road,CRD,Trocadéro,1945067,STRONG Corbin,Person,NZL,New Zealand,27.0,6:22:31,TIME,,+2:57,48
2024-08-03T18:12:30+02:00,CRDMRR----------------FNL-000100--,CRDMRR,Men's Road Race,Men's Road Race,Men's Road Race,M,Cycling Road,CRD,Trocadéro,1889758,SCHACHMANN Maximilian,Person,GER,Germany,28.0,6:22:33,TIME,,+2:59,44
2024-08-03T18:12:30+02:00,CRDMRR----------------FNL-000100--,CRDMRR,Men's Road Race,Men's Road Race,Men's Road Race,M,Cycling Road,CRD,Trocadéro,1568831,KUBIS Lukas,Person,SVK,Slovakia,29.0,6:23:16,TIME,,+3:42,75
2024-08-03T18:12:30+02:00,CRDMRR----------------FNL-000100--,CRDMRR,Men's Road Race,Men's Road Race,Men's Road Race,M,Cycling Road,CRD,Trocadéro,1888062,MIHKELS Madis,Person,EST,Estonia,30.0,6:23:16,TIME,,+3:42,65
2024-08-03T18:12:30+02:00,CRDMRR----------------FNL-000100--,CRDMRR,Men's Road Race,Men's Road Race,Men's Road Race,M,Cycling Road,CRD,Trocadéro,1977948,WILLIAMS Stephen,Person,GBR,Great Britain,31.0,6:23:16,TIME,,+3:42,29
2024-08-03T18:12:30+02:00,CRDMRR----------------FNL-000100--,CRDMRR,Men's Road Race,Men's Road Race,Men's Road Race,M,Cycling Road,CRD,Trocadéro,1940191,CLARKE Simon,Person,AUS,Australia,32.0,6:23:16,TIME,,+3:42,34
2024-08-03T18:12:30+02:00,CRDMRR----------------FNL-000100--,CRDMRR,Men's Road Race,Men's Road Race,Men's Road Race,M,Cycling Road,CRD,Trocadéro,1933810,OLIVEIRA Nelson,Person,POR,Portugal,33.0,6:23:16,TIME,,+3:42,46
2024-08-03T18:12:30+02:00,CRDMRR----------------FNL-000100--,CRDMRR,Men's Road Race,Men's Road Race,Men's Road Race,M,Cycling Road,CRD,Trocadéro,1895719,VAUQUELIN Kevin,Person,FRA,France,34.0,6:23:16,TIME,,+3:42,26
2024-08-03T18:12:30+02:00,CRDMRR----------------FNL-000100--,CRDMRR,Men's Road Race,Men's Road Race,Men's Road Race,M,Cycling Road,CRD,Trocadéro,1928262,LAZKANO Oier,Person,ESP,Spain,35.0,6:23:16,TIME,,+3:42,15
2024-08-03T18:12:30+02:00,CRDMRR----------------FNL-000100--,CRDMRR,Men's Road Race,Men's Road Race,Men's Road Race,M,Cycling Road,CRD,Trocadéro,1969196,van BAARLE Dylan,Person,NED,Netherlands,36.0,6:23:16,TIME,,+3:42,3
2024-08-03T18:12:30+02:00,CRDMRR----------------FNL-000100--,CRDMRR,Men's Road Race,Men's Road Race,Men's Road Race,M,Cycling Road,CRD,Trocadéro,1903147,van AERT Wout,Person,BEL,Belgium,37.0,6:23:21,TIME,,+3:47,8
2024-08-03T18:12:30+02:00,CRDMRR----------------FNL-000100--,CRDMRR,Men's Road Race,Men's Road Race,Men's Road Race,M,Cycling Road,CRD,Trocadéro,1981180,MEZGEC Luka,Person,SLO,Slovenia,38.0,6:26:57,TIME,,+7:23,9
2024-08-03T18:12:30+02:00,CRDMRR----------------FNL-000100--,CRDMRR,Men's Road Race,Men's Road Race,Men's Road Race,M,Cycling Road,CRD,Trocadéro,1945059,PITHIE Laurence,Person,NZL,New Zealand,39.0,6:26:57,TIME,,+7:23,47
2024-08-03T18:12:30+02:00,CRDMRR----------------FNL-000100--,CRDMRR,Men's Road Race,Men's Road Race,Men's Road Race,M,Cycling Road,CRD,Trocadéro,1898321,KIRSCH Alex,Person,LUX,Luxembourg,40.0,6:26:57,TIME,,+7:23,63
2024-08-03T18:12:30+02:00,CRDMRR----------------FNL-000100--,CRDMRR,Men's Road Race,Men's Road Race,Men's Road Race,M,Cycling Road,CRD,Trocadéro,1966695,WOODS Michael,Person,CAN,Canada,41.0,6:26:57,TIME,,+7:23,59
2024-08-03T18:12:30+02:00,CRDMRR----------------FNL-000100--,CRDMRR,Men's Road Race,Men's Road Race,Men's Road Race,M,Cycling Road,CRD,Trocadéro,1955101,SHEFFIELD Magnus,Person,USA,United States,42.0,6:26:57,TIME,,+7:23,33
2024-08-03T18:12:30+02:00,CRDMRR----------------FNL-000100--,CRDMRR,Men's Road Race,Men's Road Race,Men's Road Race,M,Cycling Road,CRD,Trocadéro,1912577,WRIGHT Fred,Person,GBR,Great Britain,43.0,6:26:57,TIME,,+7:23,30
2024-08-03T18:12:30+02:00,CRDMRR----------------FNL-000100--,CRDMRR,Men's Road Race,Men's Road Race,Men's Road Race,M,Cycling Road,CRD,Trocadéro,1966665,GEE Derek,Person,CAN,Canada,44.0,6:26:57,TIME,,+7:23,58
2024-08-03T18:12:30+02:00,CRDMRR----------------FNL-000100--,CRDMRR,Men's Road Race,Men's Road Race,Men's Road Race,M,Cycling Road,CRD,Trocadéro,1961877,NARVAEZ Jhonatan,Person,ECU,Ecuador,45.0,6:26:57,TIME,,+7:23,4
2024-08-03T18:12:30+02:00,CRDMRR----------------FNL-000100--,CRDMRR,Men's Road Race,Men's Road Race,Men's Road Race,M,Cycling Road,CRD,Trocadéro,1933812,COSTA Rui,Person,POR,Portugal,46.0,6:26:57,TIME,,+7:23,45
2024-08-03T18:12:30+02:00,CRDMRR----------------FNL-000100--,CRDMRR,Men's Road Race,Men's Road Race,Men's Road Race,M,Cycling Road,CRD,Trocadéro,1912562,TARLING Josh,Person,GBR,Great Britain,47.0,6:26:57,TIME,,+7:23,28
2024-08-03T18:12:30+02:00,CRDMRR----------------FNL-000100--,CRDMRR,Men's Road Race,Men's Road Race,Men's Road Race,M,Cycling Road,CRD,Trocadéro,1903127,BENOOT Tiesj,Person,BEL,Belgium,48.0,6:26:57,TIME,,+7:23,5
2024-08-03T18:12:30+02:00,CRDMRR----------------FNL-000100--,CRDMRR,Men's Road Race,Men's Road Race,Men's Road Race,M,Cycling Road,CRD,Trocadéro,1548538,GIRMAY Biniam,Person,ERI,Eritrea,49.0,6:26:57,TIME,,+7:23,49
2024-08-03T18:12:30+02:00,CRDMRR----------------FNL-000100--,CRDMRR,Men's Road Race,Men's Road Race,Men's Road Race,M,Cycling Road,CRD,Trocadéro,1911399,MOZZATO Luca,Person,ITA,Italy,50.0,6:26:57,TIME,,+7:23,21
2024-08-03T18:12:30+02:00,CRDMRR----------------FNL-000100--,CRDMRR,Men's Road Race,Men's Road Race,Men's Road Race,M,Cycling Road,CRD,Trocadéro,1940167,O'CONNOR Ben,Person,AUS,Australia,51.0,6:26:57,TIME,,+7:23,36
2024-08-03T18:12:30+02:00,CRDMRR----------------FNL-000100--,CRDMRR,Men's Road Race,Men's Road Race,Men's Road Race,M,Cycling Road,CRD,Trocadéro,1928201,LUTSENKO Alexey,Person,KAZ,Kazakhstan,52.0,6:26:57,TIME,,+7:23,54
2024-08-03T18:12:30+02:00,CRDMRR----------------FNL-000100--,CRDMRR,Men's Road Race,Men's Road Race,Men's Road Race,M,Cycling Road,CRD,Trocadéro,1918038,AULAR SANABRIA Orluis Alberto,Person,VEN,Venezuela,53.0,6:26:57,TIME,,+7:23,62
2024-08-03T18:12:30+02:00,CRDMRR----------------FNL-000100--,CRDMRR,Men's Road Race,Men's Road Race,Men's Road Race,M,Cycling Road,CRD,Trocadéro,1934531,SEPULVEDA Eduardo,Person,ARG,Argentina,54.0,6:28:31,TIME,,+8:57,87
2024-08-03T18:12:30+02:00,CRDMRR----------------FNL-000100--,CRDMRR,Men's Road Race,Men's Road Race,Men's Road Race,M,Cycling Road,CRD,Trocadéro,1912639,FAGUNDEZ Eric,Person,URU,Uruguay,55.0,6:28:31,TIME,,+8:57,64
2024-08-03T18:12:30+02:00,CRDMRR----------------FNL-000100--,CRDMRR,Men's Road Race,Men's Road Race,Men's Road Race,M,Cycling Road,CRD,Trocadéro,1945759,ARASHIRO Yukiya,Person,JPN,Japan,56.0,6:28:31,TIME,,+8:57,68
2024-08-03T18:12:30+02:00,CRDMRR----------------FNL-000100--,CRDMRR,Men's Road Race,Men's Road Race,Men's Road Race,M,Cycling Road,CRD,Trocadéro,1896769,SAINBAYAR Jambaljamts,Person,MGL,Mongolia,57.0,6:28:31,TIME,,+8:57,69
2024-08-03T18:12:30+02:00,CRDMRR----------------FNL-000100--,CRDMRR,Men's Road Race,Men's Road Race,Men's Road Race,M,Cycling Road,CRD,Trocadéro,1569169,SODERQVIST Jakob,Person,SWE,Sweden,58.0,6:33:56,TIME,,+14:22,82
2024-08-03T18:12:30+02:00,CRDMRR----------------FNL-000100--,CRDMRR,Men's Road Race,Men's Road Race,Men's Road Race,M,Cycling Road,CRD,Trocadéro,1879160,MOERKOEV Michael,Person,DEN,Denmark,59.0,6:36:31,TIME,,+16:57,17
2024-08-03T18:12:30+02:00,CRDMRR----------------FNL-000100--,CRDMRR,Men's Road Race,Men's Road Race,Men's Road Race,M,Cycling Road,CRD,Trocadéro,1543314,MULLEN Ryan,Person,IRL,Ireland,60.0,6:36:31,TIME,,+16:57,52
2024-08-03T18:12:30+02:00,CRDMRR----------------FNL-000100--,CRDMRR,Men's Road Race,Men's Road Race,Men's Road Race,M,Cycling Road,CRD,Trocadéro,1572928,ANIOLKOWSKI Stanislaw,Person,POL,Poland,61.0,6:38:03,TIME,,+18:29,57
2024-08-03T18:12:30+02:00,CRDMRR----------------FNL-000100--,CRDMRR,Men's Road Race,Men's Road Race,Men's Road Race,M,Cycling Road,CRD,Trocadéro,1898787,EINHORN Itamar,Person,ISR,Israel,62.0,6:39:27,TIME,,+19:53,79
2024-08-03T18:12:30+02:00,CRDMRR----------------FNL-000100--,CRDMRR,Men's Road Race,Men's Road Race,Men's Road Race,M,Cycling Road,CRD,Trocadéro,1878406,WAERENSKJOLD Soeren,Person,NOR,Norway,63.0,6:39:27,TIME,,+19:53,42
2024-08-03T18:12:30+02:00,CRDMRR----------------FNL-000100--,CRDMRR,Men's Road Race,Men's Road Race,Men's Road Race,M,Cycling Road,CRD,Trocadéro,1947922,ILIC Ognjen,Person,SRB,Serbia,64.0,6:39:27,TIME,,+19:53,86
2024-08-03T18:12:30+02:00,CRDMRR----------------FNL-000100--,CRDMRR,Men's Road Race,Men's Road Race,Men's Road Race,M,Cycling Road,CRD,Trocadéro,1931269,KIM Euro,Person,KOR,Korea,65.0,6:39:27,TIME,,+19:53,83
2024-08-03T18:12:30+02:00,CRDMRR----------------FNL-000100--,CRDMRR,Men's Road Race,Men's Road Race,Men's Road Race,M,Cycling Road,CRD,Trocadéro,1571933,BUDIAK Anatolii,Person,UKR,Ukraine,66.0,6:39:27,TIME,,+19:53,76
2024-08-03T18:12:30+02:00,CRDMRR----------------FNL-000100--,CRDMRR,Men's Road Race,Men's Road Race,Men's Road Race,M,Cycling Road,CRD,Trocadéro,1965686,ARCHIBOLD Franklin,Person,PAN,Panama,67.0,6:39:27,TIME,,+19:53,77
2024-08-03T18:12:30+02:00,CRDMRR----------------FNL-000100--,CRDMRR,Men's Road Race,Men's Road Race,Men's Road Race,M,Cycling Road,CRD,Trocadéro,1920607,LYU Xianjing,Person,CHN,China,68.0,6:39:27,TIME,,+19:53,73
2024-08-03T18:12:30+02:00,CRDMRR----------------FNL-000100--,CRDMRR,Men's Road Race,Men's Road Race,Men's Road Race,M,Cycling Road,CRD,Trocadéro,1943602,GIBBONS Ryan,Person,RSA,South Africa,69.0,6:39:27,TIME,,+19:53,66
2024-08-03T18:12:30+02:00,CRDMRR----------------FNL-000100--,CRDMRR,Men's Road Race,Men's Road Race,Men's Road Race,M,Cycling Road,CRD,Trocadéro,1889760,POLITT Nils,Person,GER,Germany,70.0,6:39:29,TIME,,+19:55,43
2024-08-03T18:12:30+02:00,CRDMRR----------------FNL-000100--,CRDMRR,Men's Road Race,Men's Road Race,Men's Road Race,M,Cycling Road,CRD,Trocadéro,1953503,RANGEL COSTA Vinicius,Person,BRA,Brazil,71.0,6:39:31,TIME,,+19:57,81
2024-08-03T18:12:30+02:00,CRDMRR----------------FNL-000100--,CRDMRR,Men's Road Race,Men's Road Race,Men's Road Race,M,Cycling Road,CRD,Trocadéro,1969199,HOOLE Daan,Person,NED,Netherlands,72.0,6:41:17,TIME,,+21:43,2
2024-08-03T18:12:30+02:00,CRDMRR----------------FNL-000100--,CRDMRR,Men's Road Race,Men's Road Race,Men's Road Race,M,Cycling Road,CRD,Trocadéro,1879164,BJERG Mikkel Norsgaard,Person,DEN,Denmark,73.0,6:41:17,TIME,,+21:43,16
2024-08-03T18:12:30+02:00,CRDMRR----------------FNL-000100--,CRDMRR,Men's Road Race,Men's Road Race,Men's Road Race,M,Cycling Road,CRD,Trocadéro,1878413,FOSS Tobias,Person,NOR,Norway,74.0,6:41:17,TIME,,+21:43,41
2024-08-03T18:12:30+02:00,CRDMRR----------------FNL-000100--,CRDMRR,Men's Road Race,Men's Road Race,Men's Road Race,M,Cycling Road,CRD,Trocadéro,1961294,BOUGLAS Georgios,Person,GRE,Greece,75.0,6:45:33,TIME,,+25:59,78
2024-08-03T18:12:30+02:00,CRDMRR----------------FNL-000100--,CRDMRR,Men's Road Race,Men's Road Race,Men's Road Race,M,Cycling Road,CRD,Trocadéro,1536669,LABIB Ali,Person,IRI,IR Iran,76.0,6:46:33,TIME,,+26:59,85
2024-08-03T18:12:30+02:00,CRDMRR----------------FNL-000100--,CRDMRR,Men's Road Race,Men's Road Race,Men's Road Race,M,Cycling Road,CRD,Trocadéro,1570532,KAGIMU Charles,Person,UGA,Uganda,77.0,6:50:49,TIME,,+31:15,89
2024-08-03T18:12:30+02:00,CRDMRR----------------FNL-000100--,CRDMRR,Men's Road Race,Men's Road Race,Men's Road Race,M,Cycling Road,CRD,Trocadéro,1981197,MOHORIC Matej,Person,SLO,Slovenia,,,IRM,DNF,,10
2024-08-03T18:12:30+02:00,CRDMRR----------------FNL-000100--,CRDMRR,Men's Road Race,Men's Road Race,Men's Road Race,M,Cycling Road,CRD,Trocadéro,1980872,NOVAK Domen,Person,SLO,Slovenia,,,IRM,DNF,,11
2024-08-03T18:12:30+02:00,CRDMRR----------------FNL-000100--,CRDMRR,Men's Road Race,Men's Road Race,Men's Road Race,M,Cycling Road,CRD,Trocadéro,1923519,VIVIANI Elia,Person,ITA,Italy,,,IRM,DNF,,22
2024-08-03T18:12:30+02:00,CRDMRR----------------FNL-000100--,CRDMRR,Men's Road Race,Men's Road Race,Men's Road Race,M,Cycling Road,CRD,Trocadéro,1979050,SYRITSA Gleb,Person,AIN,AIN,,,IRM,DNF,,50
2024-08-03T18:12:30+02:00,CRDMRR----------------FNL-000100--,CRDMRR,Men's Road Race,Men's Road Race,Men's Road Race,M,Cycling Road,CRD,Trocadéro,1928202,FEDOROV Yevgeniy,Person,KAZ,Kazakhstan,,,IRM,DNF,,53
2024-08-03T18:12:30+02:00,CRDMRR----------------FNL-000100--,CRDMRR,Men's Road Race,Men's Road Race,Men's Road Race,M,Cycling Road,CRD,Trocadéro,1548949,ED DOGHMY Achraf,Person,MAR,Morocco,,,IRM,DNF,,70
2024-08-03T18:12:30+02:00,CRDMRR----------------FNL-000100--,CRDMRR,Men's Road Race,Men's Road Race,Men's Road Race,M,Cycling Road,CRD,Trocadéro,1572171,ROUGIER-LAGANE Christopher,Person,MRI,Mauritius,,,IRM,DNF,,71
2024-08-03T18:12:30+02:00,CRDMRR----------------FNL-000100--,CRDMRR,Men's Road Race,Men's Road Race,Men's Road Race,M,Cycling Road,CRD,Trocadéro,1963098,HAMZA Yacine,Person,ALG,Algeria,,,IRM,DNF,,72
2024-08-03T18:12:30+02:00,CRDMRR----------------FNL-000100--,CRDMRR,Men's Road Race,Men's Road Race,Men's Road Race,M,Cycling Road,CRD,Trocadéro,1545478,TSVETKOV Nikita,Person,UZB,Uzbekistan,,,IRM,DNF,,74
2024-08-03T18:12:30+02:00,CRDMRR----------------FNL-000100--,CRDMRR,Men's Road Race,Men's Road Race,Men's Road Race,M,Cycling Road,CRD,Trocadéro,1919721,CHAIYASOMBAT Thanakhan,Person,THA,Thailand,,,IRM,DNF,,80
2024-08-03T18:12:30+02:00,CRDMRR----------------FNL-000100--,CRDMRR,Men's Road Race,Men's Road Race,Men's Road Race,M,Cycling Road,CRD,Trocadéro,1565976,ABAY Burak,Person,TUR,Türkiye,,,IRM,DNF,,84
2024-08-03T18:12:30+02:00,CRDMRR----------------FNL-000100--,CRDMRR,Men's Road Race,Men's Road Race,Men's Road Race,M,Cycling Road,CRD,Trocadéro,1957110,LAU Wan Yau Vincent,Person,HKG,"Hong Kong, China",,,IRM,DNF,,88
2024-08-03T18:12:30+02:00,CRDMRR----------------FNL-000100--,CRDMRR,Men's Road Race,Men's Road Race,Men's Road Race,M,Cycling Road,CRD,Trocadéro,1980230,MANIZABAYO Eric,Person,RWA,Rwanda,,,IRM,DNF,,90
2024-07-27T16:12:12+02:00,CRDWTT----------------FNL-000100--,CRDWTT,Women's Individual Time Trial,Women's Individual Time Trial,Women's Individual Time Trial,W,Cycling Road,CRD,Pont Alexandre III,1940173,BROWN Grace,Person,AUS,Australia,1.0,39:38.24,TIME,,+0.00,2
2024-07-27T16:12:12+02:00,CRDWTT----------------FNL-000100--,CRDWTT,Women's Individual Time Trial,Women's Individual Time Trial,Women's Individual Time Trial,W,Cycling Road,CRD,Pont Alexandre III,1912525,HENDERSON Anna,Person,GBR,Great Britain,2.0,41:09.83,TIME,,+1:31.59,4
2024-07-27T16:12:12+02:00,CRDWTT----------------FNL-000100--,CRDWTT,Women's Individual Time Trial,Women's Individual Time Trial,Women's Individual Time Trial,W,Cycling Road,CRD,Pont Alexandre III,1955079,DYGERT Chloe,Person,USA,United States,3.0,41:10.70,TIME,,+1:32.46,1
2024-07-27T16:12:12+02:00,CRDWTT----------------FNL-000100--,CRDWTT,Women's Individual Time Trial,Women's Individual Time Trial,Women's Individual Time Trial,W,Cycling Road,CRD,Pont Alexandre III,1895689,LABOUS Juliette,Person,FRA,France,4.0,41:19.90,TIME,,+1:41.66,6
2024-07-27T16:12:12+02:00,CRDWTT----------------FNL-000100--,CRDWTT,Women's Individual Time Trial,Women's Individual Time Trial,Women's Individual Time Trial,W,Cycling Road,CRD,Pont Alexandre III,1969153,VOLLERING Demi,Person,NED,Netherlands,5.0,41:29.80,TIME,,+1:51.56,5
2024-07-27T16:12:12+02:00,CRDWTT----------------FNL-000100--,CRDWTT,Women's Individual Time Trial,Women's Individual Time Trial,Women's Individual Time Trial,W,Cycling Road,CRD,Pont Alexandre III,1903120,KOPECKY Lotte,Person,BEL,Belgium,6.0,41:34.82,TIME,,+1:56.58,9
2024-07-27T16:12:12+02:00,CRDWTT----------------FNL-000100--,CRDWTT,Women's Individual Time Trial,Women's Individual Time Trial,Women's Individual Time Trial,W,Cycling Road,CRD,Pont Alexandre III,1945034,CADZOW Kim,Person,NZL,New Zealand,7.0,41:46.02,TIME,,+2:07.78,21
2024-07-27T16:12:12+02:00,CRDWTT----------------FNL-000100--,CRDWTT,Women's Individual Time Trial,Women's Individual Time Trial,Women's Individual Time Trial,W,Cycling Road,CRD,Pont Alexandre III,1923045,LONGO BORGHINI Elisa,Person,ITA,Italy,8.0,41:49.32,TIME,,+2:11.08,8
2024-07-27T16:12:12+02:00,CRDWTT----------------FNL-000100--,CRDWTT,Women's Individual Time Trial,Women's Individual Time Trial,Women's Individual Time Trial,W,Cycling Road,CRD,Pont Alexandre III,1895659,CORDON RAGOT Audrey,Person,FRA,France,9.0,41:51.67,TIME,,+2:13.43,17
2024-07-27T16:12:12+02:00,CRDWTT----------------FNL-000100--,CRDWTT,Women's Individual Time Trial,Women's Individual Time Trial,Women's Individual Time Trial,W,Cycling Road,CRD,Pont Alexandre III,1566142,SCHWEINBERGER Christina,Person,AUT,Austria,10.0,41:52.02,TIME,,+2:13.78,3
2024-07-27T16:12:12+02:00,CRDWTT----------------FNL-000100--,CRDWTT,Women's Individual Time Trial,Women's Individual Time Trial,Women's Individual Time Trial,W,Cycling Road,CRD,Pont Alexandre III,1969159,van DIJK Ellen,Person,NED,Netherlands,11.0,42:21.76,TIME,,+2:43.52,15
2024-07-27T16:12:12+02:00,CRDWTT----------------FNL-000100--,CRDWTT,Women's Individual Time Trial,Women's Individual Time Trial,Women's Individual Time Trial,W,Cycling Road,CRD,Pont Alexandre III,1572944,SKALNIAK-SOJKA Agnieszka,Person,POL,Poland,12.0,42:24.62,TIME,,+2:46.38,10
2024-07-27T16:12:12+02:00,CRDWTT----------------FNL-000100--,CRDWTT,Women's Individual Time Trial,Women's Individual Time Trial,Women's Individual Time Trial,W,Cycling Road,CRD,Pont Alexandre III,1889727,KROEGER Mieke,Person,GER,Germany,13.0,42:28.12,TIME,,+2:49.88,22
2024-07-27T16:12:12+02:00,CRDWTT----------------FNL-000100--,CRDWTT,Women's Individual Time Trial,Women's Individual Time Trial,Women's Individual Time Trial,W,Cycling Road,CRD,Pont Alexandre III,1879056,BJERG Emma Norsgaard,Person,DEN,Denmark,14.0,42:33.59,TIME,,+2:55.35,16
2024-07-27T16:12:12+02:00,CRDWTT----------------FNL-000100--,CRDWTT,Women's Individual Time Trial,Women's Individual Time Trial,Women's Individual Time Trial,W,Cycling Road,CRD,Pont Alexandre III,1889781,NIEDERMAIER Antonia,Person,GER,Germany,15.0,42:53.79,TIME,,+3:15.55,13
2024-07-27T16:12:12+02:00,CRDWTT----------------FNL-000100--,CRDWTT,Women's Individual Time Trial,Women's Individual Time Trial,Women's Individual Time Trial,W,Cycling Road,CRD,Pont Alexandre III,1980884,BUJAK Eugenia,Person,SLO,Slovenia,16.0,42:54.96,TIME,,+3:16.72,26
2024-07-27T16:12:12+02:00,CRDWTT----------------FNL-000100--,CRDWTT,Women's Individual Time Trial,Women's Individual Time Trial,Women's Individual Time Trial,W,Cycling Road,CRD,Pont Alexandre III,1976562,HARTMANN Elena,Person,SUI,Switzerland,17.0,42:58.90,TIME,,+3:20.66,14
2024-07-27T16:12:12+02:00,CRDWTT----------------FNL-000100--,CRDWTT,Women's Individual Time Trial,Women's Individual Time Trial,Women's Individual Time Trial,W,Cycling Road,CRD,Pont Alexandre III,1572946,LACH Marta,Person,POL,Poland,18.0,43:03.43,TIME,,+3:25.19,29
2024-07-27T16:12:12+02:00,CRDWTT----------------FNL-000100--,CRDWTT,Women's Individual Time Trial,Women's Individual Time Trial,Women's Individual Time Trial,W,Cycling Road,CRD,Pont Alexandre III,1930739,KNIBB Taylor,Person,USA,United States,19.0,43:03.46,TIME,,+3:25.22,28
2024-07-27T16:12:12+02:00,CRDWTT----------------FNL-000100--,CRDWTT,Women's Individual Time Trial,Women's Individual Time Trial,Women's Individual Time Trial,W,Cycling Road,CRD,Pont Alexandre III,1966699,BARIL Olivia,Person,CAN,Canada,20.0,43:03.58,TIME,,+3:25.34,25
2024-07-27T16:12:12+02:00,CRDWTT----------------FNL-000100--,CRDWTT,Women's Individual Time Trial,Women's Individual Time Trial,Women's Individual Time Trial,W,Cycling Road,CRD,Pont Alexandre III,1973314,DRONOVA Tamara,Person,AIN,AIN,21.0,43:42.16,TIME,,+4:03.92,23
2024-07-27T16:12:12+02:00,CRDWTT----------------FNL-000100--,CRDWTT,Women's Individual Time Trial,Women's Individual Time Trial,Women's Individual Time Trial,W,Cycling Road,CRD,Pont Alexandre III,1928247,BENITO PELLICER Mireia,Person,ESP,Spain,22.0,43:48.10,TIME,,+4:09.86,19
2024-07-27T16:12:12+02:00,CRDWTT----------------FNL-000100--,CRDWTT,Women's Individual Time Trial,Women's Individual Time Trial,Women's Individual Time Trial,W,Cycling Road,CRD,Pont Alexandre III,1545200,ZABELINSKAYA Olga,Person,UZB,Uzbekistan,23.0,43:53.51,TIME,,+4:15.27,12
2024-07-27T16:12:12+02:00,CRDWTT----------------FNL-000100--,CRDWTT,Women's Individual Time Trial,Women's Individual Time Trial,Women's Individual Time Trial,W,Cycling Road,CRD,Pont Alexandre III,1879047,LUDWIG Cecilie Uttrup,Person,DEN,Denmark,24.0,44:10.93,TIME,,+4:32.69,31
2024-07-27T16:12:12+02:00,CRDWTT----------------FNL-000100--,CRDWTT,Women's Individual Time Trial,Women's Individual Time Trial,Women's Individual Time Trial,W,Cycling Road,CRD,Pont Alexandre III,1568824,JENCUSOVA Nora,Person,SVK,Slovakia,25.0,44:22.30,TIME,,+4:44.06,7
2024-07-27T16:12:12+02:00,CRDWTT----------------FNL-000100--,CRDWTT,Women's Individual Time Trial,Women's Individual Time Trial,Women's Individual Time Trial,W,Cycling Road,CRD,Pont Alexandre III,1560705,HASHIMI Yulduz,Person,AFG,Afghanistan,26.0,44:29.13,TIME,,+4:50.89,33
2024-07-27T16:12:12+02:00,CRDWTT----------------FNL-000100--,CRDWTT,Women's Individual Time Trial,Women's Individual Time Trial,Women's Individual Time Trial,W,Cycling Road,CRD,Pont Alexandre III,1571929,BIRIUKOVA Yuliia,Person,UKR,Ukraine,27.0,44:43.73,TIME,,+5:05.49,27
2024-07-27T16:12:12+02:00,CRDWTT----------------FNL-000100--,CRDWTT,Women's Individual Time Trial,Women's Individual Time Trial,Women's Individual Time Trial,W,Cycling Road,CRD,Pont Alexandre III,1956185,KOPECKY Julia,Person,CZE,Czechia,28.0,44:53.75,TIME,,+5:15.51,30
2024-07-27T16:12:12+02:00,CRDWTT----------------FNL-000100--,CRDWTT,Women's Individual Time Trial,Women's Individual Time Trial,Women's Individual Time Trial,W,Cycling Road,CRD,Pont Alexandre III,1549335,TSERAKH Hanna,Person,AIN,AIN,29.0,44:57.20,TIME,,+5:18.96,32
2024-07-27T16:12:12+02:00,CRDWTT----------------FNL-000100--,CRDWTT,Women's Individual Time Trial,Women's Individual Time Trial,Women's Individual Time Trial,W,Cycling Road,CRD,Pont Alexandre III,1905081,AHTOSALO Anniina,Person,FIN,Finland,30.0,45:05.18,TIME,,+5:26.94,20
2024-07-27T16:12:12+02:00,CRDWTT----------------FNL-000100--,CRDWTT,Women's Individual Time Trial,Women's Individual Time Trial,Women's Individual Time Trial,W,Cycling Road,CRD,Pont Alexandre III,1981564,PINTAR Urska,Person,SLO,Slovenia,31.0,45:07.15,TIME,,+5:28.91,35
2024-07-27T16:12:12+02:00,CRDWTT----------------FNL-000100--,CRDWTT,Women's Individual Time Trial,Women's Individual Time Trial,Women's Individual Time Trial,W,Cycling Road,CRD,Pont Alexandre III,1920618,TANG Xin,Person,CHN,China,32.0,45:59.44,TIME,,+6:21.20,34
2024-07-27T16:12:12+02:00,CRDWTT----------------FNL-000100--,CRDWTT,Women's Individual Time Trial,Women's Individual Time Trial,Women's Individual Time Trial,W,Cycling Road,CRD,Pont Alexandre III,1566134,KIESENHOFER Anna,Person,AUT,Austria,33.0,46:28.88,TIME,,+6:50.64,11
2024-07-27T16:12:12+02:00,CRDWTT----------------FNL-000100--,CRDWTT,Women's Individual Time Trial,Women's Individual Time Trial,Women's Individual Time Trial,W,Cycling Road,CRD,Pont Alexandre III,1919737,SOMRAT Phetdarin,Person,THA,Thailand,34.0,47:25.11,TIME,,+7:46.87,18
2024-07-27T16:12:12+02:00,CRDWTT----------------FNL-000100--,CRDWTT,Women's Individual Time Trial,Women's Individual Time Trial,Women's Individual Time Trial,W,Cycling Road,CRD,Pont Alexandre III,1980454,INGABIRE Diane,Person,RWA,Rwanda,35.0,48:05.24,TIME,,+8:27.00,24
2024-08-04T18:34:24+02:00,CRDWRR----------------FNL-000100--,CRDWRR,Women's Road Race,Women's Road Race,Women's Road Race,W,Cycling Road,CRD,Trocadéro,1955081,FAULKNER Kristen,Person,USA,United States,1.0,3:59:23,TIME,,+0,33
2024-08-04T18:34:24+02:00,CRDWRR----------------FNL-000100--,CRDWRR,Women's Road Race,Women's Road Race,Women's Road Race,W,Cycling Road,CRD,Trocadéro,1969165,VOS Marianne,Person,NED,Netherlands,2.0,4:00:21,TIME,,+58,9
2024-08-04T18:34:24+02:00,CRDWRR----------------FNL-000100--,CRDWRR,Women's Road Race,Women's Road Race,Women's Road Race,W,Cycling Road,CRD,Trocadéro,1903120,KOPECKY Lotte,Person,BEL,Belgium,3.0,4:00:21,TIME,,+58,3
2024-08-04T18:34:24+02:00,CRDWRR----------------FNL-000100--,CRDWRR,Women's Road Race,Women's Road Race,Women's Road Race,W,Cycling Road,CRD,Trocadéro,1894392,VAS Blanka,Person,HUN,Hungary,4.0,4:00:21,TIME,,+58,73
2024-08-04T18:34:24+02:00,CRDWRR----------------FNL-000100--,CRDWRR,Women's Road Race,Women's Road Race,Women's Road Race,W,Cycling Road,CRD,Trocadéro,1912523,GEORGI Pfeiffer,Person,GBR,Great Britain,5.0,4:00:44,TIME,,+1:21,29
2024-08-04T18:34:24+02:00,CRDWRR----------------FNL-000100--,CRDWRR,Women's Road Race,Women's Road Race,Women's Road Race,W,Cycling Road,CRD,Trocadéro,1928255,GARCIA Margarita Victoria,Person,ESP,Spain,6.0,4:00:46,TIME,,+1:23,35
2024-08-04T18:34:24+02:00,CRDWRR----------------FNL-000100--,CRDWRR,Women's Road Race,Women's Road Race,Women's Road Race,W,Cycling Road,CRD,Trocadéro,1977810,RUEEGG Noemi,Person,SUI,Switzerland,7.0,4:01:27,TIME,,+2:04,26
2024-08-04T18:34:24+02:00,CRDWRR----------------FNL-000100--,CRDWRR,Women's Road Race,Women's Road Race,Women's Road Race,W,Cycling Road,CRD,Trocadéro,1572943,NIEWIADOMA Katarzyna,Person,POL,Poland,8.0,4:02:07,TIME,,+2:44,16
2024-08-04T18:34:24+02:00,CRDWRR----------------FNL-000100--,CRDWRR,Women's Road Race,Women's Road Race,Women's Road Race,W,Cycling Road,CRD,Trocadéro,1923045,LONGO BORGHINI Elisa,Person,ITA,Italy,9.0,4:02:28,TIME,,+3:05,13
2024-08-04T18:34:24+02:00,CRDWRR----------------FNL-000100--,CRDWRR,Women's Road Race,Women's Road Race,Women's Road Race,W,Cycling Road,CRD,Trocadéro,1572946,LACH Marta,Person,POL,Poland,10.0,4:02:50,TIME,,+3:27,15
2024-08-04T18:34:24+02:00,CRDWRR----------------FNL-000100--,CRDWRR,Women's Road Race,Women's Road Race,Women's Road Race,W,Cycling Road,CRD,Trocadéro,1969166,WIEBES Lorena,Person,NED,Netherlands,11.0,4:02:54,TIME,,+3:31,10
2024-08-04T18:34:24+02:00,CRDWRR----------------FNL-000100--,CRDWRR,Women's Road Race,Women's Road Race,Women's Road Race,W,Cycling Road,CRD,Trocadéro,1912518,DEIGNAN Elizabeth,Person,GBR,Great Britain,12.0,4:02:57,TIME,,+3:34,28
2024-08-04T18:34:24+02:00,CRDWRR----------------FNL-000100--,CRDWRR,Women's Road Race,Women's Road Race,Women's Road Race,W,Cycling Road,CRD,Trocadéro,1912525,HENDERSON Anna,Person,GBR,Great Britain,13.0,4:02:57,TIME,,+3:34,30
2024-08-04T18:34:24+02:00,CRDWRR----------------FNL-000100--,CRDWRR,Women's Road Race,Women's Road Race,Women's Road Race,W,Cycling Road,CRD,Trocadéro,1569170,ANDERSSON Caroline,Person,SWE,Sweden,14.0,4:02:57,TIME,,+3:34,71
2024-08-04T18:34:24+02:00,CRDWRR----------------FNL-000100--,CRDWRR,Women's Road Race,Women's Road Race,Women's Road Race,W,Cycling Road,CRD,Trocadéro,1955079,DYGERT Chloe,Person,USA,United States,15.0,4:03:03,TIME,,+3:40,32
2024-08-04T18:34:24+02:00,CRDWRR----------------FNL-000100--,CRDWRR,Women's Road Race,Women's Road Race,Women's Road Race,W,Cycling Road,CRD,Trocadéro,1889732,LIPPERT Liane,Person,GER,Germany,16.0,4:03:27,TIME,,+4:04,37
2024-08-04T18:34:24+02:00,CRDWRR----------------FNL-000100--,CRDWRR,Women's Road Race,Women's Road Race,Women's Road Race,W,Cycling Road,CRD,Trocadéro,1545879,MAJERUS Christine,Person,LUX,Luxembourg,17.0,4:04:23,TIME,,+5:00,53
2024-08-04T18:34:24+02:00,CRDWRR----------------FNL-000100--,CRDWRR,Women's Road Race,Women's Road Race,Women's Road Race,W,Cycling Road,CRD,Trocadéro,1976476,CHABBEY Elise,Person,SUI,Switzerland,18.0,4:04:23,TIME,,+5:00,24
2024-08-04T18:34:24+02:00,CRDWRR----------------FNL-000100--,CRDWRR,Women's Road Race,Women's Road Race,Women's Road Race,W,Cycling Road,CRD,Trocadéro,1966653,JACKSON Alison,Person,CAN,Canada,19.0,4:04:23,TIME,,+5:00,45
2024-08-04T18:34:24+02:00,CRDWRR----------------FNL-000100--,CRDWRR,Women's Road Race,Women's Road Race,Women's Road Race,W,Cycling Road,CRD,Trocadéro,1944015,LELEIVYTE Rasa,Person,LTU,Lithuania,20.0,4:04:23,TIME,,+5:00,78
2024-08-04T18:34:24+02:00,CRDWRR----------------FNL-000100--,CRDWRR,Women's Road Race,Women's Road Race,Women's Road Race,W,Cycling Road,CRD,Trocadéro,1878414,GASKJENN Ingvild,Person,NOR,Norway,21.0,4:04:23,TIME,,+5:00,51
2024-08-04T18:34:24+02:00,CRDWRR----------------FNL-000100--,CRDWRR,Women's Road Race,Women's Road Race,Women's Road Race,W,Cycling Road,CRD,Trocadéro,1940178,HANSON Lauretta,Person,AUS,Australia,22.0,4:04:23,TIME,,+5:00,22
2024-08-04T18:34:24+02:00,CRDWRR----------------FNL-000100--,CRDWRR,Women's Road Race,Women's Road Race,Women's Road Race,W,Cycling Road,CRD,Trocadéro,1940173,BROWN Grace,Person,AUS,Australia,23.0,4:04:23,TIME,,+5:00,21
2024-08-04T18:34:24+02:00,CRDWRR----------------FNL-000100--,CRDWRR,Women's Road Race,Women's Road Race,Women's Road Race,W,Cycling Road,CRD,Trocadéro,1903138,GHEKIERE Justine,Person,BEL,Belgium,24.0,4:04:23,TIME,,+5:00,4
2024-08-04T18:34:24+02:00,CRDWRR----------------FNL-000100--,CRDWRR,Women's Road Race,Women's Road Race,Women's Road Race,W,Cycling Road,CRD,Trocadéro,1923041,CECCHINI Elena,Person,ITA,Italy,25.0,4:04:23,TIME,,+5:00,12
2024-08-04T18:34:24+02:00,CRDWRR----------------FNL-000100--,CRDWRR,Women's Road Race,Women's Road Race,Women's Road Race,W,Cycling Road,CRD,Trocadéro,1945760,YONAMINE Eri,Person,JPN,Japan,26.0,4:04:23,TIME,,+5:00,77
2024-08-04T18:34:24+02:00,CRDWRR----------------FNL-000100--,CRDWRR,Women's Road Race,Women's Road Race,Women's Road Race,W,Cycling Road,CRD,Trocadéro,1895643,BERTEAU Victoire,Person,FRA,France,27.0,4:04:23,TIME,,+5:00,18
2024-08-04T18:34:24+02:00,CRDWRR----------------FNL-000100--,CRDWRR,Women's Road Race,Women's Road Race,Women's Road Race,W,Cycling Road,CRD,Trocadéro,1566142,SCHWEINBERGER Christina,Person,AUT,Austria,28.0,4:04:23,TIME,,+5:00,2
2024-08-04T18:34:24+02:00,CRDWRR----------------FNL-000100--,CRDWRR,Women's Road Race,Women's Road Race,Women's Road Race,W,Cycling Road,CRD,Trocadéro,1879047,LUDWIG Cecilie Uttrup,Person,DEN,Denmark,29.0,4:04:23,TIME,,+5:00,41
2024-08-04T18:34:24+02:00,CRDWRR----------------FNL-000100--,CRDWRR,Women's Road Race,Women's Road Race,Women's Road Race,W,Cycling Road,CRD,Trocadéro,1878412,EDSETH Marte Berg,Person,NOR,Norway,30.0,4:04:23,TIME,,+5:00,50
2024-08-04T18:34:24+02:00,CRDWRR----------------FNL-000100--,CRDWRR,Women's Road Race,Women's Road Race,Women's Road Race,W,Cycling Road,CRD,Trocadéro,1945042,FISHER Niamh,Person,NZL,New Zealand,31.0,4:04:23,TIME,,+5:00,43
2024-08-04T18:34:24+02:00,CRDWRR----------------FNL-000100--,CRDWRR,Women's Road Race,Women's Road Race,Women's Road Race,W,Cycling Road,CRD,Trocadéro,1889781,NIEDERMAIER Antonia,Person,GER,Germany,32.0,4:04:23,TIME,,+5:00,38
2024-08-04T18:34:24+02:00,CRDWRR----------------FNL-000100--,CRDWRR,Women's Road Race,Women's Road Race,Women's Road Race,W,Cycling Road,CRD,Trocadéro,1943613,MOOLMAN PASIO Ashleigh,Person,RSA,South Africa,33.0,4:04:23,TIME,,+5:00,48
2024-08-04T18:34:24+02:00,CRDWRR----------------FNL-000100--,CRDWRR,Women's Road Race,Women's Road Race,Women's Road Race,W,Cycling Road,CRD,Trocadéro,1969153,VOLLERING Demi,Person,NED,Netherlands,34.0,4:04:23,TIME,,+5:00,8
2024-08-04T18:34:24+02:00,CRDWRR----------------FNL-000100--,CRDWRR,Women's Road Race,Women's Road Race,Women's Road Race,W,Cycling Road,CRD,Trocadéro,1539971,ARMITAGE Megan,Person,IRL,Ireland,35.0,4:06:58,TIME,,+7:35,63
2024-08-04T18:34:24+02:00,CRDWRR----------------FNL-000100--,CRDWRR,Women's Road Race,Women's Road Race,Women's Road Race,W,Cycling Road,CRD,Trocadéro,1956185,KOPECKY Julia,Person,CZE,Czechia,36.0,4:07:00,TIME,,+7:37,64
2024-08-04T18:34:24+02:00,CRDWRR----------------FNL-000100--,CRDWRR,Women's Road Race,Women's Road Race,Women's Road Race,W,Cycling Road,CRD,Trocadéro,1905081,AHTOSALO Anniina,Person,FIN,Finland,37.0,4:07:04,TIME,,+7:41,49
2024-08-04T18:34:24+02:00,CRDWRR----------------FNL-000100--,CRDWRR,Women's Road Race,Women's Road Race,Women's Road Race,W,Cycling Road,CRD,Trocadéro,1895659,CORDON RAGOT Audrey,Person,FRA,France,38.0,4:07:04,TIME,,+7:41,19
2024-08-04T18:34:24+02:00,CRDWRR----------------FNL-000100--,CRDWRR,Women's Road Race,Women's Road Race,Women's Road Race,W,Cycling Road,CRD,Trocadéro,1940189,ROSEMAN-GANNON Ruby,Person,AUS,Australia,39.0,4:07:12,TIME,,+7:49,23
2024-08-04T18:34:24+02:00,CRDWRR----------------FNL-000100--,CRDWRR,Women's Road Race,Women's Road Race,Women's Road Race,W,Cycling Road,CRD,Trocadéro,1889724,KOCH Franziska,Person,GER,Germany,40.0,4:07:16,TIME,,+7:53,36
2024-08-04T18:34:24+02:00,CRDWRR----------------FNL-000100--,CRDWRR,Women's Road Race,Women's Road Race,Women's Road Race,W,Cycling Road,CRD,Trocadéro,1933807,CAMPOS Daniela,Person,POR,Portugal,41.0,4:07:16,TIME,,+7:53,81
2024-08-04T18:34:24+02:00,CRDWRR----------------FNL-000100--,CRDWRR,Women's Road Race,Women's Road Race,Women's Road Race,W,Cycling Road,CRD,Trocadéro,1980884,BUJAK Eugenia,Person,SLO,Slovenia,42.0,4:07:16,TIME,,+7:53,59
2024-08-04T18:34:24+02:00,CRDWRR----------------FNL-000100--,CRDWRR,Women's Road Race,Women's Road Race,Women's Road Race,W,Cycling Road,CRD,Trocadéro,1915367,VANPACHTENBEKE Margot,Person,BEL,Belgium,43.0,4:07:16,TIME,,+7:53,6
2024-08-04T18:34:24+02:00,CRDWRR----------------FNL-000100--,CRDWRR,Women's Road Race,Women's Road Race,Women's Road Race,W,Cycling Road,CRD,Trocadéro,1966699,BARIL Olivia,Person,CAN,Canada,44.0,4:07:16,TIME,,+7:53,44
2024-08-04T18:34:24+02:00,CRDWRR----------------FNL-000100--,CRDWRR,Women's Road Race,Women's Road Race,Women's Road Race,W,Cycling Road,CRD,Trocadéro,1572944,SKALNIAK-SOJKA Agnieszka,Person,POL,Poland,45.0,4:07:16,TIME,,+7:53,17
2024-08-04T18:34:24+02:00,CRDWRR----------------FNL-000100--,CRDWRR,Women's Road Race,Women's Road Race,Women's Road Race,W,Cycling Road,CRD,Trocadéro,1895689,LABOUS Juliette,Person,FRA,France,46.0,4:07:16,TIME,,+7:53,20
2024-08-04T18:34:24+02:00,CRDWRR----------------FNL-000100--,CRDWRR,Women's Road Race,Women's Road Race,Women's Road Race,W,Cycling Road,CRD,Trocadéro,1973314,DRONOVA Tamara,Person,AIN,AIN,47.0,4:07:16,TIME,,+7:53,61
2024-08-04T18:34:24+02:00,CRDWRR----------------FNL-000100--,CRDWRR,Women's Road Race,Women's Road Race,Women's Road Race,W,Cycling Road,CRD,Trocadéro,1541412,SIERRA Arlenis,Person,CUB,Cuba,48.0,4:07:16,TIME,,+7:53,46
2024-08-04T18:34:24+02:00,CRDWRR----------------FNL-000100--,CRDWRR,Women's Road Race,Women's Road Race,Women's Road Race,W,Cycling Road,CRD,Trocadéro,1879056,BJERG Emma Norsgaard,Person,DEN,Denmark,49.0,4:07:16,TIME,,+7:53,39
2024-08-04T18:34:24+02:00,CRDWRR----------------FNL-000100--,CRDWRR,Women's Road Race,Women's Road Race,Women's Road Race,W,Cycling Road,CRD,Trocadéro,1911269,PATINO Paula,Person,COL,Colombia,50.0,4:07:16,TIME,,+7:53,52
2024-08-04T18:34:24+02:00,CRDWRR----------------FNL-000100--,CRDWRR,Women's Road Race,Women's Road Race,Women's Road Race,W,Cycling Road,CRD,Trocadéro,1545461,KUSKOVA Yanina,Person,UZB,Uzbekistan,51.0,4:07:16,TIME,,+7:53,54
2024-08-04T18:34:24+02:00,CRDWRR----------------FNL-000100--,CRDWRR,Women's Road Race,Women's Road Race,Women's Road Race,W,Cycling Road,CRD,Trocadéro,1566134,KIESENHOFER Anna,Person,AUT,Austria,52.0,4:07:16,TIME,,+7:53,1
2024-08-04T18:34:24+02:00,CRDWRR----------------FNL-000100--,CRDWRR,Women's Road Race,Women's Road Race,Women's Road Race,W,Cycling Road,CRD,Trocadéro,1915365,van de VELDE Julie,Person,BEL,Belgium,53.0,4:07:21,TIME,,+7:58,5
2024-08-04T18:34:24+02:00,CRDWRR----------------FNL-000100--,CRDWRR,Women's Road Race,Women's Road Race,Women's Road Race,W,Cycling Road,CRD,Trocadéro,1923040,BALSAMO Elisa,Person,ITA,Italy,54.0,4:07:39,TIME,,+8:16,11
2024-08-04T18:34:24+02:00,CRDWRR----------------FNL-000100--,CRDWRR,Women's Road Race,Women's Road Race,Women's Road Race,W,Cycling Road,CRD,Trocadéro,1923044,PERSICO Silvia,Person,ITA,Italy,55.0,4:07:39,TIME,,+8:16,14
2024-08-04T18:34:24+02:00,CRDWRR----------------FNL-000100--,CRDWRR,Women's Road Race,Women's Road Race,Women's Road Race,W,Cycling Road,CRD,Trocadéro,1945034,CADZOW Kim,Person,NZL,New Zealand,56.0,4:08:14,TIME,,+8:51,42
2024-08-04T18:34:24+02:00,CRDWRR----------------FNL-000100--,CRDWRR,Women's Road Race,Women's Road Race,Women's Road Race,W,Cycling Road,CRD,Trocadéro,1976562,HARTMANN Elena,Person,SUI,Switzerland,57.0,4:08:14,TIME,,+8:51,25
2024-08-04T18:34:24+02:00,CRDWRR----------------FNL-000100--,CRDWRR,Women's Road Race,Women's Road Race,Women's Road Race,W,Cycling Road,CRD,Trocadéro,1969159,van DIJK Ellen,Person,NED,Netherlands,58.0,4:08:14,TIME,,+8:51,7
2024-08-04T18:34:24+02:00,CRDWRR----------------FNL-000100--,CRDWRR,Women's Road Race,Women's Road Race,Women's Road Race,W,Cycling Road,CRD,Trocadéro,1981564,PINTAR Urska,Person,SLO,Slovenia,59.0,4:08:14,TIME,,+8:51,60
2024-08-04T18:34:24+02:00,CRDWRR----------------FNL-000100--,CRDWRR,Women's Road Race,Women's Road Race,Women's Road Race,W,Cycling Road,CRD,Trocadéro,1934524,SOTO CAMPOS Catalina,Person,CHI,Chile,60.0,4:09:49,TIME,,+10:26,57
2024-08-04T18:34:24+02:00,CRDWRR----------------FNL-000100--,CRDWRR,Women's Road Race,Women's Road Race,Women's Road Race,W,Cycling Road,CRD,Trocadéro,1549335,TSERAKH Hanna,Person,AIN,AIN,61.0,4:10:18,TIME,,+10:55,70
2024-08-04T18:34:24+02:00,CRDWRR----------------FNL-000100--,CRDWRR,Women's Road Race,Women's Road Race,Women's Road Race,W,Cycling Road,CRD,Trocadéro,1554897,CHRISTOFOROU Antri,Person,CYP,Cyprus,62.0,4:10:20,TIME,,+10:57,66
2024-08-04T18:34:24+02:00,CRDWRR----------------FNL-000100--,CRDWRR,Women's Road Race,Women's Road Race,Women's Road Race,W,Cycling Road,CRD,Trocadéro,1928247,BENITO PELLICER Mireia,Person,ESP,Spain,63.0,4:10:20,TIME,,+10:57,34
2024-08-04T18:34:24+02:00,CRDWRR----------------FNL-000100--,CRDWRR,Women's Road Race,Women's Road Race,Women's Road Race,W,Cycling Road,CRD,Trocadéro,1957126,LEE Sze Wing,Person,HKG,"Hong Kong, China",64.0,4:10:47,TIME,,+11:24,65
2024-08-04T18:34:24+02:00,CRDWRR----------------FNL-000100--,CRDWRR,Women's Road Race,Women's Road Race,Women's Road Race,W,Cycling Road,CRD,Trocadéro,1977921,ZANETTI Linda,Person,SUI,Switzerland,65.0,4:10:47,TIME,,+11:24,27
2024-08-04T18:34:24+02:00,CRDWRR----------------FNL-000100--,CRDWRR,Women's Road Race,Women's Road Race,Women's Road Race,W,Cycling Road,CRD,Trocadéro,1947912,ERIC Jelena,Person,SRB,Serbia,66.0,4:10:47,TIME,,+11:24,75
2024-08-04T18:34:24+02:00,CRDWRR----------------FNL-000100--,CRDWRR,Women's Road Race,Women's Road Race,Women's Road Race,W,Cycling Road,CRD,Trocadéro,1571929,BIRIUKOVA Yuliia,Person,UKR,Ukraine,67.0,4:10:47,TIME,,+11:24,69
2024-08-04T18:34:24+02:00,CRDWRR----------------FNL-000100--,CRDWRR,Women's Road Race,Women's Road Race,Women's Road Race,W,Cycling Road,CRD,Trocadéro,1553574,LOOSER Vera,Person,NAM,Namibia,68.0,4:10:47,TIME,,+11:24,82
2024-08-04T18:34:24+02:00,CRDWRR----------------FNL-000100--,CRDWRR,Women's Road Race,Women's Road Race,Women's Road Race,W,Cycling Road,CRD,Trocadéro,1947988,CARBONARI Anastasia,Person,LAT,Latvia,69.0,4:10:47,TIME,,+11:24,83
2024-08-04T18:34:24+02:00,CRDWRR----------------FNL-000100--,CRDWRR,Women's Road Race,Women's Road Race,Women's Road Race,W,Cycling Road,CRD,Trocadéro,1545200,ZABELINSKAYA Olga,Person,UZB,Uzbekistan,70.0,4:10:47,TIME,,+11:24,55
2024-08-04T18:34:24+02:00,CRDWRR----------------FNL-000100--,CRDWRR,Women's Road Race,Women's Road Race,Women's Road Race,W,Cycling Road,CRD,Trocadéro,1568824,JENCUSOVA Nora,Person,SVK,Slovakia,71.0,4:10:47,TIME,,+11:24,79
2024-08-04T18:34:24+02:00,CRDWRR----------------FNL-000100--,CRDWRR,Women's Road Race,Women's Road Race,Women's Road Race,W,Cycling Road,CRD,Trocadéro,1979019,IVANCHENKO Alena,Person,AIN,AIN,72.0,4:10:47,TIME,,+11:24,62
2024-08-04T18:34:24+02:00,CRDWRR----------------FNL-000100--,CRDWRR,Women's Road Race,Women's Road Race,Women's Road Race,W,Cycling Road,CRD,Trocadéro,1563310,NGUYEN Thi That,Person,VIE,Vietnam,73.0,4:10:47,TIME,,+11:24,80
2024-08-04T18:34:24+02:00,CRDWRR----------------FNL-000100--,CRDWRR,Women's Road Race,Women's Road Race,Women's Road Race,W,Cycling Road,CRD,Trocadéro,1953447,MAGALHAES Ana Vitoria,Person,BRA,Brazil,74.0,4:10:47,TIME,,+11:24,68
2024-08-04T18:34:24+02:00,CRDWRR----------------FNL-000100--,CRDWRR,Women's Road Race,Women's Road Race,Women's Road Race,W,Cycling Road,CRD,Trocadéro,1556072,HASHIMI Fariba,Person,AFG,Afghanistan,75.0,4:10:47,TIME,,+11:24,90
2024-08-04T18:34:24+02:00,CRDWRR----------------FNL-000100--,CRDWRR,Women's Road Race,Women's Road Race,Women's Road Race,W,Cycling Road,CRD,Trocadéro,1879167,KOERNER Rebecca,Person,DEN,Denmark,76.0,4:12:22,TIME,,+12:59,40
2024-08-04T18:34:24+02:00,CRDWRR----------------FNL-000100--,CRDWRR,Women's Road Race,Women's Road Race,Women's Road Race,W,Cycling Road,CRD,Trocadéro,1898282,GAFINOVITZ Rotem,Person,ISR,Israel,77.0,4:13:42,TIME,,+14:19,85
2024-08-04T18:34:24+02:00,CRDWRR----------------FNL-000100--,CRDWRR,Women's Road Race,Women's Road Race,Women's Road Race,W,Cycling Road,CRD,Trocadéro,1919737,SOMRAT Phetdarin,Person,THA,Thailand,78.0,4:13:42,TIME,,+14:19,67
2024-08-04T18:34:24+02:00,CRDWRR----------------FNL-000100--,CRDWRR,Women's Road Race,Women's Road Race,Women's Road Race,W,Cycling Road,CRD,Trocadéro,1943606,KEEP Tiffany,Person,RSA,South Africa,,,IRM,DNF,,47
2024-08-04T18:34:24+02:00,CRDWRR----------------FNL-000100--,CRDWRR,Women's Road Race,Women's Road Race,Women's Road Race,W,Cycling Road,CRD,Trocadéro,1897877,le COURT de BILLOT Kimberley,Person,MRI,Mauritius,,,IRM,DNF,,56
2024-08-04T18:34:24+02:00,CRDWRR----------------FNL-000100--,CRDWRR,Women's Road Race,Women's Road Race,Women's Road Race,W,Cycling Road,CRD,Trocadéro,1920618,TANG Xin,Person,CHN,China,,,IRM,DNF,,58
2024-08-04T18:34:24+02:00,CRDWRR----------------FNL-000100--,CRDWRR,Women's Road Race,Women's Road Race,Women's Road Race,W,Cycling Road,CRD,Trocadéro,1931278,SONG Minji,Person,KOR,Korea,,,IRM,DNF,,72
2024-08-04T18:34:24+02:00,CRDWRR----------------FNL-000100--,CRDWRR,Women's Road Race,Women's Road Race,Women's Road Race,W,Cycling Road,CRD,Trocadéro,1963343,HOUILI Nesrine,Person,ALG,Algeria,,,IRM,DNF,,74
2024-08-04T18:34:24+02:00,CRDWRR----------------FNL-000100--,CRDWRR,Women's Road Race,Women's Road Race,Women's Road Race,W,Cycling Road,CRD,Trocadéro,1535433,PRIETO Marcela,Person,MEX,Mexico,,,IRM,DNF,,76
2024-08-04T18:34:24+02:00,CRDWRR----------------FNL-000100--,CRDWRR,Women's Road Race,Women's Road Race,Women's Road Race,W,Cycling Road,CRD,Trocadéro,1535395,AL SAYEGH Safia,Person,UAE,UA Emirates,,,IRM,DNF,,84
2024-08-04T18:34:24+02:00,CRDWRR----------------FNL-000100--,CRDWRR,Women's Road Race,Women's Road Race,Women's Road Race,W,Cycling Road,CRD,Trocadéro,1560261,MENA SOLANO Milagro,Person,CRC,Costa Rica,,,IRM,DNF,,86
2024-08-04T18:34:24+02:00,CRDWRR----------------FNL-000100--,CRDWRR,Women's Road Race,Women's Road Race,Women's Road Race,W,Cycling Road,CRD,Trocadéro,1535925,MOHAMAD ZUBIR Nur Aisyah,Person,MAS,Malaysia,,,IRM,DNF,,87
2024-08-04T18:34:24+02:00,CRDWRR----------------FNL-000100--,CRDWRR,Women's Road Race,Women's Road Race,Women's Road Race,W,Cycling Road,CRD,Trocadéro,1561941,UKPESERAYE Ese,Person,NGR,Nigeria,,,IRM,DNF,,88
2024-08-04T18:34:24+02:00,CRDWRR----------------FNL-000100--,CRDWRR,Women's Road Race,Women's Road Race,Women's Road Race,W,Cycling Road,CRD,Trocadéro,1571966,BAMOGO Awa,Person,BUR,Burkina Faso,,,IRM,DNF,,89
2024-08-04T18:34:24+02:00,CRDWRR----------------FNL-000100--,CRDWRR,Women's Road Race,Women's Road Race,Women's Road Race,W,Cycling Road,CRD,Trocadéro,1560705,HASHIMI Yulduz,Person,AFG,Afghanistan,,,IRM,DNF,,91
2024-08-04T18:34:24+02:00,CRDWRR----------------FNL-000100--,CRDWRR,Women's Road Race,Women's Road Race,Women's Road Race,W,Cycling Road,CRD,Trocadéro,1980454,INGABIRE Diane,Person,RWA,Rwanda,,,IRM,DNF,,92
2024-08-04T18:34:24+02:00,CRDWRR----------------FNL-000100--,CRDWRR,Women's Road Race,Women's Road Race,Women's Road Race,W,Cycling Road,CRD,Trocadéro,1894543,GEBRU Eyeru,Person,EOR,EOR,,,IRM,DNF,,93
