date,stage_code,event_code,event_name,event_stage,stage,gender,discipline_name,discipline_code,venue,participant_code,participant_name,participant_type,participant_country_code,participant_country,result,result_type,result_WLT,result_IRM,bib
2024-08-10T09:16:03+02:00,TKWMO80KG-------------R32-000100--,TKWMO80KG,Men +80kg,Men +80kg Qualification Contest,Qualification Contest,M,Taekwondo,TKW,Grand Palais,1936316,MARA Gibson Kaogo,Person,PNG,Papua New Guinea,1,POINTS,L,,816
2024-08-10T09:16:03+02:00,TKWMO80KG-------------R32-000100--,TKWMO80KG,Men +80kg,Men +80kg Qualification Contest,Qualification Contest,M,Taekwondo,TKW,Grand Palais,1894556,MEHDIPOURNEJAD Kasra,Person,EOR,EOR,2,POINTS,W,,817
2024-08-10T09:58:05+02:00,TKWMO80KG-------------8FNL000100--,TKWMO80KG,Men +80kg,Men +80kg Round of 16,Round of 16,M,Taekwondo,TKW,Grand Palais,1555589,ISSOUFOU Abdoul,Person,NIG,Niger,0,POINTS,L,,813
2024-08-10T09:58:05+02:00,TKWMO80KG-------------8FNL000100--,TKWMO80KG,Men +80kg,Men +80kg Round of 16,Round of 16,M,Taekwondo,TKW,Grand Palais,1896149,CUNNINGHAM Caden,Person,GBR,Great Britain,2,POINTS,W,,804
2024-08-10T09:58:13+02:00,TKWMO80KG-------------8FNL000200--,TKWMO80KG,Men +80kg,Men +80kg Round of 16,Round of 16,M,Taekwondo,TKW,Grand Palais,1566729,ATESLI Emre Kutalmis,Person,TUR,Türkiye,0,POINTS,L,,805
2024-08-10T09:58:13+02:00,TKWMO80KG-------------8FNL000200--,TKWMO80KG,Men +80kg,Men +80kg Round of 16,Round of 16,M,Taekwondo,TKW,Grand Palais,1897088,ALBA Rafael,Person,CUB,Cuba,2,POINTS,W,,812
2024-08-10T10:35:06+02:00,TKWMO80KG-------------8FNL000300--,TKWMO80KG,Men +80kg,Men +80kg Round of 16,Round of 16,M,Taekwondo,TKW,Grand Palais,1930770,HEALY Jonathan,Person,USA,United States,2,POINTS,W,,809
2024-08-10T10:35:06+02:00,TKWMO80KG-------------8FNL000300--,TKWMO80KG,Men +80kg,Men +80kg Round of 16,Round of 16,M,Taekwondo,TKW,Grand Palais,1910362,SONG Zhaoxiang,Person,CHN,China,1,POINTS,L,,808
2024-08-10T10:56:39+02:00,TKWMO80KG-------------8FNL000400--,TKWMO80KG,Men +80kg,Men +80kg Round of 16,Round of 16,M,Taekwondo,TKW,Grand Palais,1548401,CISSE Cheick Sallah,Person,CIV,Côte d'Ivoire,2,POINTS,W,,801
2024-08-10T10:56:39+02:00,TKWMO80KG-------------8FNL000400--,TKWMO80KG,Men +80kg,Men +80kg Round of 16,Round of 16,M,Taekwondo,TKW,Grand Palais,1894556,MEHDIPOURNEJAD Kasra,Person,EOR,EOR,0,POINTS,L,,817
2024-08-10T11:25:06+02:00,TKWMO80KG-------------8FNL000500--,TKWMO80KG,Men +80kg,Men +80kg Round of 16,Round of 16,M,Taekwondo,TKW,Grand Palais,1564244,GOMIS Paivou Johnouario,Person,GBS,Guinea-Bissau,0,POINTS,L,,815
2024-08-10T11:25:06+02:00,TKWMO80KG-------------8FNL000500--,TKWMO80KG,Men +80kg,Men +80kg Round of 16,Round of 16,M,Taekwondo,TKW,Grand Palais,1535366,SANSORES Carlos,Person,MEX,Mexico,2,POINTS,W,,802
2024-08-10T11:49:09+02:00,TKWMO80KG-------------8FNL000600--,TKWMO80KG,Men +80kg,Men +80kg Round of 16,Round of 16,M,Taekwondo,TKW,Grand Palais,1887756,RAFALOVICH Nikita,Person,UZB,Uzbekistan,0,POINTS,L,,807
2024-08-10T11:49:09+02:00,TKWMO80KG-------------8FNL000600--,TKWMO80KG,Men +80kg,Men +80kg Round of 16,Round of 16,M,Taekwondo,TKW,Grand Palais,1536045,SALIMI Arian,Person,IRI,IR Iran,2,POINTS,W,,810
2024-08-10T12:24:19+02:00,TKWMO80KG-------------8FNL000700--,TKWMO80KG,Men +80kg,Men +80kg Round of 16,Round of 16,M,Taekwondo,TKW,Grand Palais,1981479,DIVKOVIC Patrik,Person,SLO,Slovenia,1,POINTS,L,,811
2024-08-10T12:24:19+02:00,TKWMO80KG-------------8FNL000700--,TKWMO80KG,Men +80kg,Men +80kg Round of 16,Round of 16,M,Taekwondo,TKW,Grand Palais,1898375,ORDEMANN Richard Andre,Person,NOR,Norway,2,POINTS,W,,806
2024-08-10T12:43:54+02:00,TKWMO80KG-------------8FNL000800--,TKWMO80KG,Men +80kg,Men +80kg Round of 16,Round of 16,M,Taekwondo,TKW,Grand Palais,1569990,SAPINA Ivan,Person,CRO,Croatia,2,POINTS,W,,803
2024-08-10T12:43:54+02:00,TKWMO80KG-------------8FNL000800--,TKWMO80KG,Men +80kg,Men +80kg Round of 16,Round of 16,M,Taekwondo,TKW,Grand Palais,1545964,ANN Alasan,Person,GAM,Gambia,0,POINTS,L,,814
2024-08-10T14:56:20+02:00,TKWMO80KG-------------QFNL000100--,TKWMO80KG,Men +80kg,Men +80kg Quarterfinal,Quarterfinal,M,Taekwondo,TKW,Grand Palais,1896149,CUNNINGHAM Caden,Person,GBR,Great Britain,2,POINTS,W,,804
2024-08-10T14:56:20+02:00,TKWMO80KG-------------QFNL000100--,TKWMO80KG,Men +80kg,Men +80kg Quarterfinal,Quarterfinal,M,Taekwondo,TKW,Grand Palais,1897088,ALBA Rafael,Person,CUB,Cuba,1,POINTS,L,,812
2024-08-10T15:23:29+02:00,TKWMO80KG-------------QFNL000200--,TKWMO80KG,Men +80kg,Men +80kg Quarterfinal,Quarterfinal,M,Taekwondo,TKW,Grand Palais,1930770,HEALY Jonathan,Person,USA,United States,0,POINTS,L,,809
2024-08-10T15:23:29+02:00,TKWMO80KG-------------QFNL000200--,TKWMO80KG,Men +80kg,Men +80kg Quarterfinal,Quarterfinal,M,Taekwondo,TKW,Grand Palais,1548401,CISSE Cheick Sallah,Person,CIV,Côte d'Ivoire,2,POINTS,W,,801
2024-08-10T16:05:02+02:00,TKWMO80KG-------------QFNL000300--,TKWMO80KG,Men +80kg,Men +80kg Quarterfinal,Quarterfinal,M,Taekwondo,TKW,Grand Palais,1535366,SANSORES Carlos,Person,MEX,Mexico,1,POINTS,L,,802
2024-08-10T16:05:02+02:00,TKWMO80KG-------------QFNL000300--,TKWMO80KG,Men +80kg,Men +80kg Quarterfinal,Quarterfinal,M,Taekwondo,TKW,Grand Palais,1536045,SALIMI Arian,Person,IRI,IR Iran,2,POINTS,W,,810
2024-08-10T16:33:13+02:00,TKWMO80KG-------------QFNL000400--,TKWMO80KG,Men +80kg,Men +80kg Quarterfinal,Quarterfinal,M,Taekwondo,TKW,Grand Palais,1898375,ORDEMANN Richard Andre,Person,NOR,Norway,1,POINTS,L,,806
2024-08-10T16:33:13+02:00,TKWMO80KG-------------QFNL000400--,TKWMO80KG,Men +80kg,Men +80kg Quarterfinal,Quarterfinal,M,Taekwondo,TKW,Grand Palais,1569990,SAPINA Ivan,Person,CRO,Croatia,2,POINTS,W,,803
2024-08-10T17:02:06+02:00,TKWMO80KG-------------SFNL000100--,TKWMO80KG,Men +80kg,Men +80kg Semifinal,Semifinal,M,Taekwondo,TKW,Grand Palais,1896149,CUNNINGHAM Caden,Person,GBR,Great Britain,2,POINTS,W,,804
2024-08-10T17:02:06+02:00,TKWMO80KG-------------SFNL000100--,TKWMO80KG,Men +80kg,Men +80kg Semifinal,Semifinal,M,Taekwondo,TKW,Grand Palais,1548401,CISSE Cheick Sallah,Person,CIV,Côte d'Ivoire,1,POINTS,L,,801
2024-08-10T17:39:47+02:00,TKWMO80KG-------------SFNL000200--,TKWMO80KG,Men +80kg,Men +80kg Semifinal,Semifinal,M,Taekwondo,TKW,Grand Palais,1536045,SALIMI Arian,Person,IRI,IR Iran,2,POINTS,W,,810
2024-08-10T17:39:47+02:00,TKWMO80KG-------------SFNL000200--,TKWMO80KG,Men +80kg,Men +80kg Semifinal,Semifinal,M,Taekwondo,TKW,Grand Palais,1569990,SAPINA Ivan,Person,CRO,Croatia,1,POINTS,L,,803
2024-08-10T19:44:16+02:00,TKWMO80KG-------------REP1000200--,TKWMO80KG,Men +80kg,Men +80kg Repechage,Repechage,M,Taekwondo,TKW,Grand Palais,1897088,ALBA Rafael,Person,CUB,Cuba,2,POINTS,W,,812
2024-08-10T19:44:16+02:00,TKWMO80KG-------------REP1000200--,TKWMO80KG,Men +80kg,Men +80kg Repechage,Repechage,M,Taekwondo,TKW,Grand Palais,1555589,ISSOUFOU Abdoul,Person,NIG,Niger,1,POINTS,L,,813
2024-08-10T20:11:56+02:00,TKWMO80KG-------------REP1000300--,TKWMO80KG,Men +80kg,Men +80kg Repechage,Repechage,M,Taekwondo,TKW,Grand Palais,1887756,RAFALOVICH Nikita,Person,UZB,Uzbekistan,1,POINTS,L,,807
2024-08-10T20:11:56+02:00,TKWMO80KG-------------REP1000300--,TKWMO80KG,Men +80kg,Men +80kg Repechage,Repechage,M,Taekwondo,TKW,Grand Palais,1535366,SANSORES Carlos,Person,MEX,Mexico,2,POINTS,W,,802
2024-08-10T20:42:21+02:00,TKWMO80KG-------------REPF000100--,TKWMO80KG,Men +80kg,Men +80kg Bronze Medal Contests,Bronze Medal Contests,M,Taekwondo,TKW,Grand Palais,1569990,SAPINA Ivan,Person,CRO,Croatia,0,POINTS,L,,803
2024-08-10T20:42:21+02:00,TKWMO80KG-------------REPF000100--,TKWMO80KG,Men +80kg,Men +80kg Bronze Medal Contests,Bronze Medal Contests,M,Taekwondo,TKW,Grand Palais,1897088,ALBA Rafael,Person,CUB,Cuba,2,POINTS,W,,812
2024-08-10T21:26:10+02:00,TKWMO80KG-------------REPF000200--,TKWMO80KG,Men +80kg,Men +80kg Bronze Medal Contests,Bronze Medal Contests,M,Taekwondo,TKW,Grand Palais,1535366,SANSORES Carlos,Person,MEX,Mexico,1,POINTS,L,,802
2024-08-10T21:26:10+02:00,TKWMO80KG-------------REPF000200--,TKWMO80KG,Men +80kg,Men +80kg Bronze Medal Contests,Bronze Medal Contests,M,Taekwondo,TKW,Grand Palais,1548401,CISSE Cheick Sallah,Person,CIV,Côte d'Ivoire,2,POINTS,W,,801
2024-08-10T22:07:19+02:00,TKWMO80KG-------------FNL-000100--,TKWMO80KG,Men +80kg,Men +80kg Gold Medal Contest,Gold Medal Contest,M,Taekwondo,TKW,Grand Palais,1896149,CUNNINGHAM Caden,Person,GBR,Great Britain,1,POINTS,L,,804
2024-08-10T22:07:19+02:00,TKWMO80KG-------------FNL-000100--,TKWMO80KG,Men +80kg,Men +80kg Gold Medal Contest,Gold Medal Contest,M,Taekwondo,TKW,Grand Palais,1536045,SALIMI Arian,Person,IRI,IR Iran,2,POINTS,W,,810
2024-08-07T09:12:08+02:00,TKWM58KG--------------R32-000100--,TKWM58KG,Men -58kg,Men -58kg Qualification Contest,Qualification Contest,M,Taekwondo,TKW,Grand Palais,1560166,DIOP Bocar,Person,SEN,Senegal,0,POINTS,L,,216
2024-08-07T09:12:08+02:00,TKWM58KG--------------R32-000100--,TKWM58KG,Men -58kg,Men -58kg Qualification Contest,Qualification Contest,M,Taekwondo,TKW,Grand Palais,1956376,KORNEEV Lev,Person,SRB,Serbia,2,POINTS,W,,217
2024-08-07T09:38:27+02:00,TKWM58KG--------------R32-000200--,TKWM58KG,Men -58kg,Men -58kg Qualification Contest,Qualification Contest,M,Taekwondo,TKW,Grand Palais,1932149,YASER ISMAIL Omar,Person,PLE,Palestine,2,POINTS,W,,215
2024-08-07T09:38:27+02:00,TKWM58KG--------------R32-000200--,TKWM58KG,Men -58kg,Men -58kg Qualification Contest,Qualification Contest,M,Taekwondo,TKW,Grand Palais,1894548,TIRANVALIPOUR Hadi,Person,EOR,EOR,0,POINTS,L,,218
2024-08-07T10:07:50+02:00,TKWM58KG--------------8FNL000100--,TKWM58KG,Men -58kg,Men -58kg Round of 16,Round of 16,M,Taekwondo,TKW,Grand Palais,1919675,GURTSIEV Georgiy,Person,AIN,AIN,0,POINTS,L,,213
2024-08-07T10:07:50+02:00,TKWM58KG--------------8FNL000100--,TKWM58KG,Men -58kg,Men -58kg Round of 16,Round of 16,M,Taekwondo,TKW,Grand Palais,1893274,RAVET Cyrian,Person,FRA,France,2,POINTS,W,,204
2024-08-07T10:32:39+02:00,TKWM58KG--------------8FNL000200--,TKWM58KG,Men -58kg,Men -58kg Round of 16,Round of 16,M,Taekwondo,TKW,Grand Palais,1904040,PARK Taejoon,Person,KOR,Korea,2,POINTS,W,,205
2024-08-07T10:32:39+02:00,TKWM58KG--------------8FNL000200--,TKWM58KG,Men -58kg,Men -58kg Round of 16,Round of 16,M,Taekwondo,TKW,Grand Palais,1925942,GRANADO Yohandri,Person,VEN,Venezuela,0,POINTS,L,,212
2024-08-07T11:12:30+02:00,TKWM58KG--------------8FNL000300--,TKWM58KG,Men -58kg,Men -58kg Round of 16,Round of 16,M,Taekwondo,TKW,Grand Palais,1555541,ISSAKA GARBA Nouridine,Person,NIG,Niger,0,POINTS,L,,209
2024-08-07T11:12:30+02:00,TKWM58KG--------------8FNL000300--,TKWM58KG,Men -58kg,Men -58kg Round of 16,Round of 16,M,Taekwondo,TKW,Grand Palais,1946334,LEWIS Bailey,Person,AUS,Australia,2,POINTS,W,,208
2024-08-07T11:35:03+02:00,TKWM58KG--------------8FNL000400--,TKWM58KG,Men -58kg,Men -58kg Round of 16,Round of 16,M,Taekwondo,TKW,Grand Palais,1947736,JENDOUBI Mohamed Khalil,Person,TUN,Tunisia,2,POINTS,W,,201
2024-08-07T11:35:03+02:00,TKWM58KG--------------8FNL000400--,TKWM58KG,Men -58kg,Men -58kg Round of 16,Round of 16,M,Taekwondo,TKW,Grand Palais,1956376,KORNEEV Lev,Person,SRB,Serbia,0,POINTS,L,,217
2024-08-07T12:00:12+02:00,TKWM58KG--------------8FNL000500--,TKWM58KG,Men -58kg,Men -58kg Round of 16,Round of 16,M,Taekwondo,TKW,Grand Palais,1932149,YASER ISMAIL Omar,Person,PLE,Palestine,0,POINTS,L,,215
2024-08-07T12:00:12+02:00,TKWM58KG--------------8FNL000500--,TKWM58KG,Men -58kg,Men -58kg Round of 16,Round of 16,M,Taekwondo,TKW,Grand Palais,1546697,VICENTE YUNTA Adrian,Person,ESP,Spain,2,POINTS,W,,202
2024-08-07T12:29:23+02:00,TKWM58KG--------------8FNL000600--,TKWM58KG,Men -58kg,Men -58kg Round of 16,Round of 16,M,Taekwondo,TKW,Grand Palais,1956647,WOOLLEY Jack,Person,IRL,Ireland,0,POINTS,L,,207
2024-08-07T12:29:23+02:00,TKWM58KG--------------8FNL000600--,TKWM58KG,Men -58kg,Men -58kg Round of 16,Round of 16,M,Taekwondo,TKW,Grand Palais,1946883,MAGOMEDOV Gashim,Person,AZE,Azerbaijan,2,POINTS,W,,210
2024-08-07T13:04:37+02:00,TKWM58KG--------------8FNL000700--,TKWM58KG,Men -58kg,Men -58kg Round of 16,Round of 16,M,Taekwondo,TKW,Grand Palais,1908279,GUZMAN Lucas,Person,ARG,Argentina,1,POINTS,L,,211
2024-08-07T13:04:37+02:00,TKWM58KG--------------8FNL000700--,TKWM58KG,Men -58kg,Men -58kg Round of 16,Round of 16,M,Taekwondo,TKW,Grand Palais,1572368,SALIM Omar Gergely,Person,HUN,Hungary,2,POINTS,W,,206
2024-08-07T13:24:08+02:00,TKWM58KG--------------8FNL000800--,TKWM58KG,Men -58kg,Men -58kg Round of 16,Round of 16,M,Taekwondo,TKW,Grand Palais,1929684,DELL AQUILA Vito,Person,ITA,Italy,2,POINTS,W,,203
2024-08-07T13:24:08+02:00,TKWM58KG--------------8FNL000800--,TKWM58KG,Men -58kg,Men -58kg Round of 16,Round of 16,M,Taekwondo,TKW,Grand Palais,1930255,ABABAKIROV Samirkhon,Person,KAZ,Kazakhstan,1,POINTS,L,,214
2024-08-07T15:03:24+02:00,TKWM58KG--------------QFNL000100--,TKWM58KG,Men -58kg,Men -58kg Quarterfinal,Quarterfinal,M,Taekwondo,TKW,Grand Palais,1893274,RAVET Cyrian,Person,FRA,France,1,POINTS,L,,204
2024-08-07T15:03:24+02:00,TKWM58KG--------------QFNL000100--,TKWM58KG,Men -58kg,Men -58kg Quarterfinal,Quarterfinal,M,Taekwondo,TKW,Grand Palais,1904040,PARK Taejoon,Person,KOR,Korea,2,POINTS,W,,205
2024-08-07T15:29:05+02:00,TKWM58KG--------------QFNL000200--,TKWM58KG,Men -58kg,Men -58kg Quarterfinal,Quarterfinal,M,Taekwondo,TKW,Grand Palais,1946334,LEWIS Bailey,Person,AUS,Australia,0,POINTS,L,,208
2024-08-07T15:29:05+02:00,TKWM58KG--------------QFNL000200--,TKWM58KG,Men -58kg,Men -58kg Quarterfinal,Quarterfinal,M,Taekwondo,TKW,Grand Palais,1947736,JENDOUBI Mohamed Khalil,Person,TUN,Tunisia,2,POINTS,W,,201
2024-08-07T15:59:34+02:00,TKWM58KG--------------QFNL000300--,TKWM58KG,Men -58kg,Men -58kg Quarterfinal,Quarterfinal,M,Taekwondo,TKW,Grand Palais,1546697,VICENTE YUNTA Adrian,Person,ESP,Spain,0,POINTS,L,,202
2024-08-07T15:59:34+02:00,TKWM58KG--------------QFNL000300--,TKWM58KG,Men -58kg,Men -58kg Quarterfinal,Quarterfinal,M,Taekwondo,TKW,Grand Palais,1946883,MAGOMEDOV Gashim,Person,AZE,Azerbaijan,2,POINTS,W,,210
2024-08-07T16:18:13+02:00,TKWM58KG--------------QFNL000400--,TKWM58KG,Men -58kg,Men -58kg Quarterfinal,Quarterfinal,M,Taekwondo,TKW,Grand Palais,1572368,SALIM Omar Gergely,Person,HUN,Hungary,0,POINTS,L,,206
2024-08-07T16:18:13+02:00,TKWM58KG--------------QFNL000400--,TKWM58KG,Men -58kg,Men -58kg Quarterfinal,Quarterfinal,M,Taekwondo,TKW,Grand Palais,1929684,DELL AQUILA Vito,Person,ITA,Italy,2,POINTS,W,,203
2024-08-07T16:47:34+02:00,TKWM58KG--------------SFNL000100--,TKWM58KG,Men -58kg,Men -58kg Semifinal,Semifinal,M,Taekwondo,TKW,Grand Palais,1904040,PARK Taejoon,Person,KOR,Korea,2,POINTS,W,,205
2024-08-07T16:47:34+02:00,TKWM58KG--------------SFNL000100--,TKWM58KG,Men -58kg,Men -58kg Semifinal,Semifinal,M,Taekwondo,TKW,Grand Palais,1947736,JENDOUBI Mohamed Khalil,Person,TUN,Tunisia,0,POINTS,L,,201
2024-08-07T17:15:47+02:00,TKWM58KG--------------SFNL000200--,TKWM58KG,Men -58kg,Men -58kg Semifinal,Semifinal,M,Taekwondo,TKW,Grand Palais,1946883,MAGOMEDOV Gashim,Person,AZE,Azerbaijan,2,POINTS,W,,210
2024-08-07T17:15:47+02:00,TKWM58KG--------------SFNL000200--,TKWM58KG,Men -58kg,Men -58kg Semifinal,Semifinal,M,Taekwondo,TKW,Grand Palais,1929684,DELL AQUILA Vito,Person,ITA,Italy,0,POINTS,L,,203
2024-08-07T19:53:19+02:00,TKWM58KG--------------REP1000200--,TKWM58KG,Men -58kg,Men -58kg Repechage,Repechage,M,Taekwondo,TKW,Grand Palais,1893274,RAVET Cyrian,Person,FRA,France,2,POINTS,W,,204
2024-08-07T19:53:19+02:00,TKWM58KG--------------REP1000200--,TKWM58KG,Men -58kg,Men -58kg Repechage,Repechage,M,Taekwondo,TKW,Grand Palais,1925942,GRANADO Yohandri,Person,VEN,Venezuela,0,POINTS,L,,212
2024-08-07T20:19:04+02:00,TKWM58KG--------------REP1000300--,TKWM58KG,Men -58kg,Men -58kg Repechage,Repechage,M,Taekwondo,TKW,Grand Palais,1956647,WOOLLEY Jack,Person,IRL,Ireland,0,POINTS,L,,207
2024-08-07T20:19:04+02:00,TKWM58KG--------------REP1000300--,TKWM58KG,Men -58kg,Men -58kg Repechage,Repechage,M,Taekwondo,TKW,Grand Palais,1546697,VICENTE YUNTA Adrian,Person,ESP,Spain,2,POINTS,W,,202
2024-08-07T20:39:27+02:00,TKWM58KG--------------REPF000100--,TKWM58KG,Men -58kg,Men -58kg Bronze Medal Contests,Bronze Medal Contests,M,Taekwondo,TKW,Grand Palais,1929684,DELL AQUILA Vito,Person,ITA,Italy,,IRM_POINTS,L,WDR,203
2024-08-07T20:39:27+02:00,TKWM58KG--------------REPF000100--,TKWM58KG,Men -58kg,Men -58kg Bronze Medal Contests,Bronze Medal Contests,M,Taekwondo,TKW,Grand Palais,1893274,RAVET Cyrian,Person,FRA,France,,,W,,204
2024-08-07T21:20:04+02:00,TKWM58KG--------------REPF000200--,TKWM58KG,Men -58kg,Men -58kg Bronze Medal Contests,Bronze Medal Contests,M,Taekwondo,TKW,Grand Palais,1546697,VICENTE YUNTA Adrian,Person,ESP,Spain,0,POINTS,L,,202
2024-08-07T21:20:04+02:00,TKWM58KG--------------REPF000200--,TKWM58KG,Men -58kg,Men -58kg Bronze Medal Contests,Bronze Medal Contests,M,Taekwondo,TKW,Grand Palais,1947736,JENDOUBI Mohamed Khalil,Person,TUN,Tunisia,2,POINTS,W,,201
2024-08-07T22:07:30+02:00,TKWM58KG--------------FNL-000100--,TKWM58KG,Men -58kg,Men -58kg Gold Medal Contest,Gold Medal Contest,M,Taekwondo,TKW,Grand Palais,1904040,PARK Taejoon,Person,KOR,Korea,1,POINTS,W,,205
2024-08-07T22:07:30+02:00,TKWM58KG--------------FNL-000100--,TKWM58KG,Men -58kg,Men -58kg Gold Medal Contest,Gold Medal Contest,M,Taekwondo,TKW,Grand Palais,1946883,MAGOMEDOV Gashim,Person,AZE,Azerbaijan,0,IRM_POINTS,L,WDR,210
2024-08-08T09:07:54+02:00,TKWM68KG--------------R32-000100--,TKWM68KG,Men -68kg,Men -68kg Qualification Contest,Qualification Contest,M,Taekwondo,TKW,Grand Palais,1894590,AL GHOTANY Yahya,Person,EOR,EOR,0,POINTS,L,,416
2024-08-08T09:07:54+02:00,TKWM68KG--------------R32-000100--,TKWM68KG,Men -68kg,Men -68kg Qualification Contest,Qualification Contest,M,Taekwondo,TKW,Grand Palais,1962479,LO Wai Fung,Person,HKG,"Hong Kong, China",2,POINTS,W,,417
2024-08-08T09:33:26+02:00,TKWM68KG--------------8FNL000100--,TKWM68KG,Men -68kg,Men -68kg Round of 16,Round of 16,M,Taekwondo,TKW,Grand Palais,1897321,NASSAR Ahmed,Person,EGY,Egypt,0,POINTS,L,,413
2024-08-08T09:33:26+02:00,TKWM68KG--------------8FNL000100--,TKWM68KG,Men -68kg,Men -68kg Round of 16,Round of 16,M,Taekwondo,TKW,Grand Palais,1893275,ALAPHILIPPE Souleyman,Person,FRA,France,2,POINTS,W,,404
2024-08-08T09:57:46+02:00,TKWM68KG--------------8FNL000200--,TKWM68KG,Men -68kg,Men -68kg Round of 16,Round of 16,M,Taekwondo,TKW,Grand Palais,1546696,PEREZ POLO Javier,Person,ESP,Spain,2,POINTS,W,,405
2024-08-08T09:57:46+02:00,TKWM68KG--------------8FNL000200--,TKWM68KG,Men -68kg,Men -68kg Round of 16,Round of 16,M,Taekwondo,TKW,Grand Palais,1903031,TUBTIMDANG Banlung,Person,THA,Thailand,0,POINTS,L,,412
2024-08-08T10:28:22+02:00,TKWM68KG--------------8FNL000300--,TKWM68KG,Men -68kg,Men -68kg Round of 16,Round of 16,M,Taekwondo,TKW,Grand Palais,1910367,LIANG Yushuai,Person,CHN,China,2,POINTS,W,,409
2024-08-08T10:28:22+02:00,TKWM68KG--------------8FNL000300--,TKWM68KG,Men -68kg,Men -68kg Round of 16,Round of 16,M,Taekwondo,TKW,Grand Palais,1572266,JOZSA Levente Mark,Person,HUN,Hungary,1,POINTS,L,,408
2024-08-08T10:51:34+02:00,TKWM68KG--------------8FNL000400--,TKWM68KG,Men -68kg,Men -68kg Round of 16,Round of 16,M,Taekwondo,TKW,Grand Palais,1887714,RASHITOV Ulugbek,Person,UZB,Uzbekistan,2,POINTS,W,,401
2024-08-08T10:51:34+02:00,TKWM68KG--------------8FNL000400--,TKWM68KG,Men -68kg,Men -68kg Round of 16,Round of 16,M,Taekwondo,TKW,Grand Palais,1962479,LO Wai Fung,Person,HKG,"Hong Kong, China",0,POINTS,L,,417
2024-08-08T11:16:41+02:00,TKWM68KG--------------8FNL000500--,TKWM68KG,Men -68kg,Men -68kg Round of 16,Round of 16,M,Taekwondo,TKW,Grand Palais,1936310,KASSMAN Kevin Sogo,Person,PNG,Papua New Guinea,0,POINTS,L,,415
2024-08-08T11:16:41+02:00,TKWM68KG--------------8FNL000500--,TKWM68KG,Men -68kg,Men -68kg Round of 16,Round of 16,M,Taekwondo,TKW,Grand Palais,1896153,SINDEN Bradly,Person,GBR,Great Britain,2,POINTS,W,,402
2024-08-08T11:43:16+02:00,TKWM68KG--------------8FNL000600--,TKWM68KG,Men -68kg,Men -68kg Round of 16,Round of 16,M,Taekwondo,TKW,Grand Palais,1540991,GOLUBIC Marko,Person,CRO,Croatia,2,POINTS,W,,407
2024-08-08T11:43:16+02:00,TKWM68KG--------------8FNL000600--,TKWM68KG,Men -68kg,Men -68kg Round of 16,Round of 16,M,Taekwondo,TKW,Grand Palais,1949404,PIE Bernardo,Person,DOM,Dominican Republic,0,POINTS,L,,410
2024-08-08T12:10:48+02:00,TKWM68KG--------------8FNL000700--,TKWM68KG,Men -68kg,Men -68kg Round of 16,Round of 16,M,Taekwondo,TKW,Grand Palais,1955815,PONTES Edival,Person,BRA,Brazil,1,POINTS,L,,411
2024-08-08T12:10:48+02:00,TKWM68KG--------------8FNL000700--,TKWM68KG,Men -68kg,Men -68kg Round of 16,Round of 16,M,Taekwondo,TKW,Grand Palais,1537401,KAREEM Zaid,Person,JOR,Jordan,2,POINTS,W,,406
2024-08-08T12:47:20+02:00,TKWM68KG--------------8FNL000800--,TKWM68KG,Men -68kg,Men -68kg Round of 16,Round of 16,M,Taekwondo,TKW,Grand Palais,1566727,RECBER Hakan,Person,TUR,Türkiye,2,POINTS,W,,403
2024-08-08T12:47:20+02:00,TKWM68KG--------------8FNL000800--,TKWM68KG,Men -68kg,Men -68kg Round of 16,Round of 16,M,Taekwondo,TKW,Grand Palais,1888140,MAIGA Ibrahim,Person,BUR,Burkina Faso,0,POINTS,L,,414
2024-08-08T14:59:05+02:00,TKWM68KG--------------QFNL000100--,TKWM68KG,Men -68kg,Men -68kg Quarterfinal,Quarterfinal,M,Taekwondo,TKW,Grand Palais,1893275,ALAPHILIPPE Souleyman,Person,FRA,France,1,POINTS,L,,404
2024-08-08T14:59:05+02:00,TKWM68KG--------------QFNL000100--,TKWM68KG,Men -68kg,Men -68kg Quarterfinal,Quarterfinal,M,Taekwondo,TKW,Grand Palais,1546696,PEREZ POLO Javier,Person,ESP,Spain,2,POINTS,W,,405
2024-08-08T15:25:23+02:00,TKWM68KG--------------QFNL000200--,TKWM68KG,Men -68kg,Men -68kg Quarterfinal,Quarterfinal,M,Taekwondo,TKW,Grand Palais,1910367,LIANG Yushuai,Person,CHN,China,0,POINTS,L,,409
2024-08-08T15:25:23+02:00,TKWM68KG--------------QFNL000200--,TKWM68KG,Men -68kg,Men -68kg Quarterfinal,Quarterfinal,M,Taekwondo,TKW,Grand Palais,1887714,RASHITOV Ulugbek,Person,UZB,Uzbekistan,2,POINTS,W,,401
2024-08-08T16:04:07+02:00,TKWM68KG--------------QFNL000300--,TKWM68KG,Men -68kg,Men -68kg Quarterfinal,Quarterfinal,M,Taekwondo,TKW,Grand Palais,1896153,SINDEN Bradly,Person,GBR,Great Britain,2,POINTS,W,,402
2024-08-08T16:04:07+02:00,TKWM68KG--------------QFNL000300--,TKWM68KG,Men -68kg,Men -68kg Quarterfinal,Quarterfinal,M,Taekwondo,TKW,Grand Palais,1540991,GOLUBIC Marko,Person,CRO,Croatia,1,POINTS,L,,407
2024-08-08T16:30:08+02:00,TKWM68KG--------------QFNL000400--,TKWM68KG,Men -68kg,Men -68kg Quarterfinal,Quarterfinal,M,Taekwondo,TKW,Grand Palais,1537401,KAREEM Zaid,Person,JOR,Jordan,2,POINTS,W,,406
2024-08-08T16:30:08+02:00,TKWM68KG--------------QFNL000400--,TKWM68KG,Men -68kg,Men -68kg Quarterfinal,Quarterfinal,M,Taekwondo,TKW,Grand Palais,1566727,RECBER Hakan,Person,TUR,Türkiye,0,POINTS,L,,403
2024-08-08T16:59:53+02:00,TKWM68KG--------------SFNL000100--,TKWM68KG,Men -68kg,Men -68kg Semifinal,Semifinal,M,Taekwondo,TKW,Grand Palais,1546696,PEREZ POLO Javier,Person,ESP,Spain,0,POINTS,L,,405
2024-08-08T16:59:53+02:00,TKWM68KG--------------SFNL000100--,TKWM68KG,Men -68kg,Men -68kg Semifinal,Semifinal,M,Taekwondo,TKW,Grand Palais,1887714,RASHITOV Ulugbek,Person,UZB,Uzbekistan,2,POINTS,W,,401
2024-08-08T17:31:49+02:00,TKWM68KG--------------SFNL000200--,TKWM68KG,Men -68kg,Men -68kg Semifinal,Semifinal,M,Taekwondo,TKW,Grand Palais,1896153,SINDEN Bradly,Person,GBR,Great Britain,1,POINTS,L,,402
2024-08-08T17:31:49+02:00,TKWM68KG--------------SFNL000200--,TKWM68KG,Men -68kg,Men -68kg Semifinal,Semifinal,M,Taekwondo,TKW,Grand Palais,1537401,KAREEM Zaid,Person,JOR,Jordan,2,POINTS,W,,406
2024-08-08T19:40:58+02:00,TKWM68KG--------------REP1000200--,TKWM68KG,Men -68kg,Men -68kg Repechage,Repechage,M,Taekwondo,TKW,Grand Palais,1910367,LIANG Yushuai,Person,CHN,China,2,POINTS,W,,409
2024-08-08T19:40:58+02:00,TKWM68KG--------------REP1000200--,TKWM68KG,Men -68kg,Men -68kg Repechage,Repechage,M,Taekwondo,TKW,Grand Palais,1962479,LO Wai Fung,Person,HKG,"Hong Kong, China",0,POINTS,L,,417
2024-08-08T20:10:17+02:00,TKWM68KG--------------REP1000300--,TKWM68KG,Men -68kg,Men -68kg Repechage,Repechage,M,Taekwondo,TKW,Grand Palais,1955815,PONTES Edival,Person,BRA,Brazil,2,POINTS,W,,411
2024-08-08T20:10:17+02:00,TKWM68KG--------------REP1000300--,TKWM68KG,Men -68kg,Men -68kg Repechage,Repechage,M,Taekwondo,TKW,Grand Palais,1566727,RECBER Hakan,Person,TUR,Türkiye,1,POINTS,L,,403
2024-08-08T20:37:54+02:00,TKWM68KG--------------REPF000100--,TKWM68KG,Men -68kg,Men -68kg Bronze Medal Contests,Bronze Medal Contests,M,Taekwondo,TKW,Grand Palais,1896153,SINDEN Bradly,Person,GBR,Great Britain,,IRM_POINTS,L,WDR,402
2024-08-08T20:37:54+02:00,TKWM68KG--------------REPF000100--,TKWM68KG,Men -68kg,Men -68kg Bronze Medal Contests,Bronze Medal Contests,M,Taekwondo,TKW,Grand Palais,1910367,LIANG Yushuai,Person,CHN,China,,,W,,409
2024-08-08T21:08:41+02:00,TKWM68KG--------------REPF000200--,TKWM68KG,Men -68kg,Men -68kg Bronze Medal Contests,Bronze Medal Contests,M,Taekwondo,TKW,Grand Palais,1955815,PONTES Edival,Person,BRA,Brazil,2,POINTS,W,,411
2024-08-08T21:08:41+02:00,TKWM68KG--------------REPF000200--,TKWM68KG,Men -68kg,Men -68kg Bronze Medal Contests,Bronze Medal Contests,M,Taekwondo,TKW,Grand Palais,1546696,PEREZ POLO Javier,Person,ESP,Spain,1,POINTS,L,,405
2024-08-08T21:40:10+02:00,TKWM68KG--------------FNL-000100--,TKWM68KG,Men -68kg,Men -68kg Gold Medal Contest,Gold Medal Contest,M,Taekwondo,TKW,Grand Palais,1887714,RASHITOV Ulugbek,Person,UZB,Uzbekistan,2,POINTS,W,,401
2024-08-08T21:40:10+02:00,TKWM68KG--------------FNL-000100--,TKWM68KG,Men -68kg,Men -68kg Gold Medal Contest,Gold Medal Contest,M,Taekwondo,TKW,Grand Palais,1537401,KAREEM Zaid,Person,JOR,Jordan,0,POINTS,L,,406
2024-08-09T09:18:56+02:00,TKWM80KG--------------R32-000100--,TKWM80KG,Men -80kg,Men -80kg Qualification Contest,Qualification Contest,M,Taekwondo,TKW,Grand Palais,1973027,COULIBALY Ismael,Person,MLI,Mali,1,POINTS,L,,616
2024-08-09T09:18:56+02:00,TKWM80KG--------------R32-000100--,TKWM80KG,Men -80kg,Men -80kg Qualification Contest,Qualification Contest,M,Taekwondo,TKW,Grand Palais,1930254,TOLEUGALI Batyrkhan,Person,KAZ,Kazakhstan,2,POINTS,W,,617
2024-08-09T10:09:55+02:00,TKWM80KG--------------8FNL000100--,TKWM80KG,Men -80kg,Men -80kg Round of 16,Round of 16,M,Taekwondo,TKW,Grand Palais,1913059,CHURCHILL MARTINEZ Joaquin,Person,CHI,Chile,1,POINTS,L,,613
2024-08-09T10:09:55+02:00,TKWM80KG--------------8FNL000100--,TKWM80KG,Men -80kg,Men -80kg Round of 16,Round of 16,M,Taekwondo,TKW,Grand Palais,1904041,SEO Geonwoo,Person,KOR,Korea,2,POINTS,W,,604
2024-08-09T10:36:32+02:00,TKWM80KG--------------8FNL000200--,TKWM80KG,Men -80kg,Men -80kg Round of 16,Round of 16,M,Taekwondo,TKW,Grand Palais,1537376,ELSHARABATY Saleh,Person,JOR,Jordan,0,POINTS,L,,605
2024-08-09T10:36:32+02:00,TKWM80KG--------------8FNL000200--,TKWM80KG,Men -80kg,Men -80kg Round of 16,Round of 16,M,Taekwondo,TKW,Grand Palais,1955824,RODRIGUES FERNANDES Henrique Marqu.,Person,BRA,Brazil,2,POINTS,W,,612
2024-08-09T10:58:12+02:00,TKWM80KG--------------8FNL000300--,TKWM80KG,Men -80kg,Men -80kg Round of 16,Round of 16,M,Taekwondo,TKW,Grand Palais,1887744,JAYSUNOV Jasurbek,Person,UZB,Uzbekistan,1,POINTS,L,,609
2024-08-09T10:58:12+02:00,TKWM80KG--------------8FNL000300--,TKWM80KG,Men -80kg,Men -80kg Round of 16,Round of 16,M,Taekwondo,TKW,Grand Palais,1536058,BARKHORDARI Mehran,Person,IRI,IR Iran,2,POINTS,W,,608
2024-08-09T11:19:48+02:00,TKWM80KG--------------8FNL000400--,TKWM80KG,Men -80kg,Men -80kg Round of 16,Round of 16,M,Taekwondo,TKW,Grand Palais,1929685,ALESSIO Simone,Person,ITA,Italy,2,POINTS,W,,601
2024-08-09T11:19:48+02:00,TKWM80KG--------------8FNL000400--,TKWM80KG,Men -80kg,Men -80kg Round of 16,Round of 16,M,Taekwondo,TKW,Grand Palais,1930254,TOLEUGALI Batyrkhan,Person,KAZ,Kazakhstan,0,POINTS,L,,617
2024-08-09T11:44:31+02:00,TKWM80KG--------------8FNL000500--,TKWM80KG,Men -80kg,Men -80kg Round of 16,Round of 16,M,Taekwondo,TKW,Grand Palais,1968744,MANSOURI Farzad,Person,EOR,EOR,0,POINTS,L,,615
2024-08-09T11:44:31+02:00,TKWM80KG--------------8FNL000500--,TKWM80KG,Men -80kg,Men -80kg Round of 16,Round of 16,M,Taekwondo,TKW,Grand Palais,1930771,NICKOLAS CJ,Person,USA,United States,2,POINTS,W,,602
2024-08-09T12:10:22+02:00,TKWM80KG--------------8FNL000600--,TKWM80KG,Men -80kg,Men -80kg Round of 16,Round of 16,M,Taekwondo,TKW,Grand Palais,1956379,TAKOV Stefan,Person,SRB,Serbia,0,POINTS,L,,607
2024-08-09T12:10:22+02:00,TKWM80KG--------------8FNL000600--,TKWM80KG,Men -80kg,Men -80kg Round of 16,Round of 16,M,Taekwondo,TKW,Grand Palais,1550218,SAWADOGO Faysal,Person,BUR,Burkina Faso,2,POINTS,W,,610
2024-08-09T12:31:51+02:00,TKWM80KG--------------8FNL000700--,TKWM80KG,Men -80kg,Men -80kg Round of 16,Round of 16,M,Taekwondo,TKW,Grand Palais,1946337,SEJRANOVIC Leon,Person,AUS,Australia,0,POINTS,L,,611
2024-08-09T12:31:51+02:00,TKWM80KG--------------8FNL000700--,TKWM80KG,Men -80kg,Men -80kg Round of 16,Round of 16,M,Taekwondo,TKW,Grand Palais,1947737,KATOUSSI Firas,Person,TUN,Tunisia,2,POINTS,W,,606
2024-08-09T13:00:00+02:00,TKWM80KG--------------8FNL000800--,TKWM80KG,Men -80kg,Men -80kg Round of 16,Round of 16,M,Taekwondo,TKW,Grand Palais,1897339,EISSA Seif,Person,EGY,Egypt,0,POINTS,L,,603
2024-08-09T13:00:00+02:00,TKWM80KG--------------8FNL000800--,TKWM80KG,Men -80kg,Men -80kg Round of 16,Round of 16,M,Taekwondo,TKW,Grand Palais,1914832,HRNIC Edi,Person,DEN,Denmark,2,POINTS,W,,614
2024-08-09T15:00:52+02:00,TKWM80KG--------------QFNL000100--,TKWM80KG,Men -80kg,Men -80kg Quarterfinal,Quarterfinal,M,Taekwondo,TKW,Grand Palais,1904041,SEO Geonwoo,Person,KOR,Korea,2,POINTS,W,,604
2024-08-09T15:00:52+02:00,TKWM80KG--------------QFNL000100--,TKWM80KG,Men -80kg,Men -80kg Quarterfinal,Quarterfinal,M,Taekwondo,TKW,Grand Palais,1955824,RODRIGUES FERNANDES Henrique Marqu.,Person,BRA,Brazil,0,POINTS,L,,612
2024-08-09T15:26:11+02:00,TKWM80KG--------------QFNL000200--,TKWM80KG,Men -80kg,Men -80kg Quarterfinal,Quarterfinal,M,Taekwondo,TKW,Grand Palais,1536058,BARKHORDARI Mehran,Person,IRI,IR Iran,2,POINTS,W,,608
2024-08-09T15:26:11+02:00,TKWM80KG--------------QFNL000200--,TKWM80KG,Men -80kg,Men -80kg Quarterfinal,Quarterfinal,M,Taekwondo,TKW,Grand Palais,1929685,ALESSIO Simone,Person,ITA,Italy,1,POINTS,L,,601
2024-08-09T15:55:08+02:00,TKWM80KG--------------QFNL000300--,TKWM80KG,Men -80kg,Men -80kg Quarterfinal,Quarterfinal,M,Taekwondo,TKW,Grand Palais,1930771,NICKOLAS CJ,Person,USA,United States,2,POINTS,W,,602
2024-08-09T15:55:08+02:00,TKWM80KG--------------QFNL000300--,TKWM80KG,Men -80kg,Men -80kg Quarterfinal,Quarterfinal,M,Taekwondo,TKW,Grand Palais,1550218,SAWADOGO Faysal,Person,BUR,Burkina Faso,0,POINTS,L,,610
2024-08-09T16:17:10+02:00,TKWM80KG--------------QFNL000400--,TKWM80KG,Men -80kg,Men -80kg Quarterfinal,Quarterfinal,M,Taekwondo,TKW,Grand Palais,1947737,KATOUSSI Firas,Person,TUN,Tunisia,2,POINTS,W,,606
2024-08-09T16:17:10+02:00,TKWM80KG--------------QFNL000400--,TKWM80KG,Men -80kg,Men -80kg Quarterfinal,Quarterfinal,M,Taekwondo,TKW,Grand Palais,1914832,HRNIC Edi,Person,DEN,Denmark,0,POINTS,L,,614
2024-08-09T16:49:06+02:00,TKWM80KG--------------SFNL000100--,TKWM80KG,Men -80kg,Men -80kg Semifinal,Semifinal,M,Taekwondo,TKW,Grand Palais,1904041,SEO Geonwoo,Person,KOR,Korea,1,POINTS,L,,604
2024-08-09T16:49:06+02:00,TKWM80KG--------------SFNL000100--,TKWM80KG,Men -80kg,Men -80kg Semifinal,Semifinal,M,Taekwondo,TKW,Grand Palais,1536058,BARKHORDARI Mehran,Person,IRI,IR Iran,2,POINTS,W,,608
2024-08-09T17:14:38+02:00,TKWM80KG--------------SFNL000200--,TKWM80KG,Men -80kg,Men -80kg Semifinal,Semifinal,M,Taekwondo,TKW,Grand Palais,1930771,NICKOLAS CJ,Person,USA,United States,0,POINTS,L,,602
2024-08-09T17:14:38+02:00,TKWM80KG--------------SFNL000200--,TKWM80KG,Men -80kg,Men -80kg Semifinal,Semifinal,M,Taekwondo,TKW,Grand Palais,1947737,KATOUSSI Firas,Person,TUN,Tunisia,2,POINTS,W,,606
2024-08-09T19:59:22+02:00,TKWM80KG--------------REP1000200--,TKWM80KG,Men -80kg,Men -80kg Repechage,Repechage,M,Taekwondo,TKW,Grand Palais,1929685,ALESSIO Simone,Person,ITA,Italy,2,POINTS,W,,601
2024-08-09T19:59:22+02:00,TKWM80KG--------------REP1000200--,TKWM80KG,Men -80kg,Men -80kg Repechage,Repechage,M,Taekwondo,TKW,Grand Palais,1887744,JAYSUNOV Jasurbek,Person,UZB,Uzbekistan,0,POINTS,L,,609
2024-08-09T20:27:33+02:00,TKWM80KG--------------REP1000300--,TKWM80KG,Men -80kg,Men -80kg Repechage,Repechage,M,Taekwondo,TKW,Grand Palais,1946337,SEJRANOVIC Leon,Person,AUS,Australia,0,POINTS,L,,611
2024-08-09T20:27:33+02:00,TKWM80KG--------------REP1000300--,TKWM80KG,Men -80kg,Men -80kg Repechage,Repechage,M,Taekwondo,TKW,Grand Palais,1914832,HRNIC Edi,Person,DEN,Denmark,2,POINTS,W,,614
2024-08-09T20:53:58+02:00,TKWM80KG--------------REPF000100--,TKWM80KG,Men -80kg,Men -80kg Bronze Medal Contests,Bronze Medal Contests,M,Taekwondo,TKW,Grand Palais,1930771,NICKOLAS CJ,Person,USA,United States,0,POINTS,L,,602
2024-08-09T20:53:58+02:00,TKWM80KG--------------REPF000100--,TKWM80KG,Men -80kg,Men -80kg Bronze Medal Contests,Bronze Medal Contests,M,Taekwondo,TKW,Grand Palais,1929685,ALESSIO Simone,Person,ITA,Italy,2,POINTS,W,,601
2024-08-09T21:36:37+02:00,TKWM80KG--------------REPF000200--,TKWM80KG,Men -80kg,Men -80kg Bronze Medal Contests,Bronze Medal Contests,M,Taekwondo,TKW,Grand Palais,1914832,HRNIC Edi,Person,DEN,Denmark,2,POINTS,W,,614
2024-08-09T21:36:37+02:00,TKWM80KG--------------REPF000200--,TKWM80KG,Men -80kg,Men -80kg Bronze Medal Contests,Bronze Medal Contests,M,Taekwondo,TKW,Grand Palais,1904041,SEO Geonwoo,Person,KOR,Korea,0,POINTS,L,,604
2024-08-09T22:05:58+02:00,TKWM80KG--------------FNL-000100--,TKWM80KG,Men -80kg,Men -80kg Gold Medal Contest,Gold Medal Contest,M,Taekwondo,TKW,Grand Palais,1536058,BARKHORDARI Mehran,Person,IRI,IR Iran,0,POINTS,L,,608
2024-08-09T22:05:58+02:00,TKWM80KG--------------FNL-000100--,TKWM80KG,Men -80kg,Men -80kg Gold Medal Contest,Gold Medal Contest,M,Taekwondo,TKW,Grand Palais,1947737,KATOUSSI Firas,Person,TUN,Tunisia,2,POINTS,W,,606
2024-08-10T09:25:42+02:00,TKWWO67KG-------------8FNL000100--,TKWWO67KG,Women +67kg,Women +67kg Round of 16,Round of 16,W,Taekwondo,TKW,Grand Palais,1919507,ABDUSALOMOVA Munira,Person,TJK,Tajikistan,0,POINTS,L,,713
2024-08-10T09:25:42+02:00,TKWWO67KG-------------8FNL000100--,TKWWO67KG,Women +67kg,Women +67kg Round of 16,Round of 16,W,Taekwondo,TKW,Grand Palais,1893272,LAURIN Althea,Person,FRA,France,2,POINTS,W,,704
2024-08-10T09:55:46+02:00,TKWWO67KG-------------8FNL000200--,TKWWO67KG,Women +67kg,Women +67kg Round of 16,Round of 16,W,Taekwondo,TKW,Grand Palais,1563899,BRANDL Lorena,Person,GER,Germany,2,POINTS,W,,705
2024-08-10T09:55:46+02:00,TKWWO67KG-------------8FNL000200--,TKWWO67KG,Women +67kg,Women +67kg Round of 16,Round of 16,W,Taekwondo,TKW,Grand Palais,1897078,ACOSTA HERRERA Arlettys,Person,CUB,Cuba,0,POINTS,L,,712
2024-08-10T10:14:02+02:00,TKWWO67KG-------------8FNL000300--,TKWWO67KG,Women +67kg,Women +67kg Round of 16,Round of 16,W,Taekwondo,TKW,Grand Palais,1565621,ABO-ALRUB Rama,Person,JOR,Jordan,2,POINTS,W,,709
2024-08-10T10:14:02+02:00,TKWWO67KG-------------8FNL000300--,TKWWO67KG,Women +67kg,Women +67kg Round of 16,Round of 16,W,Taekwondo,TKW,Grand Palais,1541970,ABOUFARAS Fatima-Ezzahra,Person,MAR,Morocco,1,POINTS,L,,708
2024-08-10T10:46:01+02:00,TKWWO67KG-------------8FNL000400--,TKWWO67KG,Women +67kg,Women +67kg Round of 16,Round of 16,W,Taekwondo,TKW,Grand Palais,1566738,KUS AYDIN Nafia,Person,TUR,Türkiye,2,POINTS,W,,701
2024-08-10T10:46:01+02:00,TKWWO67KG-------------8FNL000400--,TKWWO67KG,Women +67kg,Women +67kg Round of 16,Round of 16,W,Taekwondo,TKW,Grand Palais,1913018,AGUIRRE Fernanda,Person,CHI,Chile,1,POINTS,L,,716
2024-08-10T11:09:38+02:00,TKWWO67KG-------------8FNL000500--,TKWWO67KG,Women +67kg,Women +67kg Round of 16,Round of 16,W,Taekwondo,TKW,Grand Palais,1904986,STOLBOVA Petra,Person,CZE,Czechia,0,POINTS,L,,715
2024-08-10T11:09:38+02:00,TKWWO67KG-------------8FNL000500--,TKWWO67KG,Women +67kg,Women +67kg Round of 16,Round of 16,W,Taekwondo,TKW,Grand Palais,1904039,LEE Dabin,Person,KOR,Korea,2,POINTS,W,,702
2024-08-10T11:36:36+02:00,TKWWO67KG-------------8FNL000600--,TKWWO67KG,Women +67kg,Women +67kg Round of 16,Round of 16,W,Taekwondo,TKW,Grand Palais,1910371,ZHOU Zeqi,Person,CHN,China,2,POINTS,W,,707
2024-08-10T11:36:36+02:00,TKWWO67KG-------------8FNL000600--,TKWWO67KG,Women +67kg,Women +67kg Round of 16,Round of 16,W,Taekwondo,TKW,Grand Palais,1562246,JAHL Marlene,Person,AUT,Austria,0,POINTS,L,,710
2024-08-10T12:03:39+02:00,TKWWO67KG-------------8FNL000700--,TKWWO67KG,Women +67kg,Women +67kg Round of 16,Round of 16,W,Taekwondo,TKW,Grand Palais,1546985,BATHILY Astan Katherine Feghe,Person,CIV,Côte d'Ivoire,1,POINTS,L,,711
2024-08-10T12:03:39+02:00,TKWWO67KG-------------8FNL000700--,TKWWO67KG,Women +67kg,Women +67kg Round of 16,Round of 16,W,Taekwondo,TKW,Grand Palais,1887768,OSIPOVA Svetlana,Person,UZB,Uzbekistan,2,POINTS,W,,706
2024-08-10T12:31:32+02:00,TKWWO67KG-------------8FNL000800--,TKWWO67KG,Women +67kg,Women +67kg Round of 16,Round of 16,W,Taekwondo,TKW,Grand Palais,1896150,McGOWAN Rebecca,Person,GBR,Great Britain,2,POINTS,W,,703
2024-08-10T12:31:32+02:00,TKWWO67KG-------------8FNL000800--,TKWWO67KG,Women +67kg,Women +67kg Round of 16,Round of 16,W,Taekwondo,TKW,Grand Palais,1897756,TRAILL Venice Elizabeth Megan,Person,FIJ,Fiji,0,POINTS,L,,714
2024-08-10T14:42:11+02:00,TKWWO67KG-------------QFNL000100--,TKWWO67KG,Women +67kg,Women +67kg Quarterfinal,Quarterfinal,W,Taekwondo,TKW,Grand Palais,1893272,LAURIN Althea,Person,FRA,France,2,POINTS,W,,704
2024-08-10T14:42:11+02:00,TKWWO67KG-------------QFNL000100--,TKWWO67KG,Women +67kg,Women +67kg Quarterfinal,Quarterfinal,W,Taekwondo,TKW,Grand Palais,1563899,BRANDL Lorena,Person,GER,Germany,0,POINTS,L,,705
2024-08-10T15:11:25+02:00,TKWWO67KG-------------QFNL000200--,TKWWO67KG,Women +67kg,Women +67kg Quarterfinal,Quarterfinal,W,Taekwondo,TKW,Grand Palais,1565621,ABO-ALRUB Rama,Person,JOR,Jordan,1,POINTS,L,,709
2024-08-10T15:11:25+02:00,TKWWO67KG-------------QFNL000200--,TKWWO67KG,Women +67kg,Women +67kg Quarterfinal,Quarterfinal,W,Taekwondo,TKW,Grand Palais,1566738,KUS AYDIN Nafia,Person,TUR,Türkiye,2,POINTS,W,,701
2024-08-10T15:45:40+02:00,TKWWO67KG-------------QFNL000300--,TKWWO67KG,Women +67kg,Women +67kg Quarterfinal,Quarterfinal,W,Taekwondo,TKW,Grand Palais,1904039,LEE Dabin,Person,KOR,Korea,2,POINTS,W,,702
2024-08-10T15:45:40+02:00,TKWWO67KG-------------QFNL000300--,TKWWO67KG,Women +67kg,Women +67kg Quarterfinal,Quarterfinal,W,Taekwondo,TKW,Grand Palais,1910371,ZHOU Zeqi,Person,CHN,China,1,POINTS,L,,707
2024-08-10T16:13:12+02:00,TKWWO67KG-------------QFNL000400--,TKWWO67KG,Women +67kg,Women +67kg Quarterfinal,Quarterfinal,W,Taekwondo,TKW,Grand Palais,1887768,OSIPOVA Svetlana,Person,UZB,Uzbekistan,2,POINTS,W,,706
2024-08-10T16:13:12+02:00,TKWWO67KG-------------QFNL000400--,TKWWO67KG,Women +67kg,Women +67kg Quarterfinal,Quarterfinal,W,Taekwondo,TKW,Grand Palais,1896150,McGOWAN Rebecca,Person,GBR,Great Britain,0,POINTS,L,,703
2024-08-10T16:43:40+02:00,TKWWO67KG-------------SFNL000100--,TKWWO67KG,Women +67kg,Women +67kg Semifinal,Semifinal,W,Taekwondo,TKW,Grand Palais,1893272,LAURIN Althea,Person,FRA,France,2,POINTS,W,,704
2024-08-10T16:43:40+02:00,TKWWO67KG-------------SFNL000100--,TKWWO67KG,Women +67kg,Women +67kg Semifinal,Semifinal,W,Taekwondo,TKW,Grand Palais,1566738,KUS AYDIN Nafia,Person,TUR,Türkiye,0,POINTS,L,,701
2024-08-10T17:18:23+02:00,TKWWO67KG-------------SFNL000200--,TKWWO67KG,Women +67kg,Women +67kg Semifinal,Semifinal,W,Taekwondo,TKW,Grand Palais,1904039,LEE Dabin,Person,KOR,Korea,0,POINTS,L,,702
2024-08-10T17:18:23+02:00,TKWWO67KG-------------SFNL000200--,TKWWO67KG,Women +67kg,Women +67kg Semifinal,Semifinal,W,Taekwondo,TKW,Grand Palais,1887768,OSIPOVA Svetlana,Person,UZB,Uzbekistan,2,POINTS,W,,706
2024-08-10T19:55:50+02:00,TKWWO67KG-------------REP1000200--,TKWWO67KG,Women +67kg,Women +67kg Repechage,Repechage,W,Taekwondo,TKW,Grand Palais,1563899,BRANDL Lorena,Person,GER,Germany,2,POINTS,W,,705
2024-08-10T19:55:50+02:00,TKWWO67KG-------------REP1000200--,TKWWO67KG,Women +67kg,Women +67kg Repechage,Repechage,W,Taekwondo,TKW,Grand Palais,1919507,ABDUSALOMOVA Munira,Person,TJK,Tajikistan,0,POINTS,L,,713
2024-08-10T20:23:34+02:00,TKWWO67KG-------------REP1000300--,TKWWO67KG,Women +67kg,Women +67kg Repechage,Repechage,W,Taekwondo,TKW,Grand Palais,1546985,BATHILY Astan Katherine Feghe,Person,CIV,Côte d'Ivoire,0,POINTS,L,,711
2024-08-10T20:23:34+02:00,TKWWO67KG-------------REP1000300--,TKWWO67KG,Women +67kg,Women +67kg Repechage,Repechage,W,Taekwondo,TKW,Grand Palais,1896150,McGOWAN Rebecca,Person,GBR,Great Britain,2,POINTS,W,,703
2024-08-10T21:03:12+02:00,TKWWO67KG-------------REPF000100--,TKWWO67KG,Women +67kg,Women +67kg Bronze Medal Contests,Bronze Medal Contests,W,Taekwondo,TKW,Grand Palais,1904039,LEE Dabin,Person,KOR,Korea,2,POINTS,W,,702
2024-08-10T21:03:12+02:00,TKWWO67KG-------------REPF000100--,TKWWO67KG,Women +67kg,Women +67kg Bronze Medal Contests,Bronze Medal Contests,W,Taekwondo,TKW,Grand Palais,1563899,BRANDL Lorena,Person,GER,Germany,1,POINTS,L,,705
2024-08-10T21:47:17+02:00,TKWWO67KG-------------REPF000200--,TKWWO67KG,Women +67kg,Women +67kg Bronze Medal Contests,Bronze Medal Contests,W,Taekwondo,TKW,Grand Palais,1896150,McGOWAN Rebecca,Person,GBR,Great Britain,1,POINTS,L,,703
2024-08-10T21:47:17+02:00,TKWWO67KG-------------REPF000200--,TKWWO67KG,Women +67kg,Women +67kg Bronze Medal Contests,Bronze Medal Contests,W,Taekwondo,TKW,Grand Palais,1566738,KUS AYDIN Nafia,Person,TUR,Türkiye,2,POINTS,W,,701
2024-08-10T22:23:52+02:00,TKWWO67KG-------------FNL-000100--,TKWWO67KG,Women +67kg,Women +67kg Gold Medal Contest,Gold Medal Contest,W,Taekwondo,TKW,Grand Palais,1893272,LAURIN Althea,Person,FRA,France,2,POINTS,W,,704
2024-08-10T22:23:52+02:00,TKWWO67KG-------------FNL-000100--,TKWWO67KG,Women +67kg,Women +67kg Gold Medal Contest,Gold Medal Contest,W,Taekwondo,TKW,Grand Palais,1887768,OSIPOVA Svetlana,Person,UZB,Uzbekistan,0,POINTS,L,,706
2024-08-07T09:29:56+02:00,TKWW49KG--------------R32-000100--,TKWW49KG,Women -49kg,Women -49kg Qualification Contest,Qualification Contest,W,Taekwondo,TKW,Grand Palais,1541652,da COSTA da SILVA PINTO Ana,Person,TLS,Timor-Leste,0,POINTS,L,,116
2024-08-07T09:29:56+02:00,TKWW49KG--------------R32-000100--,TKWW49KG,Women -49kg,Women -49kg Qualification Contest,Qualification Contest,W,Taekwondo,TKW,Grand Palais,1541825,EL BOUCHTI Oumaima,Person,MAR,Morocco,2,POINTS,W,,117
2024-08-07T09:51:40+02:00,TKWW49KG--------------8FNL000100--,TKWW49KG,Women -49kg,Women -49kg Round of 16,Round of 16,W,Taekwondo,TKW,Grand Palais,1966502,KAFADAR Josipa,Person,CAN,Canada,0,POINTS,L,,113
2024-08-07T09:51:40+02:00,TKWW49KG--------------8FNL000100--,TKWW49KG,Women -49kg,Women -49kg Round of 16,Round of 16,W,Taekwondo,TKW,Grand Palais,1569986,STOJKOVIC Lena,Person,CRO,Croatia,2,POINTS,W,,104
2024-08-07T10:32:23+02:00,TKWW49KG--------------8FNL000200--,TKWW49KG,Women -49kg,Women -49kg Round of 16,Round of 16,W,Taekwondo,TKW,Grand Palais,1535367,SOUZA Daniela Paola,Person,MEX,Mexico,1,POINTS,L,,105
2024-08-07T10:32:23+02:00,TKWW49KG--------------8FNL000200--,TKWW49KG,Women -49kg,Women -49kg Round of 16,Round of 16,W,Taekwondo,TKW,Grand Palais,1947739,DHAHRI Ikram,Person,TUN,Tunisia,2,POINTS,W,,112
2024-08-07T10:51:18+02:00,TKWW49KG--------------8FNL000300--,TKWW49KG,Women -49kg,Women -49kg Round of 16,Round of 16,W,Taekwondo,TKW,Grand Palais,1909136,ABUTALEB Dunya Ali M,Person,KSA,Saudi Arabia,2,POINTS,W,,109
2024-08-07T10:51:18+02:00,TKWW49KG--------------8FNL000300--,TKWW49KG,Women -49kg,Women -49kg Round of 16,Round of 16,W,Taekwondo,TKW,Grand Palais,1897227,SEMBERG Abishag,Person,ISR,Israel,1,POINTS,L,,108
2024-08-07T11:22:17+02:00,TKWW49KG--------------8FNL000400--,TKWW49KG,Women -49kg,Women -49kg Round of 16,Round of 16,W,Taekwondo,TKW,Grand Palais,1902841,WONGPATTANAKIT Panipak,Person,THA,Thailand,2,POINTS,W,,101
2024-08-07T11:22:17+02:00,TKWW49KG--------------8FNL000400--,TKWW49KG,Women -49kg,Women -49kg Round of 16,Round of 16,W,Taekwondo,TKW,Grand Palais,1541825,EL BOUCHTI Oumaima,Person,MAR,Morocco,0,POINTS,L,,117
2024-08-07T11:45:32+02:00,TKWW49KG--------------8FNL000500--,TKWW49KG,Women -49kg,Women -49kg Round of 16,Round of 16,W,Taekwondo,TKW,Grand Palais,1917892,GRIPPOLI GAGLIARDO Maria Sara,Person,URU,Uruguay,0,POINTS,L,,115
2024-08-07T11:45:32+02:00,TKWW49KG--------------8FNL000500--,TKWW49KG,Women -49kg,Women -49kg Round of 16,Round of 16,W,Taekwondo,TKW,Grand Palais,1546688,CEREZO IGLESIAS Adriana,Person,ESP,Spain,2,POINTS,W,,102
2024-08-07T12:38:44+02:00,TKWW49KG--------------8FNL000700--,TKWW49KG,Women -49kg,Women -49kg Round of 16,Round of 16,W,Taekwondo,TKW,Grand Palais,1894538,POURYOUNES LANGEROUDI Dina,Person,EOR,EOR,0,POINTS,L,,111
2024-08-07T12:38:44+02:00,TKWW49KG--------------8FNL000700--,TKWW49KG,Women -49kg,Women -49kg Round of 16,Round of 16,W,Taekwondo,TKW,Grand Palais,1910372,GUO Qing,Person,CHN,China,2,POINTS,W,,106
2024-08-07T13:08:53+02:00,TKWW49KG--------------8FNL000800--,TKWW49KG,Women -49kg,Women -49kg Round of 16,Round of 16,W,Taekwondo,TKW,Grand Palais,1566732,DINCEL KAVURAT Merve,Person,TUR,Türkiye,2,POINTS,W,,103
2024-08-07T13:08:53+02:00,TKWW49KG--------------8FNL000800--,TKWW49KG,Women -49kg,Women -49kg Round of 16,Round of 16,W,Taekwondo,TKW,Grand Palais,1929686,MATONTI Ilenia Elisabetta,Person,ITA,Italy,0,POINTS,L,,114
2024-08-07T14:48:07+02:00,TKWW49KG--------------QFNL000100--,TKWW49KG,Women -49kg,Women -49kg Quarterfinal,Quarterfinal,W,Taekwondo,TKW,Grand Palais,1569986,STOJKOVIC Lena,Person,CRO,Croatia,2,POINTS,W,,104
2024-08-07T14:48:07+02:00,TKWW49KG--------------QFNL000100--,TKWW49KG,Women -49kg,Women -49kg Quarterfinal,Quarterfinal,W,Taekwondo,TKW,Grand Palais,1947739,DHAHRI Ikram,Person,TUN,Tunisia,1,POINTS,L,,112
2024-08-07T15:15:47+02:00,TKWW49KG--------------QFNL000200--,TKWW49KG,Women -49kg,Women -49kg Quarterfinal,Quarterfinal,W,Taekwondo,TKW,Grand Palais,1909136,ABUTALEB Dunya Ali M,Person,KSA,Saudi Arabia,0,POINTS,L,,109
2024-08-07T15:15:47+02:00,TKWW49KG--------------QFNL000200--,TKWW49KG,Women -49kg,Women -49kg Quarterfinal,Quarterfinal,W,Taekwondo,TKW,Grand Palais,1902841,WONGPATTANAKIT Panipak,Person,THA,Thailand,2,POINTS,W,,101
2024-08-07T15:40:32+02:00,TKWW49KG--------------QFNL000300--,TKWW49KG,Women -49kg,Women -49kg Quarterfinal,Quarterfinal,W,Taekwondo,TKW,Grand Palais,1546688,CEREZO IGLESIAS Adriana,Person,ESP,Spain,0,POINTS,L,,102
2024-08-07T15:40:32+02:00,TKWW49KG--------------QFNL000300--,TKWW49KG,Women -49kg,Women -49kg Quarterfinal,Quarterfinal,W,Taekwondo,TKW,Grand Palais,1536064,NEMATZADEH Mobina,Person,IRI,IR Iran,2,POINTS,W,,107
2024-08-07T16:07:15+02:00,TKWW49KG--------------QFNL000400--,TKWW49KG,Women -49kg,Women -49kg Quarterfinal,Quarterfinal,W,Taekwondo,TKW,Grand Palais,1910372,GUO Qing,Person,CHN,China,2,POINTS,W,,106
2024-08-07T16:07:15+02:00,TKWW49KG--------------QFNL000400--,TKWW49KG,Women -49kg,Women -49kg Quarterfinal,Quarterfinal,W,Taekwondo,TKW,Grand Palais,1566732,DINCEL KAVURAT Merve,Person,TUR,Türkiye,0,POINTS,L,,103
2024-08-07T16:34:39+02:00,TKWW49KG--------------SFNL000100--,TKWW49KG,Women -49kg,Women -49kg Semifinal,Semifinal,W,Taekwondo,TKW,Grand Palais,1569986,STOJKOVIC Lena,Person,CRO,Croatia,0,POINTS,L,,104
2024-08-07T16:34:39+02:00,TKWW49KG--------------SFNL000100--,TKWW49KG,Women -49kg,Women -49kg Semifinal,Semifinal,W,Taekwondo,TKW,Grand Palais,1902841,WONGPATTANAKIT Panipak,Person,THA,Thailand,2,POINTS,W,,101
2024-08-07T17:03:33+02:00,TKWW49KG--------------SFNL000200--,TKWW49KG,Women -49kg,Women -49kg Semifinal,Semifinal,W,Taekwondo,TKW,Grand Palais,1536064,NEMATZADEH Mobina,Person,IRI,IR Iran,0,POINTS,L,,107
2024-08-07T17:03:33+02:00,TKWW49KG--------------SFNL000200--,TKWW49KG,Women -49kg,Women -49kg Semifinal,Semifinal,W,Taekwondo,TKW,Grand Palais,1910372,GUO Qing,Person,CHN,China,2,POINTS,W,,106
2024-08-07T19:42:47+02:00,TKWW49KG--------------REP1000200--,TKWW49KG,Women -49kg,Women -49kg Repechage,Repechage,W,Taekwondo,TKW,Grand Palais,1909136,ABUTALEB Dunya Ali M,Person,KSA,Saudi Arabia,2,POINTS,W,,109
2024-08-07T19:42:47+02:00,TKWW49KG--------------REP1000200--,TKWW49KG,Women -49kg,Women -49kg Repechage,Repechage,W,Taekwondo,TKW,Grand Palais,1541825,EL BOUCHTI Oumaima,Person,MAR,Morocco,0,POINTS,L,,117
2024-08-07T20:06:35+02:00,TKWW49KG--------------REP1000300--,TKWW49KG,Women -49kg,Women -49kg Repechage,Repechage,W,Taekwondo,TKW,Grand Palais,1894538,POURYOUNES LANGEROUDI Dina,Person,EOR,EOR,0,POINTS,L,,111
2024-08-07T20:06:35+02:00,TKWW49KG--------------REP1000300--,TKWW49KG,Women -49kg,Women -49kg Repechage,Repechage,W,Taekwondo,TKW,Grand Palais,1566732,DINCEL KAVURAT Merve,Person,TUR,Türkiye,2,POINTS,W,,103
2024-08-07T20:33:18+02:00,TKWW49KG--------------REPF000100--,TKWW49KG,Women -49kg,Women -49kg Bronze Medal Contests,Bronze Medal Contests,W,Taekwondo,TKW,Grand Palais,1536064,NEMATZADEH Mobina,Person,IRI,IR Iran,2,POINTS,W,,107
2024-08-07T20:33:18+02:00,TKWW49KG--------------REPF000100--,TKWW49KG,Women -49kg,Women -49kg Bronze Medal Contests,Bronze Medal Contests,W,Taekwondo,TKW,Grand Palais,1909136,ABUTALEB Dunya Ali M,Person,KSA,Saudi Arabia,0,POINTS,L,,109
2024-08-07T21:02:00+02:00,TKWW49KG--------------REPF000200--,TKWW49KG,Women -49kg,Women -49kg Bronze Medal Contests,Bronze Medal Contests,W,Taekwondo,TKW,Grand Palais,1566732,DINCEL KAVURAT Merve,Person,TUR,Türkiye,0,POINTS,L,,103
2024-08-07T21:02:00+02:00,TKWW49KG--------------REPF000200--,TKWW49KG,Women -49kg,Women -49kg Bronze Medal Contests,Bronze Medal Contests,W,Taekwondo,TKW,Grand Palais,1569986,STOJKOVIC Lena,Person,CRO,Croatia,2,POINTS,W,,104
2024-08-07T21:43:56+02:00,TKWW49KG--------------FNL-000100--,TKWW49KG,Women -49kg,Women -49kg Gold Medal Contest,Gold Medal Contest,W,Taekwondo,TKW,Grand Palais,1902841,WONGPATTANAKIT Panipak,Person,THA,Thailand,2,POINTS,W,,101
2024-08-07T21:43:56+02:00,TKWW49KG--------------FNL-000100--,TKWW49KG,Women -49kg,Women -49kg Gold Medal Contest,Gold Medal Contest,W,Taekwondo,TKW,Grand Palais,1910372,GUO Qing,Person,CHN,China,1,POINTS,L,,106
2024-08-08T22:23:59+02:00,TKWW49KG--------------8FNL000600--,TKWW49KG,Women -49kg,Women -49kg Round of 16,Round of 16,W,Taekwondo,TKW,Grand Palais,1536064,NEMATZADEH Mobina,Person,IRI,IR Iran,2,POINTS,W,,107
2024-08-08T22:23:59+02:00,TKWW49KG--------------8FNL000600--,TKWW49KG,Women -49kg,Women -49kg Round of 16,Round of 16,W,Taekwondo,TKW,Grand Palais,1560348,TAU Michelle,Person,LES,Lesotho,0,POINTS,L,,110
2024-08-08T09:21:11+02:00,TKWW57KG--------------8FNL000100--,TKWW57KG,Women -57kg,Women -57kg Round of 16,Round of 16,W,Taekwondo,TKW,Grand Palais,1904984,HRONOVA Dominika,Person,CZE,Czechia,0,POINTS,L,,313
2024-08-08T09:21:11+02:00,TKWW57KG--------------8FNL000100--,TKWW57KG,Women -57kg,Women -57kg Round of 16,Round of 16,W,Taekwondo,TKW,Grand Palais,1966505,PARK Skylar,Person,CAN,Canada,2,POINTS,W,,304
2024-08-08T09:46:50+02:00,TKWW57KG--------------8FNL000200--,TKWW57KG,Women -57kg,Women -57kg Round of 16,Round of 16,W,Taekwondo,TKW,Grand Palais,1566735,ILGUN Hatice Kubra,Person,TUR,Türkiye,0,POINTS,L,,305
2024-08-08T09:46:50+02:00,TKWW57KG--------------8FNL000200--,TKWW57KG,Women -57kg,Women -57kg Round of 16,Round of 16,W,Taekwondo,TKW,Grand Palais,1904038,KIM Yujin,Person,KOR,Korea,2,POINTS,W,,312
2024-08-08T10:07:51+02:00,TKWW57KG--------------8FNL000300--,TKWW57KG,Women -57kg,Women -57kg Round of 16,Round of 16,W,Taekwondo,TKW,Grand Palais,1946342,HYMER Stacey,Person,AUS,Australia,0,POINTS,L,,309
2024-08-08T10:07:51+02:00,TKWW57KG--------------8FNL000300--,TKWW57KG,Women -57kg,Women -57kg Round of 16,Round of 16,W,Taekwondo,TKW,Grand Palais,1955839,PACHECO Maria Clara,Person,BRA,Brazil,2,POINTS,W,,308
2024-08-08T10:42:00+02:00,TKWW57KG--------------8FNL000400--,TKWW57KG,Women -57kg,Women -57kg Round of 16,Round of 16,W,Taekwondo,TKW,Grand Palais,1910374,LUO Zongshi,Person,CHN,China,2,POINTS,W,,301
2024-08-08T10:42:00+02:00,TKWW57KG--------------8FNL000400--,TKWW57KG,Women -57kg,Women -57kg Round of 16,Round of 16,W,Taekwondo,TKW,Grand Palais,1544703,ATORA Emmannuella,Person,GAB,Gabon,0,POINTS,L,,316
2024-08-08T11:09:09+02:00,TKWW57KG--------------8FNL000500--,TKWW57KG,Women -57kg,Women -57kg Round of 16,Round of 16,W,Taekwondo,TKW,Grand Palais,2493835,KIMIA Alizadeh,Person,BUL,Bulgaria,1,POINTS,L,,315
2024-08-08T11:09:09+02:00,TKWW57KG--------------8FNL000500--,TKWW57KG,Women -57kg,Women -57kg Round of 16,Round of 16,W,Taekwondo,TKW,Grand Palais,1536067,KIYANICHANDEH Nahid,Person,IRI,IR Iran,2,POINTS,W,,302
2024-08-08T11:31:24+02:00,TKWW57KG--------------8FNL000600--,TKWW57KG,Women -57kg,Women -57kg Round of 16,Round of 16,W,Taekwondo,TKW,Grand Palais,1930767,DILLON Faith,Person,USA,United States,1,POINTS,L,,307
2024-08-08T11:31:24+02:00,TKWW57KG--------------8FNL000600--,TKWW57KG,Women -57kg,Women -57kg Round of 16,Round of 16,W,Taekwondo,TKW,Grand Palais,1947738,TOUMI Chaima,Person,TUN,Tunisia,2,POINTS,W,,310
2024-08-08T11:55:13+02:00,TKWW57KG--------------8FNL000700--,TKWW57KG,Women -57kg,Women -57kg Round of 16,Round of 16,W,Taekwondo,TKW,Grand Palais,1946009,AOUN Laetitia,Person,LBN,Lebanon,2,POINTS,W,,311
2024-08-08T11:55:13+02:00,TKWW57KG--------------8FNL000700--,TKWW57KG,Women -57kg,Women -57kg Round of 16,Round of 16,W,Taekwondo,TKW,Grand Palais,1552030,LO Chia-Ling,Person,TPE,Chinese Taipei,0,POINTS,L,,306
2024-08-08T12:29:57+02:00,TKWW57KG--------------8FNL000800--,TKWW57KG,Women -57kg,Women -57kg Round of 16,Round of 16,W,Taekwondo,TKW,Grand Palais,1956287,JONES Jade,Person,GBR,Great Britain,1,POINTS,L,,303
2024-08-08T12:29:57+02:00,TKWW57KG--------------8FNL000800--,TKWW57KG,Women -57kg,Women -57kg Round of 16,Round of 16,W,Taekwondo,TKW,Grand Palais,1956718,RELJIKJ Miljana,Person,MKD,North Macedonia,2,POINTS,W,,314
2024-08-08T14:40:50+02:00,TKWW57KG--------------QFNL000100--,TKWW57KG,Women -57kg,Women -57kg Quarterfinal,Quarterfinal,W,Taekwondo,TKW,Grand Palais,1966505,PARK Skylar,Person,CAN,Canada,0,POINTS,L,,304
2024-08-08T14:40:50+02:00,TKWW57KG--------------QFNL000100--,TKWW57KG,Women -57kg,Women -57kg Quarterfinal,Quarterfinal,W,Taekwondo,TKW,Grand Palais,1904038,KIM Yujin,Person,KOR,Korea,2,POINTS,W,,312
2024-08-08T15:14:34+02:00,TKWW57KG--------------QFNL000200--,TKWW57KG,Women -57kg,Women -57kg Quarterfinal,Quarterfinal,W,Taekwondo,TKW,Grand Palais,1955839,PACHECO Maria Clara,Person,BRA,Brazil,1,POINTS,L,,308
2024-08-08T15:14:34+02:00,TKWW57KG--------------QFNL000200--,TKWW57KG,Women -57kg,Women -57kg Quarterfinal,Quarterfinal,W,Taekwondo,TKW,Grand Palais,1910374,LUO Zongshi,Person,CHN,China,2,POINTS,W,,301
2024-08-08T15:41:05+02:00,TKWW57KG--------------QFNL000300--,TKWW57KG,Women -57kg,Women -57kg Quarterfinal,Quarterfinal,W,Taekwondo,TKW,Grand Palais,1536067,KIYANICHANDEH Nahid,Person,IRI,IR Iran,2,POINTS,W,,302
2024-08-08T15:41:05+02:00,TKWW57KG--------------QFNL000300--,TKWW57KG,Women -57kg,Women -57kg Quarterfinal,Quarterfinal,W,Taekwondo,TKW,Grand Palais,1947738,TOUMI Chaima,Person,TUN,Tunisia,1,POINTS,L,,310
2024-08-08T16:16:59+02:00,TKWW57KG--------------QFNL000400--,TKWW57KG,Women -57kg,Women -57kg Quarterfinal,Quarterfinal,W,Taekwondo,TKW,Grand Palais,1946009,AOUN Laetitia,Person,LBN,Lebanon,2,POINTS,W,,311
2024-08-08T16:16:59+02:00,TKWW57KG--------------QFNL000400--,TKWW57KG,Women -57kg,Women -57kg Quarterfinal,Quarterfinal,W,Taekwondo,TKW,Grand Palais,1956718,RELJIKJ Miljana,Person,MKD,North Macedonia,0,POINTS,L,,314
2024-08-08T16:49:30+02:00,TKWW57KG--------------SFNL000100--,TKWW57KG,Women -57kg,Women -57kg Semifinal,Semifinal,W,Taekwondo,TKW,Grand Palais,1904038,KIM Yujin,Person,KOR,Korea,2,POINTS,W,,312
2024-08-08T16:49:30+02:00,TKWW57KG--------------SFNL000100--,TKWW57KG,Women -57kg,Women -57kg Semifinal,Semifinal,W,Taekwondo,TKW,Grand Palais,1910374,LUO Zongshi,Person,CHN,China,1,POINTS,L,,301
2024-08-08T17:15:32+02:00,TKWW57KG--------------SFNL000200--,TKWW57KG,Women -57kg,Women -57kg Semifinal,Semifinal,W,Taekwondo,TKW,Grand Palais,1536067,KIYANICHANDEH Nahid,Person,IRI,IR Iran,2,POINTS,W,,302
2024-08-08T17:15:32+02:00,TKWW57KG--------------SFNL000200--,TKWW57KG,Women -57kg,Women -57kg Semifinal,Semifinal,W,Taekwondo,TKW,Grand Palais,1946009,AOUN Laetitia,Person,LBN,Lebanon,0,POINTS,L,,311
2024-08-08T19:51:07+02:00,TKWW57KG--------------REP1000200--,TKWW57KG,Women -57kg,Women -57kg Repechage,Repechage,W,Taekwondo,TKW,Grand Palais,1966505,PARK Skylar,Person,CAN,Canada,2,POINTS,W,,304
2024-08-08T19:51:07+02:00,TKWW57KG--------------REP1000200--,TKWW57KG,Women -57kg,Women -57kg Repechage,Repechage,W,Taekwondo,TKW,Grand Palais,1566735,ILGUN Hatice Kubra,Person,TUR,Türkiye,0,POINTS,L,,305
2024-08-08T20:21:05+02:00,TKWW57KG--------------REP1000300--,TKWW57KG,Women -57kg,Women -57kg Repechage,Repechage,W,Taekwondo,TKW,Grand Palais,2493835,KIMIA Alizadeh,Person,BUL,Bulgaria,2,POINTS,W,,315
2024-08-08T20:21:05+02:00,TKWW57KG--------------REP1000300--,TKWW57KG,Women -57kg,Women -57kg Repechage,Repechage,W,Taekwondo,TKW,Grand Palais,1947738,TOUMI Chaima,Person,TUN,Tunisia,0,POINTS,L,,310
2024-08-08T20:48:27+02:00,TKWW57KG--------------REPF000100--,TKWW57KG,Women -57kg,Women -57kg Bronze Medal Contests,Bronze Medal Contests,W,Taekwondo,TKW,Grand Palais,1946009,AOUN Laetitia,Person,LBN,Lebanon,0,POINTS,L,,311
2024-08-08T20:48:27+02:00,TKWW57KG--------------REPF000100--,TKWW57KG,Women -57kg,Women -57kg Bronze Medal Contests,Bronze Medal Contests,W,Taekwondo,TKW,Grand Palais,1966505,PARK Skylar,Person,CAN,Canada,2,POINTS,W,,304
2024-08-08T21:25:55+02:00,TKWW57KG--------------REPF000200--,TKWW57KG,Women -57kg,Women -57kg Bronze Medal Contests,Bronze Medal Contests,W,Taekwondo,TKW,Grand Palais,2493835,KIMIA Alizadeh,Person,BUL,Bulgaria,2,POINTS,W,,315
2024-08-08T21:25:55+02:00,TKWW57KG--------------REPF000200--,TKWW57KG,Women -57kg,Women -57kg Bronze Medal Contests,Bronze Medal Contests,W,Taekwondo,TKW,Grand Palais,1910374,LUO Zongshi,Person,CHN,China,1,POINTS,L,,301
2024-08-08T21:53:21+02:00,TKWW57KG--------------FNL-000100--,TKWW57KG,Women -57kg,Women -57kg Gold Medal Contest,Gold Medal Contest,W,Taekwondo,TKW,Grand Palais,1904038,KIM Yujin,Person,KOR,Korea,2,POINTS,W,,312
2024-08-08T21:53:21+02:00,TKWW57KG--------------FNL-000100--,TKWW57KG,Women -57kg,Women -57kg Gold Medal Contest,Gold Medal Contest,W,Taekwondo,TKW,Grand Palais,1536067,KIYANICHANDEH Nahid,Person,IRI,IR Iran,0,POINTS,L,,302
2024-08-09T09:30:00+02:00,TKWW67KG--------------8FNL000100--,TKWW67KG,Women -67kg,Women -67kg Round of 16,Round of 16,W,Taekwondo,TKW,Grand Palais,1930773,TEACHOUT Kristina,Person,USA,United States,2,POINTS,W,,513
2024-08-09T09:30:00+02:00,TKWW67KG--------------8FNL000100--,TKWW67KG,Women -67kg,Women -67kg Round of 16,Round of 16,W,Taekwondo,TKW,Grand Palais,1893271,WIET-HENIN Magda,Person,FRA,France,0,POINTS,L,,504
2024-08-09T10:35:59+02:00,TKWW67KG--------------8FNL000200--,TKWW67KG,Women -67kg,Women -67kg Round of 16,Round of 16,W,Taekwondo,TKW,Grand Palais,1548381,GBAGBI Ruth,Person,CIV,Côte d'Ivoire,1,POINTS,L,,505
2024-08-09T10:35:59+02:00,TKWW67KG--------------8FNL000200--,TKWW67KG,Women -67kg,Women -67kg Round of 16,Round of 16,W,Taekwondo,TKW,Grand Palais,1572318,MARTON Viviana,Person,HUN,Hungary,2,POINTS,W,,512
2024-08-09T10:43:41+02:00,TKWW67KG--------------8FNL000300--,TKWW67KG,Women -67kg,Women -67kg Round of 16,Round of 16,W,Taekwondo,TKW,Grand Palais,1897347,SHEHATA Aya,Person,EGY,Egypt,2,POINTS,W,,509
2024-08-09T10:43:41+02:00,TKWW67KG--------------8FNL000300--,TKWW67KG,Women -67kg,Women -67kg Round of 16,Round of 16,W,Taekwondo,TKW,Grand Palais,1546687,CASTRO BURGOS Cecilia,Person,ESP,Spain,1,POINTS,L,,508
2024-08-09T11:08:33+02:00,TKWW67KG--------------8FNL000400--,TKWW67KG,Women -67kg,Women -67kg Round of 16,Round of 16,W,Taekwondo,TKW,Grand Palais,1903284,CHAARI Sarah,Person,BEL,Belgium,2,POINTS,W,,501
2024-08-09T11:08:33+02:00,TKWW67KG--------------8FNL000400--,TKWW67KG,Women -67kg,Women -67kg Round of 16,Round of 16,W,Taekwondo,TKW,Grand Palais,1957894,RODRIGUEZ Madelyn Andrea,Person,DOM,Dominican Republic,0,POINTS,L,,516
2024-08-09T11:54:18+02:00,TKWW67KG--------------8FNL000600--,TKWW67KG,Women -67kg,Women -67kg Round of 16,Round of 16,W,Taekwondo,TKW,Grand Palais,1910375,SONG Jie,Person,CHN,China,2,POINTS,W,,507
2024-08-09T11:54:18+02:00,TKWW67KG--------------8FNL000600--,TKWW67KG,Women -67kg,Women -67kg Round of 16,Round of 16,W,Taekwondo,TKW,Grand Palais,1571415,ANYANACHO Elizabeth Oluchi,Person,NGR,Nigeria,0,POINTS,L,,510
2024-08-09T12:21:38+02:00,TKWW67KG--------------8FNL000700--,TKWW67KG,Women -67kg,Women -67kg Round of 16,Round of 16,W,Taekwondo,TKW,Grand Palais,1902855,TONGCHAN Sasikarn,Person,THA,Thailand,2,POINTS,W,,511
2024-08-09T12:21:38+02:00,TKWW67KG--------------8FNL000700--,TKWW67KG,Women -67kg,Women -67kg Round of 16,Round of 16,W,Taekwondo,TKW,Grand Palais,1955812,SANTOS Caroline,Person,BRA,Brazil,0,POINTS,L,,506
2024-08-09T12:51:17+02:00,TKWW67KG--------------8FNL000800--,TKWW67KG,Women -67kg,Women -67kg Round of 16,Round of 16,W,Taekwondo,TKW,Grand Palais,1956372,PERISIC Aleksandra,Person,SRB,Serbia,2,POINTS,W,,503
2024-08-09T12:51:17+02:00,TKWW67KG--------------8FNL000800--,TKWW67KG,Women -67kg,Women -67kg Round of 16,Round of 16,W,Taekwondo,TKW,Grand Palais,1887764,SOBIRJONOVA Ozoda,Person,UZB,Uzbekistan,1,POINTS,L,,514
2024-08-09T14:49:10+02:00,TKWW67KG--------------QFNL000100--,TKWW67KG,Women -67kg,Women -67kg Quarterfinal,Quarterfinal,W,Taekwondo,TKW,Grand Palais,1930773,TEACHOUT Kristina,Person,USA,United States,1,POINTS,L,,513
2024-08-09T14:49:10+02:00,TKWW67KG--------------QFNL000100--,TKWW67KG,Women -67kg,Women -67kg Quarterfinal,Quarterfinal,W,Taekwondo,TKW,Grand Palais,1572318,MARTON Viviana,Person,HUN,Hungary,2,POINTS,W,,512
2024-08-09T15:11:04+02:00,TKWW67KG--------------QFNL000200--,TKWW67KG,Women -67kg,Women -67kg Quarterfinal,Quarterfinal,W,Taekwondo,TKW,Grand Palais,1897347,SHEHATA Aya,Person,EGY,Egypt,0,POINTS,L,,509
2024-08-09T15:11:04+02:00,TKWW67KG--------------QFNL000200--,TKWW67KG,Women -67kg,Women -67kg Quarterfinal,Quarterfinal,W,Taekwondo,TKW,Grand Palais,1903284,CHAARI Sarah,Person,BEL,Belgium,2,POINTS,W,,501
2024-08-09T16:06:53+02:00,TKWW67KG--------------QFNL000400--,TKWW67KG,Women -67kg,Women -67kg Quarterfinal,Quarterfinal,W,Taekwondo,TKW,Grand Palais,1902855,TONGCHAN Sasikarn,Person,THA,Thailand,0,POINTS,L,,511
2024-08-09T16:06:53+02:00,TKWW67KG--------------QFNL000400--,TKWW67KG,Women -67kg,Women -67kg Quarterfinal,Quarterfinal,W,Taekwondo,TKW,Grand Palais,1956372,PERISIC Aleksandra,Person,SRB,Serbia,2,POINTS,W,,503
2024-08-09T16:28:56+02:00,TKWW67KG--------------SFNL000100--,TKWW67KG,Women -67kg,Women -67kg Semifinal,Semifinal,W,Taekwondo,TKW,Grand Palais,1572318,MARTON Viviana,Person,HUN,Hungary,2,POINTS,W,,512
2024-08-09T16:28:56+02:00,TKWW67KG--------------SFNL000100--,TKWW67KG,Women -67kg,Women -67kg Semifinal,Semifinal,W,Taekwondo,TKW,Grand Palais,1903284,CHAARI Sarah,Person,BEL,Belgium,0,POINTS,L,,501
2024-08-09T17:01:37+02:00,TKWW67KG--------------SFNL000200--,TKWW67KG,Women -67kg,Women -67kg Semifinal,Semifinal,W,Taekwondo,TKW,Grand Palais,1910375,SONG Jie,Person,CHN,China,0,POINTS,L,,507
2024-08-09T17:01:37+02:00,TKWW67KG--------------SFNL000200--,TKWW67KG,Women -67kg,Women -67kg Semifinal,Semifinal,W,Taekwondo,TKW,Grand Palais,1956372,PERISIC Aleksandra,Person,SRB,Serbia,2,POINTS,W,,503
2024-08-09T19:45:42+02:00,TKWW67KG--------------REP1000200--,TKWW67KG,Women -67kg,Women -67kg Repechage,Repechage,W,Taekwondo,TKW,Grand Palais,1930773,TEACHOUT Kristina,Person,USA,United States,2,POINTS,W,,513
2024-08-09T19:45:42+02:00,TKWW67KG--------------REP1000200--,TKWW67KG,Women -67kg,Women -67kg Repechage,Repechage,W,Taekwondo,TKW,Grand Palais,1548381,GBAGBI Ruth,Person,CIV,Côte d'Ivoire,1,POINTS,L,,505
2024-08-09T19:53:42+02:00,TKWW67KG--------------QFNL000300--,TKWW67KG,Women -67kg,Women -67kg Quarterfinal,Quarterfinal,W,Taekwondo,TKW,Grand Palais,1537349,ALSADEQ Julyana,Person,JOR,Jordan,,,,,502
2024-08-09T19:53:42+02:00,TKWW67KG--------------QFNL000300--,TKWW67KG,Women -67kg,Women -67kg Quarterfinal,Quarterfinal,W,Taekwondo,TKW,Grand Palais,1910375,SONG Jie,Person,CHN,China,,,,,507
2024-08-09T19:53:42+02:00,TKWW67KG--------------8FNL000500--,TKWW67KG,Women -67kg,Women -67kg Round of 16,Round of 16,W,Taekwondo,TKW,Grand Palais,2741697,NAVUGA NAITASI Lolohea,Person,FIJ,Fiji,0,POINTS,L,,515
2024-08-09T19:53:42+02:00,TKWW67KG--------------8FNL000500--,TKWW67KG,Women -67kg,Women -67kg Round of 16,Round of 16,W,Taekwondo,TKW,Grand Palais,1537349,ALSADEQ Julyana,Person,JOR,Jordan,2,POINTS,W,,502
2024-08-09T20:20:29+02:00,TKWW67KG--------------REP1000300--,TKWW67KG,Women -67kg,Women -67kg Repechage,Repechage,W,Taekwondo,TKW,Grand Palais,1887764,SOBIRJONOVA Ozoda,Person,UZB,Uzbekistan,2,POINTS,W,,514
2024-08-09T20:20:29+02:00,TKWW67KG--------------REP1000300--,TKWW67KG,Women -67kg,Women -67kg Repechage,Repechage,W,Taekwondo,TKW,Grand Palais,1902855,TONGCHAN Sasikarn,Person,THA,Thailand,1,POINTS,L,,511
2024-08-09T20:39:38+02:00,TKWW67KG--------------REPF000100--,TKWW67KG,Women -67kg,Women -67kg Bronze Medal Contests,Bronze Medal Contests,W,Taekwondo,TKW,Grand Palais,1910375,SONG Jie,Person,CHN,China,0,POINTS,L,,507
2024-08-09T20:39:38+02:00,TKWW67KG--------------REPF000100--,TKWW67KG,Women -67kg,Women -67kg Bronze Medal Contests,Bronze Medal Contests,W,Taekwondo,TKW,Grand Palais,1930773,TEACHOUT Kristina,Person,USA,United States,2,POINTS,W,,513
2024-08-09T21:19:13+02:00,TKWW67KG--------------REPF000200--,TKWW67KG,Women -67kg,Women -67kg Bronze Medal Contests,Bronze Medal Contests,W,Taekwondo,TKW,Grand Palais,1887764,SOBIRJONOVA Ozoda,Person,UZB,Uzbekistan,1,POINTS,L,,514
2024-08-09T21:19:13+02:00,TKWW67KG--------------REPF000200--,TKWW67KG,Women -67kg,Women -67kg Bronze Medal Contests,Bronze Medal Contests,W,Taekwondo,TKW,Grand Palais,1903284,CHAARI Sarah,Person,BEL,Belgium,2,POINTS,W,,501
2024-08-09T21:50:15+02:00,TKWW67KG--------------FNL-000100--,TKWW67KG,Women -67kg,Women -67kg Gold Medal Contest,Gold Medal Contest,W,Taekwondo,TKW,Grand Palais,1572318,MARTON Viviana,Person,HUN,Hungary,2,POINTS,W,,512
2024-08-09T21:50:15+02:00,TKWW67KG--------------FNL-000100--,TKWW67KG,Women -67kg,Women -67kg Gold Medal Contest,Gold Medal Contest,W,Taekwondo,TKW,Grand Palais,1956372,PERISIC Aleksandra,Person,SRB,Serbia,0,POINTS,L,,503
