date,stage_code,event_code,event_name,event_stage,stage,gender,discipline_name,discipline_code,venue,participant_code,participant_name,participant_type,participant_country_code,participant_country,rank,result,result_type,result_diff,start_order,bib
2024-07-31T20:13:54+02:00,GARM1AA---------------FNL-000001--,GARM1AA,Men's All-Around,Men's All-Around Final,Final,M,Artistic Gymnastics,GAR,Bercy Arena,1896190,DUNKEL Nils,Person,GER,Germany,,13.700,POINTS,,1,139
2024-07-31T20:13:54+02:00,GARM1AA---------------FNL-000001--,GARM1AA,Men's All-Around,Men's All-Around Final,Final,M,Artistic Gymnastics,GAR,Bercy Arena,1970203,RIJKEN Frank,Person,NED,Netherlands,,13.733,POINTS,,2,168
2024-07-31T20:13:54+02:00,GARM1AA---------------FNL-000001--,GARM1AA,Men's All-Around,Men's All-Around Final,Final,M,Artistic Gymnastics,GAR,Bercy Arena,1973090,DOLCI Felix,Person,CAN,Canada,,14.366,POINTS,,3,112
2024-07-31T20:13:54+02:00,GARM1AA---------------FNL-000001--,GARM1AA,Men's All-Around,Men's All-Around Final,Final,M,Artistic Gymnastics,GAR,Bercy Arena,1977699,LANGENEGGER Florian,Person,SUI,Switzerland,,14.133,POINTS,,4,174
2024-07-31T20:13:54+02:00,GARM1AA---------------FNL-000001--,GARM1AA,Men's All-Around,Men's All-Around Final,Final,M,Artistic Gymnastics,GAR,Bercy Arena,1953618,SOARES Diogo,Person,BRA,Brazil,,14.500,POINTS,,5,108
2024-07-31T20:13:54+02:00,GARM1AA---------------FNL-000001--,GARM1AA,Men's All-Around,Men's All-Around Final,Final,M,Artistic Gymnastics,GAR,Bercy Arena,1973086,COURNOYER Rene,Person,CAN,Canada,,13.733,POINTS,,6,111
2024-07-31T20:13:54+02:00,GARM1AA---------------FNL-000001--,GARM1AA,Men's All-Around,Men's All-Around Final,Final,M,Artistic Gymnastics,GAR,Bercy Arena,1551057,MACCHIATI Mario,Person,ITA,Italy,,14.166,POINTS,,1,151
2024-07-31T20:13:54+02:00,GARM1AA---------------FNL-000001--,GARM1AA,Men's All-Around,Men's All-Around Final,Final,M,Artistic Gymnastics,GAR,Bercy Arena,1941582,MOORE Jesse,Person,AUS,Australia,,14.333,POINTS,,2,103
2024-07-31T20:13:54+02:00,GARM1AA---------------FNL-000001--,GARM1AA,Men's All-Around,Men's All-Around Final,Final,M,Artistic Gymnastics,GAR,Bercy Arena,1895493,MESZAROS Krisztofer,Person,HUN,Hungary,,14.400,POINTS,,3,144
2024-07-31T20:13:54+02:00,GARM1AA---------------FNL-000001--,GARM1AA,Men's All-Around,Men's All-Around Final,Final,M,Artistic Gymnastics,GAR,Bercy Arena,1959855,JUDA Paul,Person,USA,United States,,13.733,POINTS,,4,190
2024-07-31T20:13:54+02:00,GARM1AA---------------FNL-000001--,GARM1AA,Men's All-Around,Men's All-Around Final,Final,M,Artistic Gymnastics,GAR,Bercy Arena,1931576,KARIMI Milad,Person,KAZ,Kazakhstan,,14.400,POINTS,,5,159
2024-07-31T20:13:54+02:00,GARM1AA---------------FNL-000001--,GARM1AA,Men's All-Around,Men's All-Around Final,Final,M,Artistic Gymnastics,GAR,Bercy Arena,1970210,SCHMIDT Casimir,Person,NED,Netherlands,,14.400,POINTS,,6,169
2024-07-31T20:13:54+02:00,GARM1AA---------------FNL-000001--,GARM1AA,Men's All-Around,Men's All-Around Final,Final,M,Artistic Gymnastics,GAR,Bercy Arena,1975874,YULO Carlos Edriel,Person,PHI,Philippines,,14.766,POINTS,,1,170
2024-07-31T20:13:54+02:00,GARM1AA---------------FNL-000001--,GARM1AA,Men's All-Around,Men's All-Around Final,Final,M,Artistic Gymnastics,GAR,Bercy Arena,1551050,ABBADINI Yumin,Person,ITA,Italy,,14.033,POINTS,,2,148
2024-07-31T20:13:54+02:00,GARM1AA---------------FNL-000001--,GARM1AA,Men's All-Around,Men's All-Around Final,Final,M,Artistic Gymnastics,GAR,Bercy Arena,1897556,VERNIAIEV Oleg,Person,UKR,Ukraine,,14.400,POINTS,,3,188
2024-07-31T20:13:54+02:00,GARM1AA---------------FNL-000001--,GARM1AA,Men's All-Around,Men's All-Around Final,Final,M,Artistic Gymnastics,GAR,Bercy Arena,1976541,GIUBELLINI Matteo,Person,SUI,Switzerland,,13.800,POINTS,,4,172
2024-07-31T20:13:54+02:00,GARM1AA---------------FNL-000001--,GARM1AA,Men's All-Around,Men's All-Around Final,Final,M,Artistic Gymnastics,GAR,Bercy Arena,1897555,KOVTUN Illia,Person,UKR,Ukraine,,14.266,POINTS,,5,185
2024-07-31T20:13:54+02:00,GARM1AA---------------FNL-000001--,GARM1AA,Men's All-Around,Men's All-Around Final,Final,M,Artistic Gymnastics,GAR,Bercy Arena,1959811,RICHARD Frederick,Person,USA,United States,,14.100,POINTS,,6,193
2024-07-31T20:13:54+02:00,GARM1AA---------------FNL-000001--,GARM1AA,Men's All-Around,Men's All-Around Final,Final,M,Artistic Gymnastics,GAR,Bercy Arena,1919480,OKA Shinnosuke,Person,JPN,Japan,,14.300,POINTS,,1,156
2024-07-31T20:13:54+02:00,GARM1AA---------------FNL-000001--,GARM1AA,Men's All-Around,Men's All-Around Final,Final,M,Artistic Gymnastics,GAR,Bercy Arena,1918864,ZHANG Boheng,Person,CHN,China,,14.500,POINTS,,2,118
2024-07-31T20:13:54+02:00,GARM1AA---------------FNL-000001--,GARM1AA,Men's All-Around,Men's All-Around Final,Final,M,Artistic Gymnastics,GAR,Bercy Arena,1904734,FRASER Joe,Person,GBR,Great Britain,,14.333,POINTS,,3,132
2024-07-31T20:13:54+02:00,GARM1AA---------------FNL-000001--,GARM1AA,Men's All-Around,Men's All-Around Final,Final,M,Artistic Gymnastics,GAR,Bercy Arena,1904741,JARMAN Jake,Person,GBR,Great Britain,,15.166,POINTS,,4,134
2024-07-31T20:13:54+02:00,GARM1AA---------------FNL-000001--,GARM1AA,Men's All-Around,Men's All-Around Final,Final,M,Artistic Gymnastics,GAR,Bercy Arena,1918860,XIAO Ruoteng,Person,CHN,China,,14.833,POINTS,,5,117
2024-07-31T20:13:54+02:00,GARM1AA---------------FNL-000001--,GARM1AA,Men's All-Around,Men's All-Around Final,Final,M,Artistic Gymnastics,GAR,Bercy Arena,1919492,HASHIMOTO Daiki,Person,JPN,Japan,,14.766,POINTS,,6,154
2024-07-31T20:13:54+02:00,GARM1AA---------------FNL---------,GARM1AA,Men's All-Around,Men's All-Around Final,Final Results,M,Artistic Gymnastics,GAR,,1919480,OKA Shinnosuke,Person,JPN,Japan,1.0,86.832,POINTS,,,156
2024-07-31T20:13:54+02:00,GARM1AA---------------FNL---------,GARM1AA,Men's All-Around,Men's All-Around Final,Final Results,M,Artistic Gymnastics,GAR,,1918864,ZHANG Boheng,Person,CHN,China,2.0,86.599,POINTS,0.233,,118
2024-07-31T20:13:54+02:00,GARM1AA---------------FNL---------,GARM1AA,Men's All-Around,Men's All-Around Final,Final Results,M,Artistic Gymnastics,GAR,,1918860,XIAO Ruoteng,Person,CHN,China,3.0,86.364,POINTS,0.468,,117
2024-07-31T20:13:54+02:00,GARM1AA---------------FNL---------,GARM1AA,Men's All-Around,Men's All-Around Final,Final Results,M,Artistic Gymnastics,GAR,,1897555,KOVTUN Illia,Person,UKR,Ukraine,4.0,86.165,POINTS,0.667,,185
2024-07-31T20:13:54+02:00,GARM1AA---------------FNL---------,GARM1AA,Men's All-Around,Men's All-Around Final,Final Results,M,Artistic Gymnastics,GAR,,1904734,FRASER Joe,Person,GBR,Great Britain,5.0,85.532,POINTS,1.300,,132
2024-07-31T20:13:54+02:00,GARM1AA---------------FNL---------,GARM1AA,Men's All-Around,Men's All-Around Final,Final Results,M,Artistic Gymnastics,GAR,,1919492,HASHIMOTO Daiki,Person,JPN,Japan,6.0,84.598,POINTS,2.234,,154
2024-07-31T20:13:54+02:00,GARM1AA---------------FNL---------,GARM1AA,Men's All-Around,Men's All-Around Final,Final Results,M,Artistic Gymnastics,GAR,,1904741,JARMAN Jake,Person,GBR,Great Britain,7.0,84.565,POINTS,2.267,,134
2024-07-31T20:13:54+02:00,GARM1AA---------------FNL---------,GARM1AA,Men's All-Around,Men's All-Around Final,Final Results,M,Artistic Gymnastics,GAR,,1897556,VERNIAIEV Oleg,Person,UKR,Ukraine,8.0,84.399,POINTS,2.433,,188
2024-07-31T20:13:54+02:00,GARM1AA---------------FNL---------,GARM1AA,Men's All-Around,Men's All-Around Final,Final Results,M,Artistic Gymnastics,GAR,,1895493,MESZAROS Krisztofer,Person,HUN,Hungary,9.0,83.899,POINTS,2.933,,144
2024-07-31T20:13:54+02:00,GARM1AA---------------FNL---------,GARM1AA,Men's All-Around,Men's All-Around Final,Final Results,M,Artistic Gymnastics,GAR,,1976541,GIUBELLINI Matteo,Person,SUI,Switzerland,10.0,83.332,POINTS,3.500,,172
2024-07-31T20:13:54+02:00,GARM1AA---------------FNL---------,GARM1AA,Men's All-Around,Men's All-Around Final,Final Results,M,Artistic Gymnastics,GAR,,1551050,ABBADINI Yumin,Person,ITA,Italy,11.0,83.198,POINTS,3.634,,148
2024-07-31T20:13:54+02:00,GARM1AA---------------FNL---------,GARM1AA,Men's All-Around,Men's All-Around Final,Final Results,M,Artistic Gymnastics,GAR,,1975874,YULO Carlos Edriel,Person,PHI,Philippines,12.0,83.032,POINTS,3.800,,170
2024-07-31T20:13:54+02:00,GARM1AA---------------FNL---------,GARM1AA,Men's All-Around,Men's All-Around Final,Final Results,M,Artistic Gymnastics,GAR,,1970210,SCHMIDT Casimir,Person,NED,Netherlands,13.0,82.498,POINTS,4.334,,169
2024-07-31T20:13:54+02:00,GARM1AA---------------FNL---------,GARM1AA,Men's All-Around,Men's All-Around Final,Final Results,M,Artistic Gymnastics,GAR,,1959855,JUDA Paul,Person,USA,United States,14.0,82.197,POINTS,4.635,,190
2024-07-31T20:13:54+02:00,GARM1AA---------------FNL---------,GARM1AA,Men's All-Around,Men's All-Around Final,Final Results,M,Artistic Gymnastics,GAR,,1959811,RICHARD Frederick,Person,USA,United States,15.0,82.166,POINTS,4.666,,193
2024-07-31T20:13:54+02:00,GARM1AA---------------FNL---------,GARM1AA,Men's All-Around,Men's All-Around Final,Final Results,M,Artistic Gymnastics,GAR,,1977699,LANGENEGGER Florian,Person,SUI,Switzerland,16.0,81.864,POINTS,4.968,,174
2024-07-31T20:13:54+02:00,GARM1AA---------------FNL---------,GARM1AA,Men's All-Around,Men's All-Around Final,Final Results,M,Artistic Gymnastics,GAR,,1973086,COURNOYER Rene,Person,CAN,Canada,17.0,81.733,POINTS,5.099,,111
2024-07-31T20:13:54+02:00,GARM1AA---------------FNL---------,GARM1AA,Men's All-Around,Men's All-Around Final,Final Results,M,Artistic Gymnastics,GAR,,1896190,DUNKEL Nils,Person,GER,Germany,18.0,81.697,POINTS,5.135,,139
2024-07-31T20:13:54+02:00,GARM1AA---------------FNL---------,GARM1AA,Men's All-Around,Men's All-Around Final,Final Results,M,Artistic Gymnastics,GAR,,1551057,MACCHIATI Mario,Person,ITA,Italy,19.0,81.497,POINTS,5.335,,151
2024-07-31T20:13:54+02:00,GARM1AA---------------FNL---------,GARM1AA,Men's All-Around,Men's All-Around Final,Final Results,M,Artistic Gymnastics,GAR,,1973090,DOLCI Felix,Person,CAN,Canada,20.0,81.097,POINTS,5.735,,112
2024-07-31T20:13:54+02:00,GARM1AA---------------FNL---------,GARM1AA,Men's All-Around,Men's All-Around Final,Final Results,M,Artistic Gymnastics,GAR,,1941582,MOORE Jesse,Person,AUS,Australia,21.0,80.430,POINTS,6.402,,103
2024-07-31T20:13:54+02:00,GARM1AA---------------FNL---------,GARM1AA,Men's All-Around,Men's All-Around Final,Final Results,M,Artistic Gymnastics,GAR,,1970203,RIJKEN Frank,Person,NED,Netherlands,22.0,80.298,POINTS,6.534,,168
2024-07-31T20:13:54+02:00,GARM1AA---------------FNL---------,GARM1AA,Men's All-Around,Men's All-Around Final,Final Results,M,Artistic Gymnastics,GAR,,1953618,SOARES Diogo,Person,BRA,Brazil,23.0,78.698,POINTS,8.134,,108
2024-07-31T20:13:54+02:00,GARM1AA---------------FNL---------,GARM1AA,Men's All-Around,Men's All-Around Final,Final Results,M,Artistic Gymnastics,GAR,,1931576,KARIMI Milad,Person,KAZ,Kazakhstan,24.0,76.065,POINTS,10.767,,159
2024-08-03T16:09:46+02:00,GARM1APFX-------------FNL-000001--,GARM1APFX,Men's Floor Exercise,Men's Floor Exercise Final,Final,M,Artistic Gymnastics,GAR,Bercy Arena,1975874,YULO Carlos Edriel,Person,PHI,Philippines,1.0,15.000,POINTS,,3,170
2024-08-03T16:09:46+02:00,GARM1APFX-------------FNL-000001--,GARM1APFX,Men's Floor Exercise,Men's Floor Exercise Final,Final,M,Artistic Gymnastics,GAR,Bercy Arena,1908195,DOLGOPYAT Artem,Person,ISR,Israel,2.0,14.966,POINTS,0.034,2,147
2024-08-03T16:09:46+02:00,GARM1APFX-------------FNL-000001--,GARM1APFX,Men's Floor Exercise,Men's Floor Exercise Final,Final,M,Artistic Gymnastics,GAR,Bercy Arena,1904741,JARMAN Jake,Person,GBR,Great Britain,3.0,14.933,POINTS,0.067,6,134
2024-08-03T16:09:46+02:00,GARM1APFX-------------FNL-000001--,GARM1APFX,Men's Floor Exercise,Men's Floor Exercise Final,Final,M,Artistic Gymnastics,GAR,Bercy Arena,1897555,KOVTUN Illia,Person,UKR,Ukraine,4.0,14.533,POINTS,0.467,7,185
2024-08-03T16:09:46+02:00,GARM1APFX-------------FNL-000001--,GARM1APFX,Men's Floor Exercise,Men's Floor Exercise Final,Final,M,Artistic Gymnastics,GAR,Bercy Arena,1931576,KARIMI Milad,Person,KAZ,Kazakhstan,5.0,14.500,POINTS,0.500,5,159
2024-08-03T16:09:46+02:00,GARM1APFX-------------FNL-000001--,GARM1APFX,Men's Floor Exercise,Men's Floor Exercise Final,Final,M,Artistic Gymnastics,GAR,Bercy Arena,1904754,WHITEHOUSE Luke,Person,GBR,Great Britain,6.0,14.466,POINTS,0.534,8,135
2024-08-03T16:09:46+02:00,GARM1APFX-------------FNL-000001--,GARM1APFX,Men's Floor Exercise,Men's Floor Exercise Final,Final,M,Artistic Gymnastics,GAR,Bercy Arena,1935792,ZAPATA Rayderley,Person,ESP,Spain,7.0,14.333,POINTS,0.667,1,130
2024-08-03T16:09:46+02:00,GARM1APFX-------------FNL-000001--,GARM1APFX,Men's Floor Exercise,Men's Floor Exercise Final,Final,M,Artistic Gymnastics,GAR,Bercy Arena,1918864,ZHANG Boheng,Person,CHN,China,8.0,13.933,POINTS,1.067,4,118
2024-08-03T16:09:46+02:00,GARM1APFX-------------FNL-000001--,GARM1APFX,Men's Floor Exercise,Men's Floor Exercise Final,Final,M,Artistic Gymnastics,GAR,Bercy Arena,1919480,OKA Shinnosuke,Person,JPN,Japan,,,NO_SCORE,,9,156
2024-08-03T16:09:46+02:00,GARM1APFX-------------FNL-000001--,GARM1APFX,Men's Floor Exercise,Men's Floor Exercise Final,Final,M,Artistic Gymnastics,GAR,Bercy Arena,1940560,RYU Sunghyun,Person,KOR,Korea,,,NO_SCORE,,10,163
2024-08-03T16:09:46+02:00,GARM1APFX-------------FNL-000001--,GARM1APFX,Men's Floor Exercise,Men's Floor Exercise Final,Final,M,Artistic Gymnastics,GAR,Bercy Arena,1935787,PLATA Joel,Person,ESP,Spain,,,NO_SCORE,,11,129
2024-08-05T14:24:57+02:00,GARM1APHB-------------FNL-000001--,GARM1APHB,Men's Horizontal Bar,Men's Horizontal Bar Final,Final,M,Artistic Gymnastics,GAR,Bercy Arena,1919480,OKA Shinnosuke,Person,JPN,Japan,1.0,14.533,POINTS,,2,156
2024-08-05T14:24:57+02:00,GARM1APHB-------------FNL-000001--,GARM1APHB,Men's Horizontal Bar,Men's Horizontal Bar Final,Final,M,Artistic Gymnastics,GAR,Bercy Arena,1935685,BARAJAS Angel,Person,COL,Colombia,2.0,14.533,POINTS,0.000,3,120
2024-08-05T14:24:57+02:00,GARM1APHB-------------FNL-000001--,GARM1APHB,Men's Horizontal Bar,Men's Horizontal Bar Final,Final,M,Artistic Gymnastics,GAR,Bercy Arena,1918864,ZHANG Boheng,Person,CHN,China,3.0,13.966,POINTS,0.567,6,118
2024-08-05T14:24:57+02:00,GARM1APHB-------------FNL-000001--,GARM1APHB,Men's Horizontal Bar,Men's Horizontal Bar Final,Final,M,Artistic Gymnastics,GAR,Bercy Arena,1878037,TANG Chia-Hung,Person,TPE,Chinese Taipei,3.0,13.966,POINTS,0.567,1,178
2024-08-05T14:24:57+02:00,GARM1APHB-------------FNL-000001--,GARM1APHB,Men's Horizontal Bar,Men's Horizontal Bar Final,Final,M,Artistic Gymnastics,GAR,Bercy Arena,1918858,SU Weide,Person,CHN,China,5.0,13.433,POINTS,1.100,8,116
2024-08-05T14:24:57+02:00,GARM1APHB-------------FNL-000001--,GARM1APHB,Men's Horizontal Bar,Men's Horizontal Bar Final,Final,M,Artistic Gymnastics,GAR,Bercy Arena,1555033,GEORGIOU Marios,Person,CYP,Cyprus,6.0,13.333,POINTS,1.200,4,123
2024-08-05T14:24:57+02:00,GARM1APHB-------------FNL-000001--,GARM1APHB,Men's Horizontal Bar,Men's Horizontal Bar Final,Final,M,Artistic Gymnastics,GAR,Bercy Arena,1919479,SUGINO Takaaki,Person,JPN,Japan,7.0,11.633,POINTS,2.900,5,157
2024-08-05T14:24:57+02:00,GARM1APHB-------------FNL-000001--,GARM1APHB,Men's Horizontal Bar,Men's Horizontal Bar Final,Final,M,Artistic Gymnastics,GAR,Bercy Arena,1928054,SRBIC Tin,Person,CRO,Croatia,8.0,11.333,POINTS,3.200,7,122
2024-08-05T14:24:57+02:00,GARM1APHB-------------FNL-000001--,GARM1APHB,Men's Horizontal Bar,Men's Horizontal Bar Final,Final,M,Artistic Gymnastics,GAR,Bercy Arena,1551050,ABBADINI Yumin,Person,ITA,Italy,,,NO_SCORE,,9,148
2024-08-05T14:24:57+02:00,GARM1APHB-------------FNL-000001--,GARM1APHB,Men's Horizontal Bar,Men's Horizontal Bar Final,Final,M,Artistic Gymnastics,GAR,Bercy Arena,1904734,FRASER Joe,Person,GBR,Great Britain,,,NO_SCORE,,10,132
2024-08-05T14:24:57+02:00,GARM1APHB-------------FNL-000001--,GARM1APHB,Men's Horizontal Bar,Men's Horizontal Bar Final,Final,M,Artistic Gymnastics,GAR,Bercy Arena,1959811,RICHARD Frederick,Person,USA,United States,,,NO_SCORE,,11,193
2024-08-05T12:22:49+02:00,GARM1APPB-------------FNL-000001--,GARM1APPB,Men's Parallel Bars,Men's Parallel Bars Final,Final,M,Artistic Gymnastics,GAR,Bercy Arena,1918865,ZOU Jingyuan,Person,CHN,China,1.0,16.200,POINTS,,6,119
2024-08-05T12:22:49+02:00,GARM1APPB-------------FNL-000001--,GARM1APPB,Men's Parallel Bars,Men's Parallel Bars Final,Final,M,Artistic Gymnastics,GAR,Bercy Arena,1897555,KOVTUN Illia,Person,UKR,Ukraine,2.0,15.500,POINTS,0.700,1,185
2024-08-05T12:22:49+02:00,GARM1APPB-------------FNL-000001--,GARM1APPB,Men's Parallel Bars,Men's Parallel Bars Final,Final,M,Artistic Gymnastics,GAR,Bercy Arena,1919480,OKA Shinnosuke,Person,JPN,Japan,3.0,15.300,POINTS,0.900,8,156
2024-08-05T12:22:49+02:00,GARM1APPB-------------FNL-000001--,GARM1APPB,Men's Parallel Bars,Men's Parallel Bars Final,Final,M,Artistic Gymnastics,GAR,Bercy Arena,1918864,ZHANG Boheng,Person,CHN,China,4.0,15.100,POINTS,1.100,2,118
2024-08-05T12:22:49+02:00,GARM1APPB-------------FNL-000001--,GARM1APPB,Men's Parallel Bars,Men's Parallel Bars Final,Final,M,Artistic Gymnastics,GAR,Bercy Arena,1568162,ARICAN Ferhat,Person,TUR,T端rkiye,5.0,15.100,POINTS,1.100,3,179
2024-08-05T12:22:49+02:00,GARM1APPB-------------FNL-000001--,GARM1APPB,Men's Parallel Bars,Men's Parallel Bars Final,Final,M,Artistic Gymnastics,GAR,Bercy Arena,1919490,TANIGAWA Wataru,Person,JPN,Japan,6.0,14.133,POINTS,2.067,4,158
2024-08-05T12:22:49+02:00,GARM1APPB-------------FNL-000001--,GARM1APPB,Men's Parallel Bars,Men's Parallel Bars Final,Final,M,Artistic Gymnastics,GAR,Bercy Arena,1896188,DAUSER Lukas,Person,GER,Germany,7.0,13.700,POINTS,2.500,7,138
2024-08-05T12:22:49+02:00,GARM1APPB-------------FNL-000001--,GARM1APPB,Men's Parallel Bars,Men's Parallel Bars Final,Final,M,Artistic Gymnastics,GAR,Bercy Arena,1897556,VERNIAIEV Oleg,Person,UKR,Ukraine,8.0,13.300,POINTS,2.900,5,188
2024-08-05T12:22:49+02:00,GARM1APPB-------------FNL-000001--,GARM1APPB,Men's Parallel Bars,Men's Parallel Bars Final,Final,M,Artistic Gymnastics,GAR,Bercy Arena,1919491,KAYA Kazuma,Person,JPN,Japan,,,NO_SCORE,,9,155
2024-08-05T12:22:49+02:00,GARM1APPB-------------FNL-000001--,GARM1APPB,Men's Parallel Bars,Men's Parallel Bars Final,Final,M,Artistic Gymnastics,GAR,Bercy Arena,1904734,FRASER Joe,Person,GBR,Great Britain,,,NO_SCORE,,10,132
2024-08-05T12:22:49+02:00,GARM1APPB-------------FNL-000001--,GARM1APPB,Men's Parallel Bars,Men's Parallel Bars Final,Final,M,Artistic Gymnastics,GAR,Bercy Arena,1919492,HASHIMOTO Daiki,Person,JPN,Japan,,,NO_SCORE,,11,154
2024-08-05T12:22:49+02:00,GARM1APPB-------------FNL-000001--,GARM1APPB,Men's Parallel Bars,Men's Parallel Bars Final,Final,M,Artistic Gymnastics,GAR,Bercy Arena,1918860,XIAO Ruoteng,Person,CHN,China,,,NO_SCORE,,12,117
2024-08-05T12:22:49+02:00,GARM1APPB-------------FNL-000001--,GARM1APPB,Men's Parallel Bars,Men's Parallel Bars Final,Final,M,Artistic Gymnastics,GAR,Bercy Arena,1895493,MESZAROS Krisztofer,Person,HUN,Hungary,,,NO_SCORE,,13,144
2024-08-05T12:22:49+02:00,GARM1APPB-------------FNL-000001--,GARM1APPB,Men's Parallel Bars,Men's Parallel Bars Final,Final,M,Artistic Gymnastics,GAR,Bercy Arena,1935685,BARAJAS Angel,Person,COL,Colombia,,,NO_SCORE,,14,120
2024-08-03T18:16:11+02:00,GARM1APPH-------------FNL-000001--,GARM1APPH,Men's Pommel Horse,Men's Pommel Horse Final,Final,M,Artistic Gymnastics,GAR,Bercy Arena,1539986,Mc CLENAGHAN Rhys,Person,IRL,Ireland,1.0,15.533,POINTS,,4,146
2024-08-03T18:16:11+02:00,GARM1APPH-------------FNL-000001--,GARM1APPH,Men's Pommel Horse,Men's Pommel Horse Final,Final,M,Artistic Gymnastics,GAR,Bercy Arena,1931577,KURBANOV Nariman,Person,KAZ,Kazakhstan,2.0,15.433,POINTS,0.100,1,160
2024-08-03T18:16:11+02:00,GARM1APPH-------------FNL-000001--,GARM1APPH,Men's Pommel Horse,Men's Pommel Horse Final,Final,M,Artistic Gymnastics,GAR,Bercy Arena,1959865,NEDOROSCIK Stephen,Person,USA,United States,3.0,15.300,POINTS,0.233,5,192
2024-08-03T18:16:11+02:00,GARM1APPH-------------FNL-000001--,GARM1APPH,Men's Pommel Horse,Men's Pommel Horse Final,Final,M,Artistic Gymnastics,GAR,Bercy Arena,1904755,WHITLOCK Max,Person,GBR,Great Britain,4.0,15.200,POINTS,0.333,2,136
2024-08-03T18:16:11+02:00,GARM1APPH-------------FNL-000001--,GARM1APPH,Men's Pommel Horse,Men's Pommel Horse Final,Final,M,Artistic Gymnastics,GAR,Bercy Arena,1897556,VERNIAIEV Oleg,Person,UKR,Ukraine,5.0,14.966,POINTS,0.567,7,188
2024-08-03T18:16:11+02:00,GARM1APPH-------------FNL-000001--,GARM1APPH,Men's Pommel Horse,Men's Pommel Horse Final,Final,M,Artistic Gymnastics,GAR,Bercy Arena,1919479,SUGINO Takaaki,Person,JPN,Japan,6.0,14.933,POINTS,0.600,6,157
2024-08-03T18:16:11+02:00,GARM1APPH-------------FNL-000001--,GARM1APPH,Men's Pommel Horse,Men's Pommel Horse Final,Final,M,Artistic Gymnastics,GAR,Bercy Arena,1940551,HUR Woong,Person,KOR,Korea,7.0,14.300,POINTS,1.233,8,161
2024-08-03T18:16:11+02:00,GARM1APPH-------------FNL-000001--,GARM1APPH,Men's Pommel Horse,Men's Pommel Horse Final,Final,M,Artistic Gymnastics,GAR,Bercy Arena,1970215,de MUNCK Loran,Person,NED,Netherlands,8.0,13.733,POINTS,1.800,3,165
2024-08-03T18:16:11+02:00,GARM1APPH-------------FNL-000001--,GARM1APPH,Men's Pommel Horse,Men's Pommel Horse Final,Final,M,Artistic Gymnastics,GAR,Bercy Arena,1918865,ZOU Jingyuan,Person,CHN,China,,,NO_SCORE,,9,119
2024-08-03T18:16:11+02:00,GARM1APPH-------------FNL-000001--,GARM1APPH,Men's Pommel Horse,Men's Pommel Horse Final,Final,M,Artistic Gymnastics,GAR,Bercy Arena,1896190,DUNKEL Nils,Person,GER,Germany,,,NO_SCORE,,10,139
2024-08-03T18:16:11+02:00,GARM1APPH-------------FNL-000001--,GARM1APPH,Men's Pommel Horse,Men's Pommel Horse Final,Final,M,Artistic Gymnastics,GAR,Bercy Arena,1919480,OKA Shinnosuke,Person,JPN,Japan,,,NO_SCORE,,11,156
2024-08-04T15:32:36+02:00,GARM1APSR-------------FNL-000001--,GARM1APSR,Men's Rings,Men's Rings Final,Final,M,Artistic Gymnastics,GAR,Bercy Arena,1918856,LIU Yang,Person,CHN,China,1.0,15.300,POINTS,,2,115
2024-08-04T15:32:36+02:00,GARM1APSR-------------FNL-000001--,GARM1APSR,Men's Rings,Men's Rings Final,Final,M,Artistic Gymnastics,GAR,Bercy Arena,1918865,ZOU Jingyuan,Person,CHN,China,2.0,15.233,POINTS,0.067,1,119
2024-08-04T15:32:36+02:00,GARM1APSR-------------FNL-000001--,GARM1APSR,Men's Rings,Men's Rings Final,Final,M,Artistic Gymnastics,GAR,Bercy Arena,1961314,PETROUNIAS Eleftherios,Person,GRE,Greece,3.0,15.100,POINTS,0.200,3,142
2024-08-04T15:32:36+02:00,GARM1APSR-------------FNL-000001--,GARM1APSR,Men's Rings,Men's Rings Final,Final,M,Artistic Gymnastics,GAR,Bercy Arena,1903477,AIT SAID Samir,Person,FRA,France,4.0,15.000,POINTS,0.300,6,131
2024-08-04T15:32:36+02:00,GARM1APSR-------------FNL-000001--,GARM1APSR,Men's Rings,Men's Rings Final,Final,M,Artistic Gymnastics,GAR,Bercy Arena,1568169,ASIL Adem,Person,TUR,T端rkiye,5.0,14.966,POINTS,0.334,5,180
2024-08-04T15:32:36+02:00,GARM1APSR-------------FNL-000001--,GARM1APSR,Men's Rings,Men's Rings Final,Final,M,Artistic Gymnastics,GAR,Bercy Arena,1915841,DAVTYAN Vahagn,Person,ARM,Armenia,6.0,14.866,POINTS,0.434,8,102
2024-08-04T15:32:36+02:00,GARM1APSR-------------FNL-000001--,GARM1APSR,Men's Rings,Men's Rings Final,Final,M,Artistic Gymnastics,GAR,Bercy Arena,1904740,HEPWORTH Harry,Person,GBR,Great Britain,7.0,14.800,POINTS,0.500,7,133
2024-08-04T15:32:36+02:00,GARM1APSR-------------FNL-000001--,GARM1APSR,Men's Rings,Men's Rings Final,Final,M,Artistic Gymnastics,GAR,Bercy Arena,1903189,CUYLE Glen,Person,BEL,Belgium,8.0,13.833,POINTS,1.467,4,104
2024-08-04T15:32:36+02:00,GARM1APSR-------------FNL-000001--,GARM1APSR,Men's Rings,Men's Rings Final,Final,M,Artistic Gymnastics,GAR,Bercy Arena,1918864,ZHANG Boheng,Person,CHN,China,,,NO_SCORE,,9,118
2024-08-04T15:32:36+02:00,GARM1APSR-------------FNL-000001--,GARM1APSR,Men's Rings,Men's Rings Final,Final,M,Artistic Gymnastics,GAR,Bercy Arena,1959781,HONG Asher,Person,USA,United States,,,NO_SCORE,,10,189
2024-08-04T15:32:36+02:00,GARM1APSR-------------FNL-000001--,GARM1APSR,Men's Rings,Men's Rings Final,Final,M,Artistic Gymnastics,GAR,Bercy Arena,1568163,COLAK Ibrahim,Person,TUR,T端rkiye,,,NO_SCORE,,11,181
2024-08-04T15:32:36+02:00,GARM1APSR-------------FNL-000001--,GARM1APSR,Men's Rings,Men's Rings Final,Final,M,Artistic Gymnastics,GAR,Bercy Arena,1919490,TANIGAWA Wataru,Person,JPN,Japan,,,NO_SCORE,,12,158
2024-07-29T20:11:06+02:00,GARMTEAM--------------FNL-000001--,GARMTEAM,Men's Team,Men's Team Final,Final,M,Artistic Gymnastics,GAR,Bercy Arena,GARMTEAM----SUI01,Switzerland,Team,SUI,Switzerland,,41.632,POINTS,,1,
2024-07-29T20:11:06+02:00,GARMTEAM--------------FNL-000001--,GARMTEAM,Men's Team,Men's Team Final,Final,M,Artistic Gymnastics,GAR,Bercy Arena,GARMTEAM----CAN01,Canada,Team,CAN,Canada,,43.166,POINTS,,2,
2024-07-29T20:11:06+02:00,GARMTEAM--------------FNL-000001--,GARMTEAM,Men's Team,Men's Team Final,Final,M,Artistic Gymnastics,GAR,Bercy Arena,GARMTEAM----ITA01,Italy,Team,ITA,Italy,,43.266,POINTS,,3,
2024-07-29T20:11:06+02:00,GARMTEAM--------------FNL-000001--,GARMTEAM,Men's Team,Men's Team Final,Final,M,Artistic Gymnastics,GAR,Bercy Arena,GARMTEAM----USA01,United States of America,Team,USA,United States,,44.032,POINTS,,4,
2024-07-29T20:11:06+02:00,GARMTEAM--------------FNL-000001--,GARMTEAM,Men's Team,Men's Team Final,Final,M,Artistic Gymnastics,GAR,Bercy Arena,GARMTEAM----GBR01,Great Britain,Team,GBR,Great Britain,,43.265,POINTS,,5,
2024-07-29T20:11:06+02:00,GARMTEAM--------------FNL-000001--,GARMTEAM,Men's Team,Men's Team Final,Final,M,Artistic Gymnastics,GAR,Bercy Arena,GARMTEAM----UKR01,Ukraine,Team,UKR,Ukraine,,44.466,POINTS,,6,
2024-07-29T20:11:06+02:00,GARMTEAM--------------FNL-000001--,GARMTEAM,Men's Team,Men's Team Final,Final,M,Artistic Gymnastics,GAR,Bercy Arena,GARMTEAM----JPN01,Japan,Team,JPN,Japan,,43.433,POINTS,,7,
2024-07-29T20:11:06+02:00,GARMTEAM--------------FNL-000001--,GARMTEAM,Men's Team,Men's Team Final,Final,M,Artistic Gymnastics,GAR,Bercy Arena,GARMTEAM----CHN01,People's Republic of China,Team,CHN,China,,42.099,POINTS,,8,
2024-07-29T20:11:06+02:00,GARMTEAM--------------FNL---------,GARMTEAM,Men's Team,Men's Team Final,Final Results,M,Artistic Gymnastics,GAR,,GARMTEAM----JPN01,Japan,Team,JPN,Japan,1.0,259.594,POINTS,,,154
2024-07-29T20:11:06+02:00,GARMTEAM--------------FNL---------,GARMTEAM,Men's Team,Men's Team Final,Final Results,M,Artistic Gymnastics,GAR,,GARMTEAM----CHN01,People's Republic of China,Team,CHN,China,2.0,259.062,POINTS,0.532,,115
2024-07-29T20:11:06+02:00,GARMTEAM--------------FNL---------,GARMTEAM,Men's Team,Men's Team Final,Final Results,M,Artistic Gymnastics,GAR,,GARMTEAM----USA01,United States of America,Team,USA,United States,3.0,257.793,POINTS,1.801,,189
2024-07-29T20:11:06+02:00,GARMTEAM--------------FNL---------,GARMTEAM,Men's Team,Men's Team Final,Final Results,M,Artistic Gymnastics,GAR,,GARMTEAM----GBR01,Great Britain,Team,GBR,Great Britain,4.0,255.527,POINTS,4.067,,132
2024-07-29T20:11:06+02:00,GARMTEAM--------------FNL---------,GARMTEAM,Men's Team,Men's Team Final,Final Results,M,Artistic Gymnastics,GAR,,GARMTEAM----UKR01,Ukraine,Team,UKR,Ukraine,5.0,254.761,POINTS,4.833,,184
2024-07-29T20:11:06+02:00,GARMTEAM--------------FNL---------,GARMTEAM,Men's Team,Men's Team Final,Final Results,M,Artistic Gymnastics,GAR,,GARMTEAM----ITA01,Italy,Team,ITA,Italy,6.0,248.260,POINTS,11.334,,148
2024-07-29T20:11:06+02:00,GARMTEAM--------------FNL---------,GARMTEAM,Men's Team,Men's Team Final,Final Results,M,Artistic Gymnastics,GAR,,GARMTEAM----SUI01,Switzerland,Team,SUI,Switzerland,7.0,247.427,POINTS,12.167,,172
2024-07-29T20:11:06+02:00,GARMTEAM--------------FNL---------,GARMTEAM,Men's Team,Men's Team Final,Final Results,M,Artistic Gymnastics,GAR,,GARMTEAM----CAN01,Canada,Team,CAN,Canada,8.0,245.426,POINTS,14.168,,110
2024-08-04T17:08:32+02:00,GARM1APVT-------------FNL-000001--,GARM1APVT,Men's Vault,Men's Vault Final,Final,M,Artistic Gymnastics,GAR,Bercy Arena,1975874,YULO Carlos Edriel,Person,PHI,Philippines,1.0,15.116,POINTS,,4,170
2024-08-04T17:08:32+02:00,GARM1APVT-------------FNL-000001--,GARM1APVT,Men's Vault,Men's Vault Final,Final,M,Artistic Gymnastics,GAR,Bercy Arena,1915828,DAVTYAN Artur,Person,ARM,Armenia,2.0,14.966,POINTS,0.150,8,101
2024-08-04T17:08:32+02:00,GARM1APVT-------------FNL-000001--,GARM1APVT,Men's Vault,Men's Vault Final,Final,M,Artistic Gymnastics,GAR,Bercy Arena,1904740,HEPWORTH Harry,Person,GBR,Great Britain,3.0,14.949,POINTS,0.167,2,133
2024-08-04T17:08:32+02:00,GARM1APVT-------------FNL-000001--,GARM1APVT,Men's Vault,Men's Vault Final,Final,M,Artistic Gymnastics,GAR,Bercy Arena,1904741,JARMAN Jake,Person,GBR,Great Britain,4.0,14.933,POINTS,0.183,3,134
2024-08-04T17:08:32+02:00,GARM1APVT-------------FNL-000001--,GARM1APVT,Men's Vault,Men's Vault Final,Final,M,Artistic Gymnastics,GAR,Bercy Arena,1928055,BENOVIC Aurel,Person,CRO,Croatia,5.0,14.900,POINTS,0.216,6,121
2024-08-04T17:08:32+02:00,GARM1APVT-------------FNL-000001--,GARM1APVT,Men's Vault,Men's Vault Final,Final,M,Artistic Gymnastics,GAR,Bercy Arena,1897557,CHEPURNYI Nazar,Person,UKR,Ukraine,6.0,14.899,POINTS,0.217,1,184
2024-08-04T17:08:32+02:00,GARM1APVT-------------FNL-000001--,GARM1APVT,Men's Vault,Men's Vault Final,Final,M,Artistic Gymnastics,GAR,Bercy Arena,1538648,OLFATI Mahdi,Person,IRI,IR Iran,7.0,14.266,POINTS,0.850,7,145
2024-08-04T17:08:32+02:00,GARM1APVT-------------FNL-000001--,GARM1APVT,Men's Vault,Men's Vault Final,Final,M,Artistic Gymnastics,GAR,Bercy Arena,1897558,RADIVILOV Igor,Person,UKR,Ukraine,8.0,14.166,POINTS,0.950,5,186
2024-08-04T17:08:32+02:00,GARM1APVT-------------FNL-000001--,GARM1APVT,Men's Vault,Men's Vault Final,Final,M,Artistic Gymnastics,GAR,Bercy Arena,1959781,HONG Asher,Person,USA,United States,,,NO_SCORE,,9,189
2024-08-04T17:08:32+02:00,GARM1APVT-------------FNL-000001--,GARM1APVT,Men's Vault,Men's Vault Final,Final,M,Artistic Gymnastics,GAR,Bercy Arena,1568169,ASIL Adem,Person,TUR,T端rkiye,,,NO_SCORE,,10,180
2024-08-04T17:08:32+02:00,GARM1APVT-------------FNL-000001--,GARM1APVT,Men's Vault,Men's Vault Final,Final,M,Artistic Gymnastics,GAR,Bercy Arena,1940555,LEE Junho,Person,KOR,Korea,,,NO_SCORE,,11,162
2024-08-01T20:31:09+02:00,GARW1AA---------------FNL-000001--,GARW1AA,Women's All-Around,Women's All-Around Final,Final,W,Artistic Gymnastics,GAR,Bercy Arena,1959866,LEE Sunisa,Person,USA,United States,,13.933,POINTS,,1,394
2024-08-01T20:31:09+02:00,GARW1AA---------------FNL-000001--,GARW1AA,Women's All-Around,Women's All-Around Final,Final,W,Artistic Gymnastics,GAR,Bercy Arena,1953634,ANDRADE Rebeca,Person,BRA,Brazil,,15.100,POINTS,,2,310
2024-08-01T20:31:09+02:00,GARW1AA---------------FNL-000001--,GARW1AA,Women's All-Around,Women's All-Around Final,Final,W,Artistic Gymnastics,GAR,Bercy Arena,1959861,BILES Simone,Person,USA,United States,,15.766,POINTS,,3,391
2024-08-01T20:31:09+02:00,GARW1AA---------------FNL-000001--,GARW1AA,Women's All-Around,Women's All-Around Final,Final,W,Artistic Gymnastics,GAR,Bercy Arena,1551061,D'AMATO Alice,Person,ITA,Italy,,14.000,POINTS,,4,352
2024-08-01T20:31:09+02:00,GARW1AA---------------FNL-000001--,GARW1AA,Women's All-Around,Women's All-Around Final,Final,W,Artistic Gymnastics,GAR,Bercy Arena,1560762,ESPOSITO Manila,Person,ITA,Italy,,13.866,POINTS,,5,353
2024-08-01T20:31:09+02:00,GARW1AA---------------FNL-000001--,GARW1AA,Women's All-Around,Women's All-Around Final,Final,W,Artistic Gymnastics,GAR,Bercy Arena,1545688,NEMOUR Kaylia,Person,ALG,Algeria,,14.033,POINTS,,6,301
2024-08-01T20:31:09+02:00,GARW1AA---------------FNL-000001--,GARW1AA,Women's All-Around,Women's All-Around Final,Final,W,Artistic Gymnastics,GAR,Bercy Arena,1904732,FENTON Georgia-Mae,Person,GBR,Great Britain,,13.633,POINTS,,1,339
2024-08-01T20:31:09+02:00,GARW1AA---------------FNL-000001--,GARW1AA,Women's All-Around,Women's All-Around Final,Final,W,Artistic Gymnastics,GAR,Bercy Arena,1550176,GHIGOARTA Amalia,Person,ROU,Romania,,13.100,POINTS,,2,383
2024-08-01T20:31:09+02:00,GARW1AA---------------FNL-000001--,GARW1AA,Women's All-Around,Women's All-Around Final,Final,W,Artistic Gymnastics,GAR,Bercy Arena,1535310,BLANCO Luisa,Person,COL,Colombia,,13.500,POINTS,,3,326
2024-08-01T20:31:09+02:00,GARW1AA---------------FNL-000001--,GARW1AA,Women's All-Around,Women's All-Around Final,Final,W,Artistic Gymnastics,GAR,Bercy Arena,1956517,KINSELLA Alice,Person,GBR,Great Britain,,13.800,POINTS,,4,340
2024-08-01T20:31:09+02:00,GARW1AA---------------FNL-000001--,GARW1AA,Women's All-Around,Women's All-Around Final,Final,W,Artistic Gymnastics,GAR,Bercy Arena,1973123,STEWART Ava,Person,CAN,Canada,,13.333,POINTS,,5,319
2024-08-01T20:31:09+02:00,GARW1AA---------------FNL-000001--,GARW1AA,Women's All-Around,Women's All-Around Final,Final,W,Artistic Gymnastics,GAR,Bercy Arena,1896184,VOSS Sarah,Person,GER,Germany,,12.500,POINTS,,6,344
2024-08-01T20:31:09+02:00,GARW1AA---------------FNL-000001--,GARW1AA,Women's All-Around,Women's All-Around Final,Final,W,Artistic Gymnastics,GAR,Bercy Arena,1896215,KEVRIC Helen,Person,GER,Germany,,13.866,POINTS,,1,342
2024-08-01T20:31:09+02:00,GARW1AA---------------FNL-000001--,GARW1AA,Women's All-Around,Women's All-Around Final,Final,W,Artistic Gymnastics,GAR,Bercy Arena,1895146,CZIFRA Bettina Lili,Person,HUN,Hungary,,12.966,POINTS,,2,347
2024-08-01T20:31:09+02:00,GARW1AA---------------FNL-000001--,GARW1AA,Women's All-Around,Women's All-Around Final,Final,W,Artistic Gymnastics,GAR,Bercy Arena,1970190,VISSER Naomi,Person,NED,Netherlands,,12.966,POINTS,,3,371
2024-08-01T20:31:09+02:00,GARW1AA---------------FNL-000001--,GARW1AA,Women's All-Around,Women's All-Around Final,Final,W,Artistic Gymnastics,GAR,Bercy Arena,1938926,MARTINS Filipa,Person,POR,Portugal,,12.500,POINTS,,4,379
2024-08-01T20:31:09+02:00,GARW1AA---------------FNL-000001--,GARW1AA,Women's All-Around,Women's All-Around Final,Final,W,Artistic Gymnastics,GAR,Bercy Arena,1919365,NAKAMURA Haruka,Person,JPN,Japan,,12.833,POINTS,,5,358
2024-08-01T20:31:09+02:00,GARW1AA---------------FNL-000001--,GARW1AA,Women's All-Around,Women's All-Around Final,Final,W,Artistic Gymnastics,GAR,Bercy Arena,1550170,BARBOSU Ana,Person,ROU,Romania,,14.000,POINTS,,6,381
2024-08-01T20:31:09+02:00,GARW1AA---------------FNL-000001--,GARW1AA,Women's All-Around,Women's All-Around Final,Final,W,Artistic Gymnastics,GAR,Bercy Arena,1941588,PASS Ruby,Person,AUS,Australia,,13.633,POINTS,,1,304
2024-08-01T20:31:09+02:00,GARW1AA---------------FNL-000001--,GARW1AA,Women's All-Around,Women's All-Around Final,Final,W,Artistic Gymnastics,GAR,Bercy Arena,1918871,OU Yushan,Person,CHN,China,,12.966,POINTS,,2,322
2024-08-01T20:31:09+02:00,GARW1AA---------------FNL-000001--,GARW1AA,Women's All-Around,Women's All-Around Final,Final,W,Artistic Gymnastics,GAR,Bercy Arena,1953620,SARAIVA Flavia,Person,BRA,Brazil,,13.633,POINTS,,3,313
2024-08-01T20:31:09+02:00,GARW1AA---------------FNL-000001--,GARW1AA,Women's All-Around,Women's All-Around Final,Final,W,Artistic Gymnastics,GAR,Bercy Arena,1919408,KISHI Rina,Person,JPN,Japan,,13.766,POINTS,,4,356
2024-08-01T20:31:09+02:00,GARW1AA---------------FNL-000001--,GARW1AA,Women's All-Around,Women's All-Around Final,Final,W,Artistic Gymnastics,GAR,Bercy Arena,1973077,BLACK Elsabeth,Person,CAN,Canada,,14.100,POINTS,,5,316
2024-08-01T20:31:09+02:00,GARW1AA---------------FNL-000001--,GARW1AA,Women's All-Around,Women's All-Around Final,Final,W,Artistic Gymnastics,GAR,Bercy Arena,1918872,QIU Qiyuan,Person,CHN,China,,13.133,POINTS,,6,323
2024-08-01T20:31:09+02:00,GARW1AA---------------FNL---------,GARW1AA,Women's All-Around,Women's All-Around Final,Final Results,W,Artistic Gymnastics,GAR,,1959861,BILES Simone,Person,USA,United States,1.0,59.131,POINTS,,,391
2024-08-01T20:31:09+02:00,GARW1AA---------------FNL---------,GARW1AA,Women's All-Around,Women's All-Around Final,Final Results,W,Artistic Gymnastics,GAR,,1953634,ANDRADE Rebeca,Person,BRA,Brazil,2.0,57.932,POINTS,1.199,,310
2024-08-01T20:31:09+02:00,GARW1AA---------------FNL---------,GARW1AA,Women's All-Around,Women's All-Around Final,Final Results,W,Artistic Gymnastics,GAR,,1959866,LEE Sunisa,Person,USA,United States,3.0,56.465,POINTS,2.666,,394
2024-08-01T20:31:09+02:00,GARW1AA---------------FNL---------,GARW1AA,Women's All-Around,Women's All-Around Final,Final Results,W,Artistic Gymnastics,GAR,,1551061,D'AMATO Alice,Person,ITA,Italy,4.0,56.333,POINTS,2.798,,352
2024-08-01T20:31:09+02:00,GARW1AA---------------FNL---------,GARW1AA,Women's All-Around,Women's All-Around Final,Final Results,W,Artistic Gymnastics,GAR,,1545688,NEMOUR Kaylia,Person,ALG,Algeria,5.0,55.899,POINTS,3.232,,301
2024-08-01T20:31:09+02:00,GARW1AA---------------FNL---------,GARW1AA,Women's All-Around,Women's All-Around Final,Final Results,W,Artistic Gymnastics,GAR,,1973077,BLACK Elsabeth,Person,CAN,Canada,6.0,54.799,POINTS,4.332,,316
2024-08-01T20:31:09+02:00,GARW1AA---------------FNL---------,GARW1AA,Women's All-Around,Women's All-Around Final,Final Results,W,Artistic Gymnastics,GAR,,1918872,QIU Qiyuan,Person,CHN,China,7.0,54.766,POINTS,4.365,,323
2024-08-01T20:31:09+02:00,GARW1AA---------------FNL---------,GARW1AA,Women's All-Around,Women's All-Around Final,Final Results,W,Artistic Gymnastics,GAR,,1896215,KEVRIC Helen,Person,GER,Germany,8.0,54.598,POINTS,4.533,,342
2024-08-01T20:31:09+02:00,GARW1AA---------------FNL---------,GARW1AA,Women's All-Around,Women's All-Around Final,Final Results,W,Artistic Gymnastics,GAR,,1953620,SARAIVA Flavia,Person,BRA,Brazil,9.0,54.032,POINTS,5.099,,313
2024-08-01T20:31:09+02:00,GARW1AA---------------FNL---------,GARW1AA,Women's All-Around,Women's All-Around Final,Final Results,W,Artistic Gymnastics,GAR,,1970190,VISSER Naomi,Person,NED,Netherlands,10.0,53.965,POINTS,5.166,,371
2024-08-01T20:31:09+02:00,GARW1AA---------------FNL---------,GARW1AA,Women's All-Around,Women's All-Around Final,Final Results,W,Artistic Gymnastics,GAR,,1919408,KISHI Rina,Person,JPN,Japan,11.0,53.965,POINTS,5.166,,356
2024-08-01T20:31:09+02:00,GARW1AA---------------FNL---------,GARW1AA,Women's All-Around,Women's All-Around Final,Final Results,W,Artistic Gymnastics,GAR,,1956517,KINSELLA Alice,Person,GBR,Great Britain,12.0,53.799,POINTS,5.332,,340
2024-08-01T20:31:09+02:00,GARW1AA---------------FNL---------,GARW1AA,Women's All-Around,Women's All-Around Final,Final Results,W,Artistic Gymnastics,GAR,,1941588,PASS Ruby,Person,AUS,Australia,13.0,53.798,POINTS,5.333,,304
2024-08-01T20:31:09+02:00,GARW1AA---------------FNL---------,GARW1AA,Women's All-Around,Women's All-Around Final,Final Results,W,Artistic Gymnastics,GAR,,1560762,ESPOSITO Manila,Person,ITA,Italy,14.0,53.599,POINTS,5.532,,353
2024-08-01T20:31:09+02:00,GARW1AA---------------FNL---------,GARW1AA,Women's All-Around,Women's All-Around Final,Final Results,W,Artistic Gymnastics,GAR,,1919365,NAKAMURA Haruka,Person,JPN,Japan,15.0,53.099,POINTS,6.032,,358
2024-08-01T20:31:09+02:00,GARW1AA---------------FNL---------,GARW1AA,Women's All-Around,Women's All-Around Final,Final Results,W,Artistic Gymnastics,GAR,,1918871,OU Yushan,Person,CHN,China,16.0,52.898,POINTS,6.233,,322
2024-08-01T20:31:09+02:00,GARW1AA---------------FNL---------,GARW1AA,Women's All-Around,Women's All-Around Final,Final Results,W,Artistic Gymnastics,GAR,,1550170,BARBOSU Ana,Person,ROU,Romania,17.0,52.465,POINTS,6.666,,381
2024-08-01T20:31:09+02:00,GARW1AA---------------FNL---------,GARW1AA,Women's All-Around,Women's All-Around Final,Final Results,W,Artistic Gymnastics,GAR,,1904732,FENTON Georgia-Mae,Person,GBR,Great Britain,18.0,51.766,POINTS,7.365,,339
2024-08-01T20:31:09+02:00,GARW1AA---------------FNL---------,GARW1AA,Women's All-Around,Women's All-Around Final,Final Results,W,Artistic Gymnastics,GAR,,1973123,STEWART Ava,Person,CAN,Canada,19.0,51.632,POINTS,7.499,,319
2024-08-01T20:31:09+02:00,GARW1AA---------------FNL---------,GARW1AA,Women's All-Around,Women's All-Around Final,Final Results,W,Artistic Gymnastics,GAR,,1938926,MARTINS Filipa,Person,POR,Portugal,20.0,51.232,POINTS,7.899,,379
2024-08-01T20:31:09+02:00,GARW1AA---------------FNL---------,GARW1AA,Women's All-Around,Women's All-Around Final,Final Results,W,Artistic Gymnastics,GAR,,1895146,CZIFRA Bettina Lili,Person,HUN,Hungary,21.0,51.099,POINTS,8.032,,347
2024-08-01T20:31:09+02:00,GARW1AA---------------FNL---------,GARW1AA,Women's All-Around,Women's All-Around Final,Final Results,W,Artistic Gymnastics,GAR,,1550176,GHIGOARTA Amalia,Person,ROU,Romania,22.0,50.732,POINTS,8.399,,383
2024-08-01T20:31:09+02:00,GARW1AA---------------FNL---------,GARW1AA,Women's All-Around,Women's All-Around Final,Final Results,W,Artistic Gymnastics,GAR,,1535310,BLANCO Luisa,Person,COL,Colombia,23.0,50.199,POINTS,8.932,,326
2024-08-01T20:31:09+02:00,GARW1AA---------------FNL---------,GARW1AA,Women's All-Around,Women's All-Around Final,Final Results,W,Artistic Gymnastics,GAR,,1896184,VOSS Sarah,Person,GER,Germany,24.0,49.999,POINTS,9.132,,344
2024-08-05T13:26:31+02:00,GARW1APBB-------------FNL-000001--,GARW1APBB,Women's Balance Beam,Women's Balance Beam Final,Final,W,Artistic Gymnastics,GAR,Bercy Arena,1551061,D'AMATO Alice,Person,ITA,Italy,1.0,14.366,POINTS,,6,352
2024-08-05T13:26:31+02:00,GARW1APBB-------------FNL-000001--,GARW1APBB,Women's Balance Beam,Women's Balance Beam Final,Final,W,Artistic Gymnastics,GAR,Bercy Arena,1918881,ZHOU Yaqin,Person,CHN,China,2.0,14.100,POINTS,0.266,1,325
2024-08-05T13:26:31+02:00,GARW1APBB-------------FNL-000001--,GARW1APBB,Women's Balance Beam,Women's Balance Beam Final,Final,W,Artistic Gymnastics,GAR,Bercy Arena,1560762,ESPOSITO Manila,Person,ITA,Italy,3.0,14.000,POINTS,0.366,4,353
2024-08-05T13:26:31+02:00,GARW1APBB-------------FNL-000001--,GARW1APBB,Women's Balance Beam,Women's Balance Beam Final,Final,W,Artistic Gymnastics,GAR,Bercy Arena,1953634,ANDRADE Rebeca,Person,BRA,Brazil,4.0,13.933,POINTS,0.433,8,310
2024-08-05T13:26:31+02:00,GARW1APBB-------------FNL-000001--,GARW1APBB,Women's Balance Beam,Women's Balance Beam Final,Final,W,Artistic Gymnastics,GAR,Bercy Arena,1959861,BILES Simone,Person,USA,United States,5.0,13.100,POINTS,1.266,7,391
2024-08-05T13:26:31+02:00,GARW1APBB-------------FNL-000001--,GARW1APBB,Women's Balance Beam,Women's Balance Beam Final,Final,W,Artistic Gymnastics,GAR,Bercy Arena,1959866,LEE Sunisa,Person,USA,United States,6.0,13.100,POINTS,1.266,2,394
2024-08-05T13:26:31+02:00,GARW1APBB-------------FNL-000001--,GARW1APBB,Women's Balance Beam,Women's Balance Beam Final,Final,W,Artistic Gymnastics,GAR,Bercy Arena,1953626,SOARES Julia,Person,BRA,Brazil,7.0,12.333,POINTS,2.033,3,314
2024-08-05T13:26:31+02:00,GARW1APBB-------------FNL-000001--,GARW1APBB,Women's Balance Beam,Women's Balance Beam Final,Final,W,Artistic Gymnastics,GAR,Bercy Arena,1550186,MANECA-VOINEA Sabrina,Person,ROU,Romania,8.0,11.733,POINTS,2.633,5,384
2024-08-05T13:26:31+02:00,GARW1APBB-------------FNL-000001--,GARW1APBB,Women's Balance Beam,Women's Balance Beam Final,Final,W,Artistic Gymnastics,GAR,Bercy Arena,1970200,WEVERS Sanne,Person,NED,Netherlands,,,NO_SCORE,,9,373
2024-08-05T13:26:31+02:00,GARW1APBB-------------FNL-000001--,GARW1APBB,Women's Balance Beam,Women's Balance Beam Final,Final,W,Artistic Gymnastics,GAR,Bercy Arena,1903489,BOYER Marine,Person,FRA,France,,,NO_SCORE,,10,332
2024-08-05T13:26:31+02:00,GARW1APBB-------------FNL-000001--,GARW1APBB,Women's Balance Beam,Women's Balance Beam Final,Final,W,Artistic Gymnastics,GAR,Bercy Arena,1918870,LUO Huan,Person,CHN,China,,,NO_SCORE,,11,321
2024-08-05T15:35:36+02:00,GARW1APFX-------------FNL-000001--,GARW1APFX,Women's Floor Exercise,Women's Floor Exercise Final,Final,W,Artistic Gymnastics,GAR,Bercy Arena,1953634,ANDRADE Rebeca,Person,BRA,Brazil,1.0,14.166,POINTS,,2,310
2024-08-05T15:35:36+02:00,GARW1APFX-------------FNL-000001--,GARW1APFX,Women's Floor Exercise,Women's Floor Exercise Final,Final,W,Artistic Gymnastics,GAR,Bercy Arena,1959861,BILES Simone,Person,USA,United States,2.0,14.133,POINTS,0.033,7,391
2024-08-05T15:35:36+02:00,GARW1APFX-------------FNL-000001--,GARW1APFX,Women's Floor Exercise,Women's Floor Exercise Final,Final,W,Artistic Gymnastics,GAR,Bercy Arena,1959825,CHILES Jordan,Person,USA,United States,3.0,13.766,POINTS,0.400,9,393
2024-08-05T15:35:36+02:00,GARW1APFX-------------FNL-000001--,GARW1APFX,Women's Floor Exercise,Women's Floor Exercise Final,Final,W,Artistic Gymnastics,GAR,Bercy Arena,1550170,BARBOSU Ana,Person,ROU,Romania,4.0,13.700,POINTS,0.466,5,381
2024-08-05T15:35:36+02:00,GARW1APFX-------------FNL-000001--,GARW1APFX,Women's Floor Exercise,Women's Floor Exercise Final,Final,W,Artistic Gymnastics,GAR,Bercy Arena,1550186,MANECA-VOINEA Sabrina,Person,ROU,Romania,5.0,13.700,POINTS,0.466,8,384
2024-08-05T15:35:36+02:00,GARW1APFX-------------FNL-000001--,GARW1APFX,Women's Floor Exercise,Women's Floor Exercise Final,Final,W,Artistic Gymnastics,GAR,Bercy Arena,1551061,D'AMATO Alice,Person,ITA,Italy,6.0,13.600,POINTS,0.566,6,352
2024-08-05T15:35:36+02:00,GARW1APFX-------------FNL-000001--,GARW1APFX,Women's Floor Exercise,Women's Floor Exercise Final,Final,W,Artistic Gymnastics,GAR,Bercy Arena,1919408,KISHI Rina,Person,JPN,Japan,7.0,13.166,POINTS,1.000,4,356
2024-08-05T15:35:36+02:00,GARW1APFX-------------FNL-000001--,GARW1APFX,Women's Floor Exercise,Women's Floor Exercise Final,Final,W,Artistic Gymnastics,GAR,Bercy Arena,1918871,OU Yushan,Person,CHN,China,8.0,13.000,POINTS,1.166,3,322
2024-08-05T15:35:36+02:00,GARW1APFX-------------FNL-000001--,GARW1APFX,Women's Floor Exercise,Women's Floor Exercise Final,Final,W,Artistic Gymnastics,GAR,Bercy Arena,1560762,ESPOSITO Manila,Person,ITA,Italy,9.0,12.133,POINTS,2.033,1,353
2024-08-05T15:35:36+02:00,GARW1APFX-------------FNL-000001--,GARW1APFX,Women's Floor Exercise,Women's Floor Exercise Final,Final,W,Artistic Gymnastics,GAR,Bercy Arena,1918878,ZHANG Yihan,Person,CHN,China,,,NO_SCORE,,10,324
2024-08-05T15:35:36+02:00,GARW1APFX-------------FNL-000001--,GARW1APFX,Women's Floor Exercise,Women's Floor Exercise Final,Final,W,Artistic Gymnastics,GAR,Bercy Arena,1953626,SOARES Julia,Person,BRA,Brazil,,,NO_SCORE,,11,314
2024-08-05T15:35:36+02:00,GARW1APFX-------------FNL-000001--,GARW1APFX,Women's Floor Exercise,Women's Floor Exercise Final,Final,W,Artistic Gymnastics,GAR,Bercy Arena,1953624,BARBOSA Jade,Person,BRA,Brazil,,,NO_SCORE,,12,311
2024-08-05T15:35:36+02:00,GARW1APFX-------------FNL-000001--,GARW1APFX,Women's Floor Exercise,Women's Floor Exercise Final,Final,W,Artistic Gymnastics,GAR,Bercy Arena,1560761,ANDREOLI Angela,Person,ITA,Italy,,,NO_SCORE,,13,351
2024-08-05T15:35:36+02:00,GARW1APFX-------------FNL-000001--,GARW1APFX,Women's Floor Exercise,Women's Floor Exercise Final,Final,W,Artistic Gymnastics,GAR,Bercy Arena,1918881,ZHOU Yaqin,Person,CHN,China,,,NO_SCORE,,14,325
2024-08-05T15:35:36+02:00,GARW1APFX-------------FNL-000001--,GARW1APFX,Women's Floor Exercise,Women's Floor Exercise Final,Final,W,Artistic Gymnastics,GAR,Bercy Arena,1973077,BLACK Elsabeth,Person,CAN,Canada,,,NO_SCORE,,15,316
2024-07-30T20:24:44+02:00,GARWTEAM--------------FNL-000001--,GARWTEAM,Women's Team,Women's Team Final,Final,W,Artistic Gymnastics,GAR,Bercy Arena,GARWTEAM----USA01,United States of America,Team,USA,United States,,44.100,POINTS,,1,
2024-07-30T20:24:44+02:00,GARWTEAM--------------FNL-000001--,GARWTEAM,Women's Team,Women's Team Final,Final,W,Artistic Gymnastics,GAR,Bercy Arena,GARWTEAM----ITA01,Italy,Team,ITA,Italy,,41.665,POINTS,,2,
2024-07-30T20:24:44+02:00,GARWTEAM--------------FNL-000001--,GARWTEAM,Women's Team,Women's Team Final,Final,W,Artistic Gymnastics,GAR,Bercy Arena,GARWTEAM----ROU01,Romania,Team,ROU,Romania,,40.999,POINTS,,3,
2024-07-30T20:24:44+02:00,GARWTEAM--------------FNL-000001--,GARWTEAM,Women's Team,Women's Team Final,Final,W,Artistic Gymnastics,GAR,Bercy Arena,GARWTEAM----GBR01,Great Britain,Team,GBR,Great Britain,,41.732,POINTS,,4,
2024-07-30T20:24:44+02:00,GARWTEAM--------------FNL-000001--,GARWTEAM,Women's Team,Women's Team Final,Final,W,Artistic Gymnastics,GAR,Bercy Arena,GARWTEAM----JPN01,Japan,Team,JPN,Japan,,40.765,POINTS,,5,
2024-07-30T20:24:44+02:00,GARWTEAM--------------FNL-000001--,GARWTEAM,Women's Team,Women's Team Final,Final,W,Artistic Gymnastics,GAR,Bercy Arena,GARWTEAM----CAN01,Canada,Team,CAN,Canada,,41.866,POINTS,,6,
2024-07-30T20:24:44+02:00,GARWTEAM--------------FNL-000001--,GARWTEAM,Women's Team,Women's Team Final,Final,W,Artistic Gymnastics,GAR,Bercy Arena,GARWTEAM----BRA01,Brazil,Team,BRA,Brazil,,42.366,POINTS,,7,
2024-07-30T20:24:44+02:00,GARWTEAM--------------FNL-000001--,GARWTEAM,Women's Team,Women's Team Final,Final,W,Artistic Gymnastics,GAR,Bercy Arena,GARWTEAM----CHN01,People's Republic of China,Team,CHN,China,,39.999,POINTS,,8,
2024-07-30T20:24:44+02:00,GARWTEAM--------------FNL---------,GARWTEAM,Women's Team,Women's Team Final,Final Results,W,Artistic Gymnastics,GAR,,GARWTEAM----USA01,United States of America,Team,USA,United States,1.0,171.296,POINTS,,,391
2024-07-30T20:24:44+02:00,GARWTEAM--------------FNL---------,GARWTEAM,Women's Team,Women's Team Final,Final Results,W,Artistic Gymnastics,GAR,,GARWTEAM----ITA01,Italy,Team,ITA,Italy,2.0,165.494,POINTS,5.802,,351
2024-07-30T20:24:44+02:00,GARWTEAM--------------FNL---------,GARWTEAM,Women's Team,Women's Team Final,Final Results,W,Artistic Gymnastics,GAR,,GARWTEAM----BRA01,Brazil,Team,BRA,Brazil,3.0,164.497,POINTS,6.799,,310
2024-07-30T20:24:44+02:00,GARWTEAM--------------FNL---------,GARWTEAM,Women's Team,Women's Team Final,Final Results,W,Artistic Gymnastics,GAR,,GARWTEAM----GBR01,Great Britain,Team,GBR,Great Britain,4.0,164.263,POINTS,7.033,,337
2024-07-30T20:24:44+02:00,GARWTEAM--------------FNL---------,GARWTEAM,Women's Team,Women's Team Final,Final Results,W,Artistic Gymnastics,GAR,,GARWTEAM----CAN01,Canada,Team,CAN,Canada,5.0,162.432,POINTS,8.864,,316
2024-07-30T20:24:44+02:00,GARWTEAM--------------FNL---------,GARWTEAM,Women's Team,Women's Team Final,Final Results,W,Artistic Gymnastics,GAR,,GARWTEAM----CHN01,People's Republic of China,Team,CHN,China,6.0,162.131,POINTS,9.165,,321
2024-07-30T20:24:44+02:00,GARWTEAM--------------FNL---------,GARWTEAM,Women's Team,Women's Team Final,Final Results,W,Artistic Gymnastics,GAR,,GARWTEAM----ROU01,Romania,Team,ROU,Romania,7.0,159.497,POINTS,11.799,,381
2024-07-30T20:24:44+02:00,GARWTEAM--------------FNL---------,GARWTEAM,Women's Team,Women's Team Final,Final Results,W,Artistic Gymnastics,GAR,,GARWTEAM----JPN01,Japan,Team,JPN,Japan,8.0,159.463,POINTS,11.833,,356
2024-08-04T16:17:08+02:00,GARW1APUB-------------FNL-000001--,GARW1APUB,Women's Uneven Bars,Women's Uneven Bars Final,Final,W,Artistic Gymnastics,GAR,Bercy Arena,1545688,NEMOUR Kaylia,Person,ALG,Algeria,1.0,15.700,POINTS,,6,301
2024-08-04T16:17:08+02:00,GARW1APUB-------------FNL-000001--,GARW1APUB,Women's Uneven Bars,Women's Uneven Bars Final,Final,W,Artistic Gymnastics,GAR,Bercy Arena,1918872,QIU Qiyuan,Person,CHN,China,2.0,15.500,POINTS,0.200,5,323
2024-08-04T16:17:08+02:00,GARW1APUB-------------FNL-000001--,GARW1APUB,Women's Uneven Bars,Women's Uneven Bars Final,Final,W,Artistic Gymnastics,GAR,Bercy Arena,1959866,LEE Sunisa,Person,USA,United States,3.0,14.800,POINTS,0.900,8,394
2024-08-04T16:17:08+02:00,GARW1APUB-------------FNL-000001--,GARW1APUB,Women's Uneven Bars,Women's Uneven Bars Final,Final,W,Artistic Gymnastics,GAR,Bercy Arena,1903194,DERWAEL Nina,Person,BEL,Belgium,4.0,14.766,POINTS,0.934,3,309
2024-08-04T16:17:08+02:00,GARW1APUB-------------FNL-000001--,GARW1APUB,Women's Uneven Bars,Women's Uneven Bars Final,Final,W,Artistic Gymnastics,GAR,Bercy Arena,1551061,D'AMATO Alice,Person,ITA,Italy,5.0,14.733,POINTS,0.967,2,352
2024-08-04T16:17:08+02:00,GARW1APUB-------------FNL-000001--,GARW1APUB,Women's Uneven Bars,Women's Uneven Bars Final,Final,W,Artistic Gymnastics,GAR,Bercy Arena,1896215,KEVRIC Helen,Person,GER,Germany,6.0,14.566,POINTS,1.134,7,342
2024-08-04T16:17:08+02:00,GARW1APUB-------------FNL-000001--,GARW1APUB,Women's Uneven Bars,Women's Uneven Bars Final,Final,W,Artistic Gymnastics,GAR,Bercy Arena,1904730,DOWNIE Rebecca,Person,GBR,Great Britain,7.0,13.633,POINTS,2.067,4,337
2024-08-04T16:17:08+02:00,GARW1APUB-------------FNL-000001--,GARW1APUB,Women's Uneven Bars,Women's Uneven Bars Final,Final,W,Artistic Gymnastics,GAR,Bercy Arena,1918878,ZHANG Yihan,Person,CHN,China,8.0,12.800,POINTS,2.900,1,324
2024-08-04T16:17:08+02:00,GARW1APUB-------------FNL-000001--,GARW1APUB,Women's Uneven Bars,Women's Uneven Bars Final,Final,W,Artistic Gymnastics,GAR,Bercy Arena,1959861,BILES Simone,Person,USA,United States,,,NO_SCORE,,9,391
2024-08-04T16:17:08+02:00,GARW1APUB-------------FNL-000001--,GARW1APUB,Women's Uneven Bars,Women's Uneven Bars Final,Final,W,Artistic Gymnastics,GAR,Bercy Arena,1953634,ANDRADE Rebeca,Person,BRA,Brazil,,,NO_SCORE,,10,310
2024-08-04T16:17:08+02:00,GARW1APUB-------------FNL-000001--,GARW1APUB,Women's Uneven Bars,Women's Uneven Bars Final,Final,W,Artistic Gymnastics,GAR,Bercy Arena,1970191,VEERMAN Sanna,Person,NED,Netherlands,,,NO_SCORE,,11,370
2024-08-03T17:20:41+02:00,GARW1APVT-------------FNL-000001--,GARW1APVT,Women's Vault,Women's Vault Final,Final,W,Artistic Gymnastics,GAR,Bercy Arena,1959861,BILES Simone,Person,USA,United States,1.0,15.300,POINTS,,4,391
2024-08-03T17:20:41+02:00,GARW1APVT-------------FNL-000001--,GARW1APVT,Women's Vault,Women's Vault Final,Final,W,Artistic Gymnastics,GAR,Bercy Arena,1953634,ANDRADE Rebeca,Person,BRA,Brazil,2.0,14.966,POINTS,0.334,6,310
2024-08-03T17:20:41+02:00,GARW1APVT-------------FNL-000001--,GARW1APVT,Women's Vault,Women's Vault Final,Final,W,Artistic Gymnastics,GAR,Bercy Arena,1959819,CAREY Jade,Person,USA,United States,3.0,14.466,POINTS,0.834,8,392
2024-08-03T17:20:41+02:00,GARW1APVT-------------FNL-000001--,GARW1APVT,Women's Vault,Women's Vault Final,Final,W,Artistic Gymnastics,GAR,Bercy Arena,1980135,AN Chang Ok,Person,PRK,DPR Korea,4.0,14.216,POINTS,1.084,2,380
2024-08-03T17:20:41+02:00,GARW1APVT-------------FNL-000001--,GARW1APVT,Women's Vault,Women's Vault Final,Final,W,Artistic Gymnastics,GAR,Bercy Arena,1562768,GEORGIEVA Valentina,Person,BUL,Bulgaria,5.0,13.983,POINTS,1.317,1,315
2024-08-03T17:20:41+02:00,GARW1APVT-------------FNL-000001--,GARW1APVT,Women's Vault,Women's Vault Final,Final,W,Artistic Gymnastics,GAR,Bercy Arena,1973077,BLACK Elsabeth,Person,CAN,Canada,6.0,13.933,POINTS,1.367,5,316
2024-08-03T17:20:41+02:00,GARW1APVT-------------FNL-000001--,GARW1APVT,Women's Vault,Women's Vault Final,Final,W,Artistic Gymnastics,GAR,Bercy Arena,1940564,YEO Seojeong,Person,KOR,Korea,7.0,13.416,POINTS,1.884,7,365
2024-08-03T17:20:41+02:00,GARW1APVT-------------FNL-000001--,GARW1APVT,Women's Vault,Women's Vault Final,Final,W,Artistic Gymnastics,GAR,Bercy Arena,1973106,OLSEN Shallon,Person,CAN,Canada,8.0,13.366,POINTS,1.934,3,318
2024-08-03T17:20:41+02:00,GARW1APVT-------------FNL-000001--,GARW1APVT,Women's Vault,Women's Vault Final,Final,W,Artistic Gymnastics,GAR,Bercy Arena,1959825,CHILES Jordan,Person,USA,United States,,,NO_SCORE,,9,393
2024-08-03T17:20:41+02:00,GARW1APVT-------------FNL-000001--,GARW1APVT,Women's Vault,Women's Vault Final,Final,W,Artistic Gymnastics,GAR,Bercy Arena,1535356,MORENO Alexa,Person,MEX,Mexico,,,NO_SCORE,,10,367
2024-08-03T17:20:41+02:00,GARW1APVT-------------FNL-000001--,GARW1APVT,Women's Vault,Women's Vault Final,Final,W,Artistic Gymnastics,GAR,Bercy Arena,1970870,van EIJKEN Ming,Person,FRA,France,,,NO_SCORE,,11,336
2024-08-03T17:20:41+02:00,GARW1APVT-------------FNL-000001--,GARW1APVT,Women's Vault,Women's Vault Final,Final,W,Artistic Gymnastics,GAR,Bercy Arena,1895142,BACSKAY Csenge Maria,Person,HUN,Hungary,,,NO_SCORE,,12,346
