date,stage_code,event_code,event_name,event_stage,stage,gender,discipline_name,discipline_code,venue,participant_code,participant_name,participant_type,participant_country_code,participant_country,result,result_type,result_WLT,result_IRM,start_order
2024-08-10T16:06:18+02:00,BKGMINDIVID-----------GPA-000100--,BKGMINDIVID,B-Boys,B-Boys Round Robin - Group A,Round Robin - Group A,M,Breaking,BKG,La Concorde 1,1953037,SHIGEKIX,Person,JPN,Japan,1,POINTS,,,RED
2024-08-10T16:06:18+02:00,BKGMINDIVID-----------GPA-000100--,BKGMINDIVID,B-Boys,B-Boys Round Robin - Group A,Round Robin - Group A,M,Breaking,BKG,La Concorde 1,1955590,VICTOR,Person,USA,United States,1,POINTS,,,BLUE
2024-08-10T16:12:12+02:00,BKGMINDIVID-----------GPA-000200--,BKGMINDIVID,B-Boys,B-Boys Round Robin - Group A,Round Robin - Group A,M,Breaking,BKG,La Concorde 1,1909911,LITHE-ING,Person,CHN,China,2,POINTS,,,RED
2024-08-10T16:12:12+02:00,BKGMINDIVID-----------GPA-000200--,BKGMINDIVID,B-Boys,B-Boys Round Robin - Group A,Round Robin - Group A,M,Breaking,BKG,La Concorde 1,1953036,HIRO10,Person,JPN,Japan,0,POINTS,,,BLUE
2024-08-10T16:17:33+02:00,BKGMINDIVID-----------GPB-000100--,BKGMINDIVID,B-Boys,B-Boys Round Robin - Group B,Round Robin - Group B,M,Breaking,BKG,La Concorde 1,1958888,PHIL WIZARD,Person,CAN,Canada,2,POINTS,,,RED
2024-08-10T16:17:33+02:00,BKGMINDIVID-----------GPB-000100--,BKGMINDIVID,B-Boys,B-Boys Round Robin - Group B,Round Robin - Group B,M,Breaking,BKG,La Concorde 1,1880191,DANY DANN,Person,FRA,France,0,POINTS,,,BLUE
2024-08-10T16:23:24+02:00,BKGMINDIVID-----------GPB-000200--,BKGMINDIVID,B-Boys,B-Boys Round Robin - Group B,Round Robin - Group B,M,Breaking,BKG,La Concorde 1,1940105,J ATTACK,Person,AUS,Australia,0,POINTS,,,RED
2024-08-10T16:23:24+02:00,BKGMINDIVID-----------GPB-000200--,BKGMINDIVID,B-Boys,B-Boys Round Robin - Group B,Round Robin - Group B,M,Breaking,BKG,La Concorde 1,1897536,KUZYA,Person,UKR,Ukraine,2,POINTS,,,BLUE
2024-08-10T16:29:27+02:00,BKGMINDIVID-----------GPC-000100--,BKGMINDIVID,B-Boys,B-Boys Round Robin - Group C,Round Robin - Group C,M,Breaking,BKG,La Concorde 1,1955589,JEFFRO,Person,USA,United States,2,POINTS,,,RED
2024-08-10T16:29:27+02:00,BKGMINDIVID-----------GPC-000100--,BKGMINDIVID,B-Boys,B-Boys Round Robin - Group C,Round Robin - Group C,M,Breaking,BKG,La Concorde 1,1880193,LAGAET,Person,FRA,France,0,POINTS,,,BLUE
2024-08-10T16:35:59+02:00,BKGMINDIVID-----------GPC-000200--,BKGMINDIVID,B-Boys,B-Boys Round Robin - Group C,Round Robin - Group C,M,Breaking,BKG,La Concorde 1,1568048,HONGTEN,Person,KOR,Korea,0,POINTS,,,RED
2024-08-10T16:35:59+02:00,BKGMINDIVID-----------GPC-000200--,BKGMINDIVID,B-Boys,B-Boys Round Robin - Group C,Round Robin - Group C,M,Breaking,BKG,La Concorde 1,1965474,LEE,Person,NED,Netherlands,2,POINTS,,,BLUE
2024-08-10T16:42:24+02:00,BKGMINDIVID-----------GPD-000100--,BKGMINDIVID,B-Boys,B-Boys Round Robin - Group D,Round Robin - Group D,M,Breaking,BKG,La Concorde 1,1931298,AMIR,Person,KAZ,Kazakhstan,0,POINTS,,,RED
2024-08-10T16:42:24+02:00,BKGMINDIVID-----------GPD-000100--,BKGMINDIVID,B-Boys,B-Boys Round Robin - Group D,Round Robin - Group D,M,Breaking,BKG,La Concorde 1,1965473,MENNO,Person,NED,Netherlands,2,POINTS,,,BLUE
2024-08-10T16:48:17+02:00,BKGMINDIVID-----------GPD-000200--,BKGMINDIVID,B-Boys,B-Boys Round Robin - Group D,Round Robin - Group D,M,Breaking,BKG,La Concorde 1,1563335,QUAKE,Person,TPE,Chinese Taipei,2,POINTS,,,RED
2024-08-10T16:48:17+02:00,BKGMINDIVID-----------GPD-000200--,BKGMINDIVID,B-Boys,B-Boys Round Robin - Group D,Round Robin - Group D,M,Breaking,BKG,La Concorde 1,1542901,BILLY,Person,MAR,Morocco,0,POINTS,,,BLUE
2024-08-10T16:54:49+02:00,BKGMINDIVID-----------GPA-000300--,BKGMINDIVID,B-Boys,B-Boys Round Robin - Group A,Round Robin - Group A,M,Breaking,BKG,La Concorde 1,1953037,SHIGEKIX,Person,JPN,Japan,2,POINTS,,,RED
2024-08-10T16:54:49+02:00,BKGMINDIVID-----------GPA-000300--,BKGMINDIVID,B-Boys,B-Boys Round Robin - Group A,Round Robin - Group A,M,Breaking,BKG,La Concorde 1,1953036,HIRO10,Person,JPN,Japan,0,POINTS,,,BLUE
2024-08-10T17:00:35+02:00,BKGMINDIVID-----------GPA-000400--,BKGMINDIVID,B-Boys,B-Boys Round Robin - Group A,Round Robin - Group A,M,Breaking,BKG,La Concorde 1,1955590,VICTOR,Person,USA,United States,2,POINTS,,,RED
2024-08-10T17:00:35+02:00,BKGMINDIVID-----------GPA-000400--,BKGMINDIVID,B-Boys,B-Boys Round Robin - Group A,Round Robin - Group A,M,Breaking,BKG,La Concorde 1,1909911,LITHE-ING,Person,CHN,China,0,POINTS,,,BLUE
2024-08-10T17:06:06+02:00,BKGMINDIVID-----------GPB-000300--,BKGMINDIVID,B-Boys,B-Boys Round Robin - Group B,Round Robin - Group B,M,Breaking,BKG,La Concorde 1,1958888,PHIL WIZARD,Person,CAN,Canada,1,POINTS,,,RED
2024-08-10T17:06:06+02:00,BKGMINDIVID-----------GPB-000300--,BKGMINDIVID,B-Boys,B-Boys Round Robin - Group B,Round Robin - Group B,M,Breaking,BKG,La Concorde 1,1897536,KUZYA,Person,UKR,Ukraine,1,POINTS,,,BLUE
2024-08-10T17:12:23+02:00,BKGMINDIVID-----------GPB-000400--,BKGMINDIVID,B-Boys,B-Boys Round Robin - Group B,Round Robin - Group B,M,Breaking,BKG,La Concorde 1,1880191,DANY DANN,Person,FRA,France,2,POINTS,,,RED
2024-08-10T17:12:23+02:00,BKGMINDIVID-----------GPB-000400--,BKGMINDIVID,B-Boys,B-Boys Round Robin - Group B,Round Robin - Group B,M,Breaking,BKG,La Concorde 1,1940105,J ATTACK,Person,AUS,Australia,0,POINTS,,,BLUE
2024-08-10T17:18:23+02:00,BKGMINDIVID-----------GPC-000300--,BKGMINDIVID,B-Boys,B-Boys Round Robin - Group C,Round Robin - Group C,M,Breaking,BKG,La Concorde 1,1955589,JEFFRO,Person,USA,United States,2,POINTS,,,RED
2024-08-10T17:18:23+02:00,BKGMINDIVID-----------GPC-000300--,BKGMINDIVID,B-Boys,B-Boys Round Robin - Group C,Round Robin - Group C,M,Breaking,BKG,La Concorde 1,1965474,LEE,Person,NED,Netherlands,0,POINTS,,,BLUE
2024-08-10T17:25:05+02:00,BKGMINDIVID-----------GPC-000400--,BKGMINDIVID,B-Boys,B-Boys Round Robin - Group C,Round Robin - Group C,M,Breaking,BKG,La Concorde 1,1880193,LAGAET,Person,FRA,France,1,POINTS,,,RED
2024-08-10T17:25:05+02:00,BKGMINDIVID-----------GPC-000400--,BKGMINDIVID,B-Boys,B-Boys Round Robin - Group C,Round Robin - Group C,M,Breaking,BKG,La Concorde 1,1568048,HONGTEN,Person,KOR,Korea,1,POINTS,,,BLUE
2024-08-10T17:30:50+02:00,BKGMINDIVID-----------GPD-000300--,BKGMINDIVID,B-Boys,B-Boys Round Robin - Group D,Round Robin - Group D,M,Breaking,BKG,La Concorde 1,1931298,AMIR,Person,KAZ,Kazakhstan,2,POINTS,,,RED
2024-08-10T17:30:50+02:00,BKGMINDIVID-----------GPD-000300--,BKGMINDIVID,B-Boys,B-Boys Round Robin - Group D,Round Robin - Group D,M,Breaking,BKG,La Concorde 1,1542901,BILLY,Person,MAR,Morocco,0,POINTS,,,BLUE
2024-08-10T17:36:27+02:00,BKGMINDIVID-----------GPD-000400--,BKGMINDIVID,B-Boys,B-Boys Round Robin - Group D,Round Robin - Group D,M,Breaking,BKG,La Concorde 1,1965473,MENNO,Person,NED,Netherlands,2,POINTS,,,RED
2024-08-10T17:36:27+02:00,BKGMINDIVID-----------GPD-000400--,BKGMINDIVID,B-Boys,B-Boys Round Robin - Group D,Round Robin - Group D,M,Breaking,BKG,La Concorde 1,1563335,QUAKE,Person,TPE,Chinese Taipei,0,POINTS,,,BLUE
2024-08-10T17:42:50+02:00,BKGMINDIVID-----------GPA-000500--,BKGMINDIVID,B-Boys,B-Boys Round Robin - Group A,Round Robin - Group A,M,Breaking,BKG,La Concorde 1,1909911,LITHE-ING,Person,CHN,China,1,POINTS,,,RED
2024-08-10T17:42:50+02:00,BKGMINDIVID-----------GPA-000500--,BKGMINDIVID,B-Boys,B-Boys Round Robin - Group A,Round Robin - Group A,M,Breaking,BKG,La Concorde 1,1953037,SHIGEKIX,Person,JPN,Japan,1,POINTS,,,BLUE
2024-08-10T17:48:42+02:00,BKGMINDIVID-----------GPA-000600--,BKGMINDIVID,B-Boys,B-Boys Round Robin - Group A,Round Robin - Group A,M,Breaking,BKG,La Concorde 1,1953036,HIRO10,Person,JPN,Japan,0,POINTS,,,RED
2024-08-10T17:48:42+02:00,BKGMINDIVID-----------GPA-000600--,BKGMINDIVID,B-Boys,B-Boys Round Robin - Group A,Round Robin - Group A,M,Breaking,BKG,La Concorde 1,1955590,VICTOR,Person,USA,United States,2,POINTS,,,BLUE
2024-08-10T17:55:10+02:00,BKGMINDIVID-----------GPB-000500--,BKGMINDIVID,B-Boys,B-Boys Round Robin - Group B,Round Robin - Group B,M,Breaking,BKG,La Concorde 1,1940105,J ATTACK,Person,AUS,Australia,0,POINTS,,,RED
2024-08-10T17:55:10+02:00,BKGMINDIVID-----------GPB-000500--,BKGMINDIVID,B-Boys,B-Boys Round Robin - Group B,Round Robin - Group B,M,Breaking,BKG,La Concorde 1,1958888,PHIL WIZARD,Person,CAN,Canada,2,POINTS,,,BLUE
2024-08-10T18:01:29+02:00,BKGMINDIVID-----------GPB-000600--,BKGMINDIVID,B-Boys,B-Boys Round Robin - Group B,Round Robin - Group B,M,Breaking,BKG,La Concorde 1,1897536,KUZYA,Person,UKR,Ukraine,0,POINTS,,,RED
2024-08-10T18:01:29+02:00,BKGMINDIVID-----------GPB-000600--,BKGMINDIVID,B-Boys,B-Boys Round Robin - Group B,Round Robin - Group B,M,Breaking,BKG,La Concorde 1,1880191,DANY DANN,Person,FRA,France,2,POINTS,,,BLUE
2024-08-10T18:07:53+02:00,BKGMINDIVID-----------GPC-000500--,BKGMINDIVID,B-Boys,B-Boys Round Robin - Group C,Round Robin - Group C,M,Breaking,BKG,La Concorde 1,1568048,HONGTEN,Person,KOR,Korea,1,POINTS,,,RED
2024-08-10T18:07:53+02:00,BKGMINDIVID-----------GPC-000500--,BKGMINDIVID,B-Boys,B-Boys Round Robin - Group C,Round Robin - Group C,M,Breaking,BKG,La Concorde 1,1955589,JEFFRO,Person,USA,United States,1,POINTS,,,BLUE
2024-08-10T18:14:06+02:00,BKGMINDIVID-----------GPC-000600--,BKGMINDIVID,B-Boys,B-Boys Round Robin - Group C,Round Robin - Group C,M,Breaking,BKG,La Concorde 1,1965474,LEE,Person,NED,Netherlands,2,POINTS,,,RED
2024-08-10T18:14:06+02:00,BKGMINDIVID-----------GPC-000600--,BKGMINDIVID,B-Boys,B-Boys Round Robin - Group C,Round Robin - Group C,M,Breaking,BKG,La Concorde 1,1880193,LAGAET,Person,FRA,France,0,POINTS,,,BLUE
2024-08-10T18:21:05+02:00,BKGMINDIVID-----------GPD-000500--,BKGMINDIVID,B-Boys,B-Boys Round Robin - Group D,Round Robin - Group D,M,Breaking,BKG,La Concorde 1,1563335,QUAKE,Person,TPE,Chinese Taipei,0,POINTS,,,RED
2024-08-10T18:21:05+02:00,BKGMINDIVID-----------GPD-000500--,BKGMINDIVID,B-Boys,B-Boys Round Robin - Group D,Round Robin - Group D,M,Breaking,BKG,La Concorde 1,1931298,AMIR,Person,KAZ,Kazakhstan,2,POINTS,,,BLUE
2024-08-10T18:27:16+02:00,BKGMINDIVID-----------GPD-000600--,BKGMINDIVID,B-Boys,B-Boys Round Robin - Group D,Round Robin - Group D,M,Breaking,BKG,La Concorde 1,1542901,BILLY,Person,MAR,Morocco,0,POINTS,,,RED
2024-08-10T18:27:16+02:00,BKGMINDIVID-----------GPD-000600--,BKGMINDIVID,B-Boys,B-Boys Round Robin - Group D,Round Robin - Group D,M,Breaking,BKG,La Concorde 1,1965473,MENNO,Person,NED,Netherlands,2,POINTS,,,BLUE
2024-08-10T20:06:35+02:00,BKGMINDIVID-----------QFNL000100--,BKGMINDIVID,B-Boys,B-Boys Quarterfinal 1,Quarterfinal 1,M,Breaking,BKG,La Concorde 1,1880191,DANY DANN,Person,FRA,France,2,POINTS,W,,RED
2024-08-10T20:06:35+02:00,BKGMINDIVID-----------QFNL000100--,BKGMINDIVID,B-Boys,B-Boys Quarterfinal 1,Quarterfinal 1,M,Breaking,BKG,La Concorde 1,1955589,JEFFRO,Person,USA,United States,1,POINTS,L,,BLUE
2024-08-10T20:14:42+02:00,BKGMINDIVID-----------QFNL000200--,BKGMINDIVID,B-Boys,B-Boys Quarterfinal 2,Quarterfinal 2,M,Breaking,BKG,La Concorde 1,1931298,AMIR,Person,KAZ,Kazakhstan,0,POINTS,L,,RED
2024-08-10T20:14:42+02:00,BKGMINDIVID-----------QFNL000200--,BKGMINDIVID,B-Boys,B-Boys Quarterfinal 2,Quarterfinal 2,M,Breaking,BKG,La Concorde 1,1955590,VICTOR,Person,USA,United States,3,POINTS,W,,BLUE
2024-08-10T20:23:02+02:00,BKGMINDIVID-----------QFNL000300--,BKGMINDIVID,B-Boys,B-Boys Quarterfinal 3,Quarterfinal 3,M,Breaking,BKG,La Concorde 1,1953037,SHIGEKIX,Person,JPN,Japan,3,POINTS,W,,RED
2024-08-10T20:23:02+02:00,BKGMINDIVID-----------QFNL000300--,BKGMINDIVID,B-Boys,B-Boys Quarterfinal 3,Quarterfinal 3,M,Breaking,BKG,La Concorde 1,1965473,MENNO,Person,NED,Netherlands,0,POINTS,L,,BLUE
2024-08-10T20:30:29+02:00,BKGMINDIVID-----------QFNL000400--,BKGMINDIVID,B-Boys,B-Boys Quarterfinal 4,Quarterfinal 4,M,Breaking,BKG,La Concorde 1,1965474,LEE,Person,NED,Netherlands,0,POINTS,L,,RED
2024-08-10T20:30:29+02:00,BKGMINDIVID-----------QFNL000400--,BKGMINDIVID,B-Boys,B-Boys Quarterfinal 4,Quarterfinal 4,M,Breaking,BKG,La Concorde 1,1958888,PHIL WIZARD,Person,CAN,Canada,3,POINTS,W,,BLUE
2024-08-10T20:53:54+02:00,BKGMINDIVID-----------SFNL000100--,BKGMINDIVID,B-Boys,B-Boys Semifinal 1,Semifinal 1,M,Breaking,BKG,La Concorde 1,1880191,DANY DANN,Person,FRA,France,2,POINTS,W,,RED
2024-08-10T20:53:54+02:00,BKGMINDIVID-----------SFNL000100--,BKGMINDIVID,B-Boys,B-Boys Semifinal 1,Semifinal 1,M,Breaking,BKG,La Concorde 1,1955590,VICTOR,Person,USA,United States,1,POINTS,L,,BLUE
2024-08-10T21:02:47+02:00,BKGMINDIVID-----------SFNL000200--,BKGMINDIVID,B-Boys,B-Boys Semifinal 2,Semifinal 2,M,Breaking,BKG,La Concorde 1,1953037,SHIGEKIX,Person,JPN,Japan,0,POINTS,L,,RED
2024-08-10T21:02:47+02:00,BKGMINDIVID-----------SFNL000200--,BKGMINDIVID,B-Boys,B-Boys Semifinal 2,Semifinal 2,M,Breaking,BKG,La Concorde 1,1958888,PHIL WIZARD,Person,CAN,Canada,3,POINTS,W,,BLUE
2024-08-10T21:25:43+02:00,BKGMINDIVID-----------FNL-000200--,BKGMINDIVID,B-Boys,B-Boys Bronze Medal Battle,Bronze Medal Battle,M,Breaking,BKG,La Concorde 1,1955590,VICTOR,Person,USA,United States,3,POINTS,W,,RED
2024-08-10T21:25:43+02:00,BKGMINDIVID-----------FNL-000200--,BKGMINDIVID,B-Boys,B-Boys Bronze Medal Battle,Bronze Medal Battle,M,Breaking,BKG,La Concorde 1,1953037,SHIGEKIX,Person,JPN,Japan,0,POINTS,L,,BLUE
2024-08-10T21:36:34+02:00,BKGMINDIVID-----------FNL-000100--,BKGMINDIVID,B-Boys,B-Boys Gold Medal Battle,Gold Medal Battle,M,Breaking,BKG,La Concorde 1,1880191,DANY DANN,Person,FRA,France,0,POINTS,L,,RED
2024-08-10T21:36:34+02:00,BKGMINDIVID-----------FNL-000100--,BKGMINDIVID,B-Boys,B-Boys Gold Medal Battle,Gold Medal Battle,M,Breaking,BKG,La Concorde 1,1958888,PHIL WIZARD,Person,CAN,Canada,3,POINTS,W,,BLUE
2024-08-09T16:17:39+02:00,BKGWINDIVID-----------GPB-000100--,BKGWINDIVID,B-Girls,B-Girls Round Robin - Group B,Round Robin - Group B,W,Breaking,BKG,La Concorde 1,1924559,NICKA,Person,LTU,Lithuania,1,POINTS,,,RED
2024-08-09T16:17:39+02:00,BKGWINDIVID-----------GPB-000100--,BKGWINDIVID,B-Girls,B-Girls Round Robin - Group B,Round Robin - Group B,W,Breaking,BKG,La Concorde 1,1880195,SYSSY,Person,FRA,France,1,POINTS,,,BLUE
2024-08-09T16:24:14+02:00,BKGWINDIVID-----------GPB-000200--,BKGWINDIVID,B-Girls,B-Girls Round Robin - Group B,Round Robin - Group B,W,Breaking,BKG,La Concorde 1,1955587,LOGISTX,Person,USA,United States,2,POINTS,,,RED
2024-08-09T16:24:14+02:00,BKGWINDIVID-----------GPB-000200--,BKGWINDIVID,B-Girls,B-Girls Round Robin - Group B,Round Robin - Group B,W,Breaking,BKG,La Concorde 1,1940107,RAYGUN,Person,AUS,Australia,0,POINTS,,,BLUE
2024-08-09T16:31:01+02:00,BKGWINDIVID-----------GPC-000100--,BKGWINDIVID,B-Girls,B-Girls Round Robin - Group C,Round Robin - Group C,W,Breaking,BKG,La Concorde 1,1953038,AMI,Person,JPN,Japan,2,POINTS,,,RED
2024-08-09T16:31:01+02:00,BKGWINDIVID-----------GPC-000100--,BKGWINDIVID,B-Girls,B-Girls Round Robin - Group C,Round Robin - Group C,W,Breaking,BKG,La Concorde 1,1925301,ANTI,Person,ITA,Italy,0,POINTS,,,BLUE
2024-08-09T16:37:15+02:00,BKGWINDIVID-----------GPC-000200--,BKGWINDIVID,B-Girls,B-Girls Round Robin - Group C,Round Robin - Group C,W,Breaking,BKG,La Concorde 1,1542909,ELMAMOUNY,Person,MAR,Morocco,0,POINTS,,,RED
2024-08-09T16:37:15+02:00,BKGWINDIVID-----------GPC-000200--,BKGWINDIVID,B-Girls,B-Girls Round Robin - Group C,Round Robin - Group C,W,Breaking,BKG,La Concorde 1,1909908,YING ZI,Person,CHN,China,2,POINTS,,,BLUE
2024-08-09T16:43:21+02:00,BKGWINDIVID-----------GPD-000100--,BKGWINDIVID,B-Girls,B-Girls Round Robin - Group D,Round Robin - Group D,W,Breaking,BKG,La Concorde 1,1953039,AYUMI,Person,JPN,Japan,1,POINTS,,,RED
2024-08-09T16:43:21+02:00,BKGWINDIVID-----------GPD-000100--,BKGWINDIVID,B-Girls,B-Girls Round Robin - Group D,Round Robin - Group D,W,Breaking,BKG,La Concorde 1,1897538,STEFANI,Person,UKR,Ukraine,1,POINTS,,,BLUE
2024-08-09T16:49:35+02:00,BKGWINDIVID-----------GPD-000200--,BKGWINDIVID,B-Girls,B-Girls Round Robin - Group D,Round Robin - Group D,W,Breaking,BKG,La Concorde 1,1897537,KATE,Person,UKR,Ukraine,2,POINTS,,,RED
2024-08-09T16:49:35+02:00,BKGWINDIVID-----------GPD-000200--,BKGWINDIVID,B-Girls,B-Girls Round Robin - Group D,Round Robin - Group D,W,Breaking,BKG,La Concorde 1,1880196,CARLOTA,Person,FRA,France,0,POINTS,,,BLUE
2024-08-09T16:55:54+02:00,BKGWINDIVID-----------GPA-000100--,BKGWINDIVID,B-Girls,B-Girls Round Robin - Group A,Round Robin - Group A,W,Breaking,BKG,La Concorde 1,1909907,671,Person,CHN,China,2,POINTS,,,RED
2024-08-09T16:55:54+02:00,BKGWINDIVID-----------GPA-000100--,BKGWINDIVID,B-Girls,B-Girls Round Robin - Group A,Round Robin - Group A,W,Breaking,BKG,La Concorde 1,1955585,SUNNY,Person,USA,United States,0,POINTS,,,BLUE
2024-08-09T17:02:13+02:00,BKGWINDIVID-----------GPA-000200--,BKGWINDIVID,B-Girls,B-Girls Round Robin - Group A,Round Robin - Group A,W,Breaking,BKG,La Concorde 1,1956713,VANESSA,Person,POR,Portugal,0,POINTS,,,RED
2024-08-09T17:02:13+02:00,BKGWINDIVID-----------GPA-000200--,BKGWINDIVID,B-Girls,B-Girls Round Robin - Group A,Round Robin - Group A,W,Breaking,BKG,La Concorde 1,1965472,INDIA,Person,NED,Netherlands,2,POINTS,,,BLUE
2024-08-09T17:09:15+02:00,BKGWINDIVID-----------GPB-000300--,BKGWINDIVID,B-Girls,B-Girls Round Robin - Group B,Round Robin - Group B,W,Breaking,BKG,La Concorde 1,1924559,NICKA,Person,LTU,Lithuania,2,POINTS,,,RED
2024-08-09T17:09:15+02:00,BKGWINDIVID-----------GPB-000300--,BKGWINDIVID,B-Girls,B-Girls Round Robin - Group B,Round Robin - Group B,W,Breaking,BKG,La Concorde 1,1955587,LOGISTX,Person,USA,United States,0,POINTS,,,BLUE
2024-08-09T17:15:00+02:00,BKGWINDIVID-----------GPB-000400--,BKGWINDIVID,B-Girls,B-Girls Round Robin - Group B,Round Robin - Group B,W,Breaking,BKG,La Concorde 1,1940107,RAYGUN,Person,AUS,Australia,0,POINTS,,,RED
2024-08-09T17:15:00+02:00,BKGWINDIVID-----------GPB-000400--,BKGWINDIVID,B-Girls,B-Girls Round Robin - Group B,Round Robin - Group B,W,Breaking,BKG,La Concorde 1,1880195,SYSSY,Person,FRA,France,2,POINTS,,,BLUE
2024-08-09T17:21:14+02:00,BKGWINDIVID-----------GPC-000300--,BKGWINDIVID,B-Girls,B-Girls Round Robin - Group C,Round Robin - Group C,W,Breaking,BKG,La Concorde 1,1953038,AMI,Person,JPN,Japan,2,POINTS,,,RED
2024-08-09T17:21:14+02:00,BKGWINDIVID-----------GPC-000300--,BKGWINDIVID,B-Girls,B-Girls Round Robin - Group C,Round Robin - Group C,W,Breaking,BKG,La Concorde 1,1542909,ELMAMOUNY,Person,MAR,Morocco,0,POINTS,,,BLUE
2024-08-09T17:28:28+02:00,BKGWINDIVID-----------GPC-000400--,BKGWINDIVID,B-Girls,B-Girls Round Robin - Group C,Round Robin - Group C,W,Breaking,BKG,La Concorde 1,1909908,YING ZI,Person,CHN,China,2,POINTS,,,RED
2024-08-09T17:28:28+02:00,BKGWINDIVID-----------GPC-000400--,BKGWINDIVID,B-Girls,B-Girls Round Robin - Group C,Round Robin - Group C,W,Breaking,BKG,La Concorde 1,1925301,ANTI,Person,ITA,Italy,0,POINTS,,,BLUE
2024-08-09T17:34:37+02:00,BKGWINDIVID-----------GPD-000300--,BKGWINDIVID,B-Girls,B-Girls Round Robin - Group D,Round Robin - Group D,W,Breaking,BKG,La Concorde 1,1953039,AYUMI,Person,JPN,Japan,1,POINTS,,,RED
2024-08-09T17:34:37+02:00,BKGWINDIVID-----------GPD-000300--,BKGWINDIVID,B-Girls,B-Girls Round Robin - Group D,Round Robin - Group D,W,Breaking,BKG,La Concorde 1,1897537,KATE,Person,UKR,Ukraine,1,POINTS,,,BLUE
2024-08-09T17:40:16+02:00,BKGWINDIVID-----------GPD-000400--,BKGWINDIVID,B-Girls,B-Girls Round Robin - Group D,Round Robin - Group D,W,Breaking,BKG,La Concorde 1,1880196,CARLOTA,Person,FRA,France,0,POINTS,,,RED
2024-08-09T17:40:16+02:00,BKGWINDIVID-----------GPD-000400--,BKGWINDIVID,B-Girls,B-Girls Round Robin - Group D,Round Robin - Group D,W,Breaking,BKG,La Concorde 1,1897538,STEFANI,Person,UKR,Ukraine,2,POINTS,,,BLUE
2024-08-09T17:46:32+02:00,BKGWINDIVID-----------GPA-000300--,BKGWINDIVID,B-Girls,B-Girls Round Robin - Group A,Round Robin - Group A,W,Breaking,BKG,La Concorde 1,1909907,671,Person,CHN,China,2,POINTS,,,RED
2024-08-09T17:46:32+02:00,BKGWINDIVID-----------GPA-000300--,BKGWINDIVID,B-Girls,B-Girls Round Robin - Group A,Round Robin - Group A,W,Breaking,BKG,La Concorde 1,1956713,VANESSA,Person,POR,Portugal,0,POINTS,,,BLUE
2024-08-09T17:52:42+02:00,BKGWINDIVID-----------GPA-000400--,BKGWINDIVID,B-Girls,B-Girls Round Robin - Group A,Round Robin - Group A,W,Breaking,BKG,La Concorde 1,1965472,INDIA,Person,NED,Netherlands,2,POINTS,,,RED
2024-08-09T17:52:42+02:00,BKGWINDIVID-----------GPA-000400--,BKGWINDIVID,B-Girls,B-Girls Round Robin - Group A,Round Robin - Group A,W,Breaking,BKG,La Concorde 1,1955585,SUNNY,Person,USA,United States,0,POINTS,,,BLUE
2024-08-09T17:59:03+02:00,BKGWINDIVID-----------GPB-000500--,BKGWINDIVID,B-Girls,B-Girls Round Robin - Group B,Round Robin - Group B,W,Breaking,BKG,La Concorde 1,1940107,RAYGUN,Person,AUS,Australia,0,POINTS,,,RED
2024-08-09T17:59:03+02:00,BKGWINDIVID-----------GPB-000500--,BKGWINDIVID,B-Girls,B-Girls Round Robin - Group B,Round Robin - Group B,W,Breaking,BKG,La Concorde 1,1924559,NICKA,Person,LTU,Lithuania,2,POINTS,,,BLUE
2024-08-09T18:05:16+02:00,BKGWINDIVID-----------GPB-000600--,BKGWINDIVID,B-Girls,B-Girls Round Robin - Group B,Round Robin - Group B,W,Breaking,BKG,La Concorde 1,1955587,LOGISTX,Person,USA,United States,1,POINTS,,,RED
2024-08-09T18:05:16+02:00,BKGWINDIVID-----------GPB-000600--,BKGWINDIVID,B-Girls,B-Girls Round Robin - Group B,Round Robin - Group B,W,Breaking,BKG,La Concorde 1,1880195,SYSSY,Person,FRA,France,1,POINTS,,,BLUE
2024-08-09T18:11:55+02:00,BKGWINDIVID-----------GPC-000500--,BKGWINDIVID,B-Girls,B-Girls Round Robin - Group C,Round Robin - Group C,W,Breaking,BKG,La Concorde 1,1909908,YING ZI,Person,CHN,China,0,POINTS,,,RED
2024-08-09T18:11:55+02:00,BKGWINDIVID-----------GPC-000500--,BKGWINDIVID,B-Girls,B-Girls Round Robin - Group C,Round Robin - Group C,W,Breaking,BKG,La Concorde 1,1953038,AMI,Person,JPN,Japan,2,POINTS,,,BLUE
2024-08-09T18:17:29+02:00,BKGWINDIVID-----------GPC-000600--,BKGWINDIVID,B-Girls,B-Girls Round Robin - Group C,Round Robin - Group C,W,Breaking,BKG,La Concorde 1,1542909,ELMAMOUNY,Person,MAR,Morocco,0,POINTS,,,RED
2024-08-09T18:17:29+02:00,BKGWINDIVID-----------GPC-000600--,BKGWINDIVID,B-Girls,B-Girls Round Robin - Group C,Round Robin - Group C,W,Breaking,BKG,La Concorde 1,1925301,ANTI,Person,ITA,Italy,2,POINTS,,,BLUE
2024-08-09T18:23:34+02:00,BKGWINDIVID-----------GPD-000500--,BKGWINDIVID,B-Girls,B-Girls Round Robin - Group D,Round Robin - Group D,W,Breaking,BKG,La Concorde 1,1880196,CARLOTA,Person,FRA,France,0,POINTS,,,RED
2024-08-09T18:23:34+02:00,BKGWINDIVID-----------GPD-000500--,BKGWINDIVID,B-Girls,B-Girls Round Robin - Group D,Round Robin - Group D,W,Breaking,BKG,La Concorde 1,1953039,AYUMI,Person,JPN,Japan,2,POINTS,,,BLUE
2024-08-09T18:29:36+02:00,BKGWINDIVID-----------GPD-000600--,BKGWINDIVID,B-Girls,B-Girls Round Robin - Group D,Round Robin - Group D,W,Breaking,BKG,La Concorde 1,1897537,KATE,Person,UKR,Ukraine,1,POINTS,,,RED
2024-08-09T18:29:36+02:00,BKGWINDIVID-----------GPD-000600--,BKGWINDIVID,B-Girls,B-Girls Round Robin - Group D,Round Robin - Group D,W,Breaking,BKG,La Concorde 1,1897538,STEFANI,Person,UKR,Ukraine,1,POINTS,,,BLUE
2024-08-09T18:35:28+02:00,BKGWINDIVID-----------GPA-000500--,BKGWINDIVID,B-Girls,B-Girls Round Robin - Group A,Round Robin - Group A,W,Breaking,BKG,La Concorde 1,1965472,INDIA,Person,NED,Netherlands,2,POINTS,,,RED
2024-08-09T18:35:28+02:00,BKGWINDIVID-----------GPA-000500--,BKGWINDIVID,B-Girls,B-Girls Round Robin - Group A,Round Robin - Group A,W,Breaking,BKG,La Concorde 1,1909907,671,Person,CHN,China,0,POINTS,,,BLUE
2024-08-09T18:41:36+02:00,BKGWINDIVID-----------GPA-000600--,BKGWINDIVID,B-Girls,B-Girls Round Robin - Group A,Round Robin - Group A,W,Breaking,BKG,La Concorde 1,1956713,VANESSA,Person,POR,Portugal,0,POINTS,,,RED
2024-08-09T18:41:36+02:00,BKGWINDIVID-----------GPA-000600--,BKGWINDIVID,B-Girls,B-Girls Round Robin - Group A,Round Robin - Group A,W,Breaking,BKG,La Concorde 1,1955585,SUNNY,Person,USA,United States,2,POINTS,,,BLUE
2024-08-09T20:16:04+02:00,BKGWINDIVID-----------QFNL000200--,BKGWINDIVID,B-Girls,B-Girls Quarterfinal 2,Quarterfinal 2,W,Breaking,BKG,La Concorde 1,1953039,AYUMI,Person,JPN,Japan,1,POINTS,L,,RED
2024-08-09T20:16:04+02:00,BKGWINDIVID-----------QFNL000200--,BKGWINDIVID,B-Girls,B-Girls Quarterfinal 2,Quarterfinal 2,W,Breaking,BKG,La Concorde 1,1965472,INDIA,Person,NED,Netherlands,2,POINTS,W,,BLUE
2024-08-09T20:24:15+02:00,BKGWINDIVID-----------QFNL000300--,BKGWINDIVID,B-Girls,B-Girls Quarterfinal 3,Quarterfinal 3,W,Breaking,BKG,La Concorde 1,1909907,671,Person,CHN,China,3,POINTS,W,,RED
2024-08-09T20:24:15+02:00,BKGWINDIVID-----------QFNL000300--,BKGWINDIVID,B-Girls,B-Girls Quarterfinal 3,Quarterfinal 3,W,Breaking,BKG,La Concorde 1,1897537,KATE,Person,UKR,Ukraine,0,POINTS,L,,BLUE
2024-08-09T20:33:57+02:00,BKGWINDIVID-----------QFNL000400--,BKGWINDIVID,B-Girls,B-Girls Quarterfinal 4,Quarterfinal 4,W,Breaking,BKG,La Concorde 1,1909908,YING ZI,Person,CHN,China,0,POINTS,L,,RED
2024-08-09T20:33:57+02:00,BKGWINDIVID-----------QFNL000400--,BKGWINDIVID,B-Girls,B-Girls Quarterfinal 4,Quarterfinal 4,W,Breaking,BKG,La Concorde 1,1924559,NICKA,Person,LTU,Lithuania,3,POINTS,W,,BLUE
2024-08-09T20:34:34+02:00,BKGWINDIVID-----------QFNL000100--,BKGWINDIVID,B-Girls,B-Girls Quarterfinal 1,Quarterfinal 1,W,Breaking,BKG,La Concorde 1,1880195,SYSSY,Person,FRA,France,0,POINTS,L,,RED
2024-08-09T20:34:34+02:00,BKGWINDIVID-----------QFNL000100--,BKGWINDIVID,B-Girls,B-Girls Quarterfinal 1,Quarterfinal 1,W,Breaking,BKG,La Concorde 1,1953038,AMI,Person,JPN,Japan,3,POINTS,W,,BLUE
2024-08-09T20:55:59+02:00,BKGWINDIVID-----------SFNL000100--,BKGWINDIVID,B-Girls,B-Girls Semifinal 1,Semifinal 1,W,Breaking,BKG,La Concorde 1,1953038,AMI,Person,JPN,Japan,2,POINTS,W,,RED
2024-08-09T20:55:59+02:00,BKGWINDIVID-----------SFNL000100--,BKGWINDIVID,B-Girls,B-Girls Semifinal 1,Semifinal 1,W,Breaking,BKG,La Concorde 1,1965472,INDIA,Person,NED,Netherlands,1,POINTS,L,,BLUE
2024-08-09T21:06:06+02:00,BKGWINDIVID-----------SFNL000200--,BKGWINDIVID,B-Girls,B-Girls Semifinal 2,Semifinal 2,W,Breaking,BKG,La Concorde 1,1909907,671,Person,CHN,China,1,POINTS,L,,RED
2024-08-09T21:06:06+02:00,BKGWINDIVID-----------SFNL000200--,BKGWINDIVID,B-Girls,B-Girls Semifinal 2,Semifinal 2,W,Breaking,BKG,La Concorde 1,1924559,NICKA,Person,LTU,Lithuania,2,POINTS,W,,BLUE
2024-08-09T21:26:17+02:00,BKGWINDIVID-----------FNL-000200--,BKGWINDIVID,B-Girls,B-Girls Bronze Medal Battle,Bronze Medal Battle,W,Breaking,BKG,La Concorde 1,1965472,INDIA,Person,NED,Netherlands,1,POINTS,L,,RED
2024-08-09T21:26:17+02:00,BKGWINDIVID-----------FNL-000200--,BKGWINDIVID,B-Girls,B-Girls Bronze Medal Battle,Bronze Medal Battle,W,Breaking,BKG,La Concorde 1,1909907,671,Person,CHN,China,2,POINTS,W,,BLUE
2024-08-09T21:32:39+02:00,BKGWINDIVID-----------R32-000100--,BKGWINDIVID,B-Girls,B-Girls Pre-Qualifier Battle,Pre-Qualifier Battle,W,Breaking,BKG,La Concorde 1,1965472,INDIA,Person,NED,Netherlands,3,POINTS,W,,RED
2024-08-09T21:32:39+02:00,BKGWINDIVID-----------R32-000100--,BKGWINDIVID,B-Girls,B-Girls Pre-Qualifier Battle,Pre-Qualifier Battle,W,Breaking,BKG,La Concorde 1,1968743,TALASH,Person,EOR,EOR,0,IRM,L,DSQ,BLUE
2024-08-09T21:38:53+02:00,BKGWINDIVID-----------FNL-000100--,BKGWINDIVID,B-Girls,B-Girls Gold Medal Battle,Gold Medal Battle,W,Breaking,BKG,La Concorde 1,1953038,AMI,Person,JPN,Japan,3,POINTS,W,,RED
2024-08-09T21:38:53+02:00,BKGWINDIVID-----------FNL-000100--,BKGWINDIVID,B-Girls,B-Girls Gold Medal Battle,Gold Medal Battle,W,Breaking,BKG,La Concorde 1,1924559,NICKA,Person,LTU,Lithuania,0,POINTS,L,,BLUE
