date,stage_code,event_code,event_name,event_stage,stage,gender,discipline_name,discipline_code,venue,participant_code,participant_name,participant_type,participant_country_code,participant_country,rank,result,result_type,result_WLT,result_IRM,qualification_mark,start_order,bib
2024-08-05T12:17:53+02:00,CLBMBLCOMB------------SFNL000100--,CLBMBLCOMB,Men's Boulder & Lead,"Men's Boulder & Lead, Semifinal Boulder",Semifinal - Boulder,M,Sport Climbing,CLB,Le Bourget Climbing Venue,1892022,ANRAKU Sorato,Person,JPN,Japan,1.0,69.0,POINTS,,,,20,1
2024-08-05T12:17:53+02:00,CLBMBLCOMB------------SFNL000100--,CLBMBLCOMB,Men's Boulder & Lead,"Men's Boulder & Lead, Semifinal Boulder",Semifinal - Boulder,M,Sport Climbing,CLB,Le Bourget Climbing Venue,1892024,NARASAKI Tomoa,Person,JPN,Japan,2.0,54.4,POINTS,,,,17,4
2024-08-05T12:17:53+02:00,CLBMBLCOMB------------SFNL000100--,CLBMBLCOMB,Men's Boulder & Lead,"Men's Boulder & Lead, Semifinal Boulder",Semifinal - Boulder,M,Sport Climbing,CLB,Le Bourget Climbing Venue,1544218,ROBERTS Toby,Person,GBR,Great Britain,3.0,54.1,POINTS,,,,19,2
2024-08-05T12:17:53+02:00,CLBMBLCOMB------------SFNL000100--,CLBMBLCOMB,Men's Boulder & Lead,"Men's Boulder & Lead, Semifinal Boulder",Semifinal - Boulder,M,Sport Climbing,CLB,Le Bourget Climbing Venue,1553677,AVEZOU Sam,Person,FRA,France,4.0,49.2,POINTS,,,,12,9
2024-08-05T12:17:53+02:00,CLBMBLCOMB------------SFNL000100--,CLBMBLCOMB,Men's Boulder & Lead,"Men's Boulder & Lead, Semifinal Boulder",Semifinal - Boulder,M,Sport Climbing,CLB,Le Bourget Climbing Venue,1894103,ONDRA Adam,Person,CZE,Czechia,5.0,48.7,POINTS,,,,13,8
2024-08-05T12:17:53+02:00,CLBMBLCOMB------------SFNL000100--,CLBMBLCOMB,Men's Boulder & Lead,"Men's Boulder & Lead, Semifinal Boulder",Semifinal - Boulder,M,Sport Climbing,CLB,Le Bourget Climbing Venue,1560677,SCHUBERT Jakob,Person,AUT,Austria,6.0,44.7,POINTS,,,,18,3
2024-08-05T12:17:53+02:00,CLBMBLCOMB------------SFNL000100--,CLBMBLCOMB,Men's Boulder & Lead,"Men's Boulder & Lead, Semifinal Boulder",Semifinal - Boulder,M,Sport Climbing,CLB,Le Bourget Climbing Venue,1942760,Van DUYSEN Hannes,Person,BEL,Belgium,7.0,34.3,POINTS,,,,6,15
2024-08-05T12:17:53+02:00,CLBMBLCOMB------------SFNL000100--,CLBMBLCOMB,Men's Boulder & Lead,"Men's Boulder & Lead, Semifinal Boulder",Semifinal - Boulder,M,Sport Climbing,CLB,Le Bourget Climbing Venue,1544214,McARTHUR Hamish,Person,GBR,Great Britain,8.0,34.2,POINTS,,,,3,18
2024-08-05T12:17:53+02:00,CLBMBLCOMB------------SFNL000100--,CLBMBLCOMB,Men's Boulder & Lead,"Men's Boulder & Lead, Semifinal Boulder",Semifinal - Boulder,M,Sport Climbing,CLB,Le Bourget Climbing Venue,1553674,JENFT Paul,Person,FRA,France,9.0,34.1,POINTS,,,,9,12
2024-08-05T12:17:53+02:00,CLBMBLCOMB------------SFNL000100--,CLBMBLCOMB,Men's Boulder & Lead,"Men's Boulder & Lead, Semifinal Boulder",Semifinal - Boulder,M,Sport Climbing,CLB,Le Bourget Climbing Venue,1931180,LEE Dohyun,Person,KOR,Korea,10.0,34.0,POINTS,,,,16,5
2024-08-05T12:17:53+02:00,CLBMBLCOMB------------SFNL000100--,CLBMBLCOMB,Men's Boulder & Lead,"Men's Boulder & Lead, Semifinal Boulder",Semifinal - Boulder,M,Sport Climbing,CLB,Le Bourget Climbing Venue,1950301,DUFFY Colin,Person,USA,United States,11.0,33.8,POINTS,,,,15,6
2024-08-05T12:17:53+02:00,CLBMBLCOMB------------SFNL000100--,CLBMBLCOMB,Men's Boulder & Lead,"Men's Boulder & Lead, Semifinal Boulder",Semifinal - Boulder,M,Sport Climbing,CLB,Le Bourget Climbing Venue,1552087,FLOHE Yannick,Person,GER,Germany,12.0,29.7,POINTS,,,,11,10
2024-08-05T12:17:53+02:00,CLBMBLCOMB------------SFNL000100--,CLBMBLCOMB,Men's Boulder & Lead,"Men's Boulder & Lead, Semifinal Boulder",Semifinal - Boulder,M,Sport Climbing,CLB,Le Bourget Climbing Venue,1913696,PAN Yufei,Person,CHN,China,13.0,29.0,POINTS,,,,5,16
2024-08-05T12:17:53+02:00,CLBMBLCOMB------------SFNL000100--,CLBMBLCOMB,Men's Boulder & Lead,"Men's Boulder & Lead, Semifinal Boulder",Semifinal - Boulder,M,Sport Climbing,CLB,Le Bourget Climbing Venue,1963915,GINES LOPEZ Alberto,Person,ESP,Spain,14.0,28.7,POINTS,,,,8,13
2024-08-05T12:17:53+02:00,CLBMBLCOMB------------SFNL000100--,CLBMBLCOMB,Men's Boulder & Lead,"Men's Boulder & Lead, Semifinal Boulder",Semifinal - Boulder,M,Sport Climbing,CLB,Le Bourget Climbing Venue,1552086,MEGOS Alexander,Person,GER,Germany,15.0,24.7,POINTS,,,,14,7
2024-08-05T12:17:53+02:00,CLBMBLCOMB------------SFNL000100--,CLBMBLCOMB,Men's Boulder & Lead,"Men's Boulder & Lead, Semifinal Boulder",Semifinal - Boulder,M,Sport Climbing,CLB,Le Bourget Climbing Venue,1977704,LEHMANN Sascha,Person,SUI,Switzerland,16.0,24.0,POINTS,,,,10,11
2024-08-05T12:17:53+02:00,CLBMBLCOMB------------SFNL000100--,CLBMBLCOMB,Men's Boulder & Lead,"Men's Boulder & Lead, Semifinal Boulder",Semifinal - Boulder,M,Sport Climbing,CLB,Le Bourget Climbing Venue,1981181,POTOCAR Luka,Person,SLO,Slovenia,17.0,19.6,POINTS,,,,4,17
2024-08-05T12:17:53+02:00,CLBMBLCOMB------------SFNL000100--,CLBMBLCOMB,Men's Boulder & Lead,"Men's Boulder & Lead, Semifinal Boulder",Semifinal - Boulder,M,Sport Climbing,CLB,Le Bourget Climbing Venue,1950303,GRUPPER Jesse,Person,USA,United States,18.0,18.9,POINTS,,,,7,14
2024-08-05T12:17:53+02:00,CLBMBLCOMB------------SFNL000100--,CLBMBLCOMB,Men's Boulder & Lead,"Men's Boulder & Lead, Semifinal Boulder",Semifinal - Boulder,M,Sport Climbing,CLB,Le Bourget Climbing Venue,1898113,HARRISON Campbell,Person,AUS,Australia,19.0,9.4,POINTS,,,,2,19
2024-08-05T12:17:53+02:00,CLBMBLCOMB------------SFNL000100--,CLBMBLCOMB,Men's Boulder & Lead,"Men's Boulder & Lead, Semifinal Boulder",Semifinal - Boulder,M,Sport Climbing,CLB,Le Bourget Climbing Venue,1968272,JANSE van RENSBURG Mel,Person,RSA,South Africa,19.0,9.4,POINTS,,,,1,20
2024-08-07T11:54:29+02:00,CLBMBLCOMB------------SFNL000200--,CLBMBLCOMB,Men's Boulder & Lead,"Men's Boulder & Lead, Semifinal Lead",Semifinal - Lead,M,Sport Climbing,CLB,Le Bourget Climbing Venue,1963915,GINES LOPEZ Alberto,Person,ESP,Spain,1.0,72.0,POINTS,,,,8,13
2024-08-07T11:54:29+02:00,CLBMBLCOMB------------SFNL000200--,CLBMBLCOMB,Men's Boulder & Lead,"Men's Boulder & Lead, Semifinal Lead",Semifinal - Lead,M,Sport Climbing,CLB,Le Bourget Climbing Venue,1544218,ROBERTS Toby,Person,GBR,Great Britain,2.0,68.1,POINTS,,,,19,2
2024-08-07T11:54:29+02:00,CLBMBLCOMB------------SFNL000200--,CLBMBLCOMB,Men's Boulder & Lead,"Men's Boulder & Lead, Semifinal Lead",Semifinal - Lead,M,Sport Climbing,CLB,Le Bourget Climbing Venue,1894103,ONDRA Adam,Person,CZE,Czechia,2.0,68.1,POINTS,,,,13,8
2024-08-07T11:54:29+02:00,CLBMBLCOMB------------SFNL000200--,CLBMBLCOMB,Men's Boulder & Lead,"Men's Boulder & Lead, Semifinal Lead",Semifinal - Lead,M,Sport Climbing,CLB,Le Bourget Climbing Venue,1892022,ANRAKU Sorato,Person,JPN,Japan,4.0,68.0,POINTS,,,,20,1
2024-08-07T11:54:29+02:00,CLBMBLCOMB------------SFNL000200--,CLBMBLCOMB,Men's Boulder & Lead,"Men's Boulder & Lead, Semifinal Lead",Semifinal - Lead,M,Sport Climbing,CLB,Le Bourget Climbing Venue,1553674,JENFT Paul,Person,FRA,France,5.0,57.0,POINTS,,,,9,12
2024-08-07T11:54:29+02:00,CLBMBLCOMB------------SFNL000200--,CLBMBLCOMB,Men's Boulder & Lead,"Men's Boulder & Lead, Semifinal Lead",Semifinal - Lead,M,Sport Climbing,CLB,Le Bourget Climbing Venue,1560677,SCHUBERT Jakob,Person,AUT,Austria,6.0,54.1,POINTS,,,,18,3
2024-08-07T11:54:29+02:00,CLBMBLCOMB------------SFNL000200--,CLBMBLCOMB,Men's Boulder & Lead,"Men's Boulder & Lead, Semifinal Lead",Semifinal - Lead,M,Sport Climbing,CLB,Le Bourget Climbing Venue,1950301,DUFFY Colin,Person,USA,United States,6.0,54.1,POINTS,,,,15,6
2024-08-07T11:54:29+02:00,CLBMBLCOMB------------SFNL000200--,CLBMBLCOMB,Men's Boulder & Lead,"Men's Boulder & Lead, Semifinal Lead",Semifinal - Lead,M,Sport Climbing,CLB,Le Bourget Climbing Venue,1544214,McARTHUR Hamish,Person,GBR,Great Britain,8.0,45.1,POINTS,,,,3,18
2024-08-07T11:54:29+02:00,CLBMBLCOMB------------SFNL000200--,CLBMBLCOMB,Men's Boulder & Lead,"Men's Boulder & Lead, Semifinal Lead",Semifinal - Lead,M,Sport Climbing,CLB,Le Bourget Climbing Venue,1552087,FLOHE Yannick,Person,GER,Germany,9.0,39.1,POINTS,,,,11,10
2024-08-07T11:54:29+02:00,CLBMBLCOMB------------SFNL000200--,CLBMBLCOMB,Men's Boulder & Lead,"Men's Boulder & Lead, Semifinal Lead",Semifinal - Lead,M,Sport Climbing,CLB,Le Bourget Climbing Venue,1913696,PAN Yufei,Person,CHN,China,10.0,30.1,POINTS,,,,5,16
2024-08-07T11:54:29+02:00,CLBMBLCOMB------------SFNL000200--,CLBMBLCOMB,Men's Boulder & Lead,"Men's Boulder & Lead, Semifinal Lead",Semifinal - Lead,M,Sport Climbing,CLB,Le Bourget Climbing Venue,1552086,MEGOS Alexander,Person,GER,Germany,11.0,24.0,POINTS,,,,14,7
2024-08-07T11:54:29+02:00,CLBMBLCOMB------------SFNL000200--,CLBMBLCOMB,Men's Boulder & Lead,"Men's Boulder & Lead, Semifinal Lead",Semifinal - Lead,M,Sport Climbing,CLB,Le Bourget Climbing Venue,1981181,POTOCAR Luka,Person,SLO,Slovenia,11.0,24.0,POINTS,,,,4,17
2024-08-07T11:54:29+02:00,CLBMBLCOMB------------SFNL000200--,CLBMBLCOMB,Men's Boulder & Lead,"Men's Boulder & Lead, Semifinal Lead",Semifinal - Lead,M,Sport Climbing,CLB,Le Bourget Climbing Venue,1898113,HARRISON Campbell,Person,AUS,Australia,13.0,14.0,POINTS,,,,2,19
2024-08-07T11:54:29+02:00,CLBMBLCOMB------------SFNL000200--,CLBMBLCOMB,Men's Boulder & Lead,"Men's Boulder & Lead, Semifinal Lead",Semifinal - Lead,M,Sport Climbing,CLB,Le Bourget Climbing Venue,1892024,NARASAKI Tomoa,Person,JPN,Japan,14.0,12.1,POINTS,,,,17,4
2024-08-07T11:54:29+02:00,CLBMBLCOMB------------SFNL000200--,CLBMBLCOMB,Men's Boulder & Lead,"Men's Boulder & Lead, Semifinal Lead",Semifinal - Lead,M,Sport Climbing,CLB,Le Bourget Climbing Venue,1553677,AVEZOU Sam,Person,FRA,France,14.0,12.1,POINTS,,,,12,9
2024-08-07T11:54:29+02:00,CLBMBLCOMB------------SFNL000200--,CLBMBLCOMB,Men's Boulder & Lead,"Men's Boulder & Lead, Semifinal Lead",Semifinal - Lead,M,Sport Climbing,CLB,Le Bourget Climbing Venue,1977704,LEHMANN Sascha,Person,SUI,Switzerland,14.0,12.1,POINTS,,,,10,11
2024-08-07T11:54:29+02:00,CLBMBLCOMB------------SFNL000200--,CLBMBLCOMB,Men's Boulder & Lead,"Men's Boulder & Lead, Semifinal Lead",Semifinal - Lead,M,Sport Climbing,CLB,Le Bourget Climbing Venue,1931180,LEE Dohyun,Person,KOR,Korea,17.0,12.0,POINTS,,,,16,5
2024-08-07T11:54:29+02:00,CLBMBLCOMB------------SFNL000200--,CLBMBLCOMB,Men's Boulder & Lead,"Men's Boulder & Lead, Semifinal Lead",Semifinal - Lead,M,Sport Climbing,CLB,Le Bourget Climbing Venue,1950303,GRUPPER Jesse,Person,USA,United States,17.0,12.0,POINTS,,,,7,14
2024-08-07T11:54:29+02:00,CLBMBLCOMB------------SFNL000200--,CLBMBLCOMB,Men's Boulder & Lead,"Men's Boulder & Lead, Semifinal Lead",Semifinal - Lead,M,Sport Climbing,CLB,Le Bourget Climbing Venue,1942760,Van DUYSEN Hannes,Person,BEL,Belgium,17.0,12.0,POINTS,,,,6,15
2024-08-07T11:54:29+02:00,CLBMBLCOMB------------SFNL000200--,CLBMBLCOMB,Men's Boulder & Lead,"Men's Boulder & Lead, Semifinal Lead",Semifinal - Lead,M,Sport Climbing,CLB,Le Bourget Climbing Venue,1968272,JANSE van RENSBURG Mel,Person,RSA,South Africa,20.0,7.1,POINTS,,,,1,20
2024-08-09T12:02:39+02:00,CLBMBLCOMB------------FNL-000100--,CLBMBLCOMB,Men's Boulder & Lead,"Men's Boulder & Lead, Final Boulder",Final - Boulder,M,Sport Climbing,CLB,Le Bourget Climbing Venue,1892022,ANRAKU Sorato,Person,JPN,Japan,1.0,69.3,POINTS,,,,8,1
2024-08-09T12:02:39+02:00,CLBMBLCOMB------------FNL-000100--,CLBMBLCOMB,Men's Boulder & Lead,"Men's Boulder & Lead, Final Boulder",Final - Boulder,M,Sport Climbing,CLB,Le Bourget Climbing Venue,1950301,DUFFY Colin,Person,USA,United States,2.0,68.3,POINTS,,,,2,6
2024-08-09T12:02:39+02:00,CLBMBLCOMB------------FNL-000100--,CLBMBLCOMB,Men's Boulder & Lead,"Men's Boulder & Lead, Final Boulder",Final - Boulder,M,Sport Climbing,CLB,Le Bourget Climbing Venue,1544218,ROBERTS Toby,Person,GBR,Great Britain,3.0,63.1,POINTS,,,,7,2
2024-08-09T12:02:39+02:00,CLBMBLCOMB------------FNL-000100--,CLBMBLCOMB,Men's Boulder & Lead,"Men's Boulder & Lead, Final Boulder",Final - Boulder,M,Sport Climbing,CLB,Le Bourget Climbing Venue,1544214,McARTHUR Hamish,Person,GBR,Great Britain,4.0,53.9,POINTS,,,,1,18
2024-08-09T12:02:39+02:00,CLBMBLCOMB------------FNL-000100--,CLBMBLCOMB,Men's Boulder & Lead,"Men's Boulder & Lead, Final Boulder",Final - Boulder,M,Sport Climbing,CLB,Le Bourget Climbing Venue,1560677,SCHUBERT Jakob,Person,AUT,Austria,5.0,43.6,POINTS,,,,4,3
2024-08-09T12:02:39+02:00,CLBMBLCOMB------------FNL-000100--,CLBMBLCOMB,Men's Boulder & Lead,"Men's Boulder & Lead, Final Boulder",Final - Boulder,M,Sport Climbing,CLB,Le Bourget Climbing Venue,1553674,JENFT Paul,Person,FRA,France,6.0,24.4,POINTS,,,,3,12
2024-08-09T12:02:39+02:00,CLBMBLCOMB------------FNL-000100--,CLBMBLCOMB,Men's Boulder & Lead,"Men's Boulder & Lead, Final Boulder",Final - Boulder,M,Sport Climbing,CLB,Le Bourget Climbing Venue,1894103,ONDRA Adam,Person,CZE,Czechia,7.0,24.1,POINTS,,,,6,8
2024-08-09T12:02:39+02:00,CLBMBLCOMB------------FNL-000100--,CLBMBLCOMB,Men's Boulder & Lead,"Men's Boulder & Lead, Final Boulder",Final - Boulder,M,Sport Climbing,CLB,Le Bourget Climbing Venue,1963915,GINES LOPEZ Alberto,Person,ESP,Spain,7.0,24.1,POINTS,,,,5,13
2024-08-09T13:30:05+02:00,CLBMBLCOMB------------FNL-000200--,CLBMBLCOMB,Men's Boulder & Lead,"Men's Boulder & Lead, Final Lead",Final - Lead,M,Sport Climbing,CLB,Le Bourget Climbing Venue,1560677,SCHUBERT Jakob,Person,AUT,Austria,1.0,96.0,POINTS,,,,4,3
2024-08-09T13:30:05+02:00,CLBMBLCOMB------------FNL-000200--,CLBMBLCOMB,Men's Boulder & Lead,"Men's Boulder & Lead, Final Lead",Final - Lead,M,Sport Climbing,CLB,Le Bourget Climbing Venue,1894103,ONDRA Adam,Person,CZE,Czechia,1.0,96.0,POINTS,,,,6,8
2024-08-09T13:30:05+02:00,CLBMBLCOMB------------FNL-000200--,CLBMBLCOMB,Men's Boulder & Lead,"Men's Boulder & Lead, Final Lead",Final - Lead,M,Sport Climbing,CLB,Le Bourget Climbing Venue,1544218,ROBERTS Toby,Person,GBR,Great Britain,3.0,92.1,POINTS,,,,7,2
2024-08-09T13:30:05+02:00,CLBMBLCOMB------------FNL-000200--,CLBMBLCOMB,Men's Boulder & Lead,"Men's Boulder & Lead, Final Lead",Final - Lead,M,Sport Climbing,CLB,Le Bourget Climbing Venue,1963915,GINES LOPEZ Alberto,Person,ESP,Spain,3.0,92.1,POINTS,,,,5,13
2024-08-09T13:30:05+02:00,CLBMBLCOMB------------FNL-000200--,CLBMBLCOMB,Men's Boulder & Lead,"Men's Boulder & Lead, Final Lead",Final - Lead,M,Sport Climbing,CLB,Le Bourget Climbing Venue,1892022,ANRAKU Sorato,Person,JPN,Japan,5.0,76.1,POINTS,,,,8,1
2024-08-09T13:30:05+02:00,CLBMBLCOMB------------FNL-000200--,CLBMBLCOMB,Men's Boulder & Lead,"Men's Boulder & Lead, Final Lead",Final - Lead,M,Sport Climbing,CLB,Le Bourget Climbing Venue,1544214,McARTHUR Hamish,Person,GBR,Great Britain,6.0,72.0,POINTS,,,,1,18
2024-08-09T13:30:05+02:00,CLBMBLCOMB------------FNL-000200--,CLBMBLCOMB,Men's Boulder & Lead,"Men's Boulder & Lead, Final Lead",Final - Lead,M,Sport Climbing,CLB,Le Bourget Climbing Venue,1950301,DUFFY Colin,Person,USA,United States,7.0,68.1,POINTS,,,,2,6
2024-08-09T13:30:05+02:00,CLBMBLCOMB------------FNL-000200--,CLBMBLCOMB,Men's Boulder & Lead,"Men's Boulder & Lead, Final Lead",Final - Lead,M,Sport Climbing,CLB,Le Bourget Climbing Venue,1553674,JENFT Paul,Person,FRA,France,8.0,54.0,POINTS,,,,3,12
2024-08-09T13:30:05+02:00,CLBMBLCOMB------------FNL---------,CLBMBLCOMB,Men's Boulder & Lead,"Men's Boulder & Lead, Final",Final Results,M,Sport Climbing,CLB,,1544218,ROBERTS Toby,Person,GBR,Great Britain,1.0,155.2,POINTS,,,,,2
2024-08-09T13:30:05+02:00,CLBMBLCOMB------------FNL---------,CLBMBLCOMB,Men's Boulder & Lead,"Men's Boulder & Lead, Final",Final Results,M,Sport Climbing,CLB,,1892022,ANRAKU Sorato,Person,JPN,Japan,2.0,145.4,POINTS,,,,,1
2024-08-09T13:30:05+02:00,CLBMBLCOMB------------FNL---------,CLBMBLCOMB,Men's Boulder & Lead,"Men's Boulder & Lead, Final",Final Results,M,Sport Climbing,CLB,,1560677,SCHUBERT Jakob,Person,AUT,Austria,3.0,139.6,POINTS,,,,,3
2024-08-09T13:30:05+02:00,CLBMBLCOMB------------FNL---------,CLBMBLCOMB,Men's Boulder & Lead,"Men's Boulder & Lead, Final",Final Results,M,Sport Climbing,CLB,,1950301,DUFFY Colin,Person,USA,United States,4.0,136.4,POINTS,,,,,6
2024-08-09T13:30:05+02:00,CLBMBLCOMB------------FNL---------,CLBMBLCOMB,Men's Boulder & Lead,"Men's Boulder & Lead, Final",Final Results,M,Sport Climbing,CLB,,1544214,McARTHUR Hamish,Person,GBR,Great Britain,5.0,125.9,POINTS,,,,,18
2024-08-09T13:30:05+02:00,CLBMBLCOMB------------FNL---------,CLBMBLCOMB,Men's Boulder & Lead,"Men's Boulder & Lead, Final",Final Results,M,Sport Climbing,CLB,,1894103,ONDRA Adam,Person,CZE,Czechia,6.0,120.1,POINTS,,,,,8
2024-08-09T13:30:05+02:00,CLBMBLCOMB------------FNL---------,CLBMBLCOMB,Men's Boulder & Lead,"Men's Boulder & Lead, Final",Final Results,M,Sport Climbing,CLB,,1963915,GINES LOPEZ Alberto,Person,ESP,Spain,7.0,116.2,POINTS,,,,,13
2024-08-09T13:30:05+02:00,CLBMBLCOMB------------FNL---------,CLBMBLCOMB,Men's Boulder & Lead,"Men's Boulder & Lead, Final",Final Results,M,Sport Climbing,CLB,,1553674,JENFT Paul,Person,FRA,France,8.0,78.4,POINTS,,,,,12
2024-08-06T13:34:30+02:00,CLBMSPEED-------------QUAL0001SD--,CLBMSPEED,Men's Speed,"Men's Speed, Qualification Seeding",Qualification - Seeding heats,M,Sport Climbing,CLB,Le Bourget Climbing Venue,1940329,LEONARDO Veddriq,Person,INA,Indonesia,1.0,4.79,TIME,,,,12,2
2024-08-06T13:34:30+02:00,CLBMSPEED-------------QUAL0001SD--,CLBMSPEED,Men's Speed,"Men's Speed, Qualification Seeding",Qualification - Seeding heats,M,Sport Climbing,CLB,Le Bourget Climbing Venue,1931573,MAIMURATOV Amir,Person,KAZ,Kazakhstan,2.0,4.89,TIME,,,,7,11
2024-08-06T13:34:30+02:00,CLBMSPEED-------------QUAL0001SD--,CLBMSPEED,Men's Speed,"Men's Speed, Qualification Seeding",Qualification - Seeding heats,M,Sport Climbing,CLB,Le Bourget Climbing Venue,1950309,WATSON Sam,Person,USA,United States,3.0,4.91,TIME,,,,6,6
2024-08-06T13:34:30+02:00,CLBMSPEED-------------QUAL0001SD--,CLBMSPEED,Men's Speed,"Men's Speed, Qualification Seeding",Qualification - Seeding heats,M,Sport Climbing,CLB,Le Bourget Climbing Venue,1922693,ZURLONI Matteo,Person,ITA,Italy,4.0,4.94,TIME,,,,3,5
2024-08-06T13:34:30+02:00,CLBMSPEED-------------QUAL0001SD--,CLBMSPEED,Men's Speed,"Men's Speed, Qualification Seeding",Qualification - Seeding heats,M,Sport Climbing,CLB,Le Bourget Climbing Venue,1913699,WU Peng,Person,CHN,China,5.0,5.01,TIME,,,,11,1
2024-08-06T13:34:30+02:00,CLBMSPEED-------------QUAL0001SD--,CLBMSPEED,Men's Speed,"Men's Speed, Qualification Seeding",Qualification - Seeding heats,M,Sport Climbing,CLB,Le Bourget Climbing Venue,1536207,ALIPOUR SHENAZANDIFARD Reza,Person,IRI,IR Iran,6.0,5.06,TIME,,,,14,10
2024-08-06T13:34:30+02:00,CLBMSPEED-------------QUAL0001SD--,CLBMSPEED,Men's Speed,"Men's Speed, Qualification Seeding",Qualification - Seeding heats,M,Sport Climbing,CLB,Le Bourget Climbing Venue,1556056,TKACH Yaroslav,Person,UKR,Ukraine,7.0,5.11,TIME,,,,13,9
2024-08-06T13:34:30+02:00,CLBMSPEED-------------QUAL0001SD--,CLBMSPEED,Men's Speed,"Men's Speed, Qualification Seeding",Qualification - Seeding heats,M,Sport Climbing,CLB,Le Bourget Climbing Venue,1553664,MAWEM Bassa,Person,FRA,France,8.0,5.16,TIME,,,,5,8
2024-08-06T13:34:30+02:00,CLBMSPEED-------------QUAL0001SD--,CLBMSPEED,Men's Speed,"Men's Speed, Qualification Seeding",Qualification - Seeding heats,M,Sport Climbing,CLB,Le Bourget Climbing Venue,1890963,DAVID Julian,Person,NZL,New Zealand,9.0,5.24,TIME,,,,4,13
2024-08-06T13:34:30+02:00,CLBMSPEED-------------QUAL0001SD--,CLBMSPEED,Men's Speed,"Men's Speed, Qualification Seeding",Qualification - Seeding heats,M,Sport Climbing,CLB,Le Bourget Climbing Venue,1931185,SHIN Euncheol,Person,KOR,Korea,10.0,5.25,TIME,,,,10,7
2024-08-06T13:34:30+02:00,CLBMSPEED-------------QUAL0001SD--,CLBMSPEED,Men's Speed,"Men's Speed, Qualification Seeding",Qualification - Seeding heats,M,Sport Climbing,CLB,Le Bourget Climbing Venue,1913698,LONG Jinbao,Person,CHN,China,11.0,5.29,TIME,,,,1,3
2024-08-06T13:34:30+02:00,CLBMSPEED-------------QUAL0001SD--,CLBMSPEED,Men's Speed,"Men's Speed, Qualification Seeding",Qualification - Seeding heats,M,Sport Climbing,CLB,Le Bourget Climbing Venue,1950304,HAMMER Zach,Person,USA,United States,12.0,6.05,TIME,,,,8,12
2024-08-06T13:34:30+02:00,CLBMSPEED-------------QUAL0001SD--,CLBMSPEED,Men's Speed,"Men's Speed, Qualification Seeding",Qualification - Seeding heats,M,Sport Climbing,CLB,Le Bourget Climbing Venue,1968270,BRUYNS Joshua,Person,RSA,South Africa,13.0,6.18,TIME,,,,2,14
2024-08-06T13:34:30+02:00,CLBMSPEED-------------QUAL0001SD--,CLBMSPEED,Men's Speed,"Men's Speed, Qualification Seeding",Qualification - Seeding heats,M,Sport Climbing,CLB,Le Bourget Climbing Venue,1940380,ADI MULYONO Rahmad,Person,INA,Indonesia,14.0,,IRM_TIME,,FS,,9,4
2024-08-06T14:03:47+02:00,CLBMSPEED-------------QUAL0002EL01,CLBMSPEED,Men's Speed,"Men's Speed, Qualification Elimination heats",Qualification - Elimination heats,M,Sport Climbing,CLB,Le Bourget Climbing Venue,1940329,LEONARDO Veddriq,Person,INA,Indonesia,,4.98,TIME,W,,Q,1,2
2024-08-06T14:03:47+02:00,CLBMSPEED-------------QUAL0002EL01,CLBMSPEED,Men's Speed,"Men's Speed, Qualification Elimination heats",Qualification - Elimination heats,M,Sport Climbing,CLB,Le Bourget Climbing Venue,1940380,ADI MULYONO Rahmad,Person,INA,Indonesia,,5.13,TIME,L,,,2,4
2024-08-06T14:03:48+02:00,CLBMSPEED-------------QUAL0002EL05,CLBMSPEED,Men's Speed,"Men's Speed, Qualification Elimination heats",Qualification - Elimination heats,M,Sport Climbing,CLB,Le Bourget Climbing Venue,1913699,WU Peng,Person,CHN,China,,5.00,TIME,W,,Q,1,1
2024-08-06T14:03:48+02:00,CLBMSPEED-------------QUAL0002EL05,CLBMSPEED,Men's Speed,"Men's Speed, Qualification Elimination heats",Qualification - Elimination heats,M,Sport Climbing,CLB,Le Bourget Climbing Venue,1931185,SHIN Euncheol,Person,KOR,Korea,,7.24,TIME,L,,,2,7
2024-08-06T14:03:48+02:00,CLBMSPEED-------------QUAL0002EL04,CLBMSPEED,Men's Speed,"Men's Speed, Qualification Elimination heats",Qualification - Elimination heats,M,Sport Climbing,CLB,Le Bourget Climbing Venue,1922693,ZURLONI Matteo,Person,ITA,Italy,,5.06,TIME,W,,Q,1,5
2024-08-06T14:03:48+02:00,CLBMSPEED-------------QUAL0002EL04,CLBMSPEED,Men's Speed,"Men's Speed, Qualification Elimination heats",Qualification - Elimination heats,M,Sport Climbing,CLB,Le Bourget Climbing Venue,1913698,LONG Jinbao,Person,CHN,China,,5.18,TIME,L,,,2,3
2024-08-06T14:03:48+02:00,CLBMSPEED-------------QUAL0002EL03,CLBMSPEED,Men's Speed,"Men's Speed, Qualification Elimination heats",Qualification - Elimination heats,M,Sport Climbing,CLB,Le Bourget Climbing Venue,1950309,WATSON Sam,Person,USA,United States,,4.75,TIME,W,,Q,1,6
2024-08-06T14:03:48+02:00,CLBMSPEED-------------QUAL0002EL03,CLBMSPEED,Men's Speed,"Men's Speed, Qualification Elimination heats",Qualification - Elimination heats,M,Sport Climbing,CLB,Le Bourget Climbing Venue,1950304,HAMMER Zach,Person,USA,United States,,,IRM_TIME,L,Fall,,2,12
2024-08-06T14:03:48+02:00,CLBMSPEED-------------QUAL0002EL02,CLBMSPEED,Men's Speed,"Men's Speed, Qualification Elimination heats",Qualification - Elimination heats,M,Sport Climbing,CLB,Le Bourget Climbing Venue,1931573,MAIMURATOV Amir,Person,KAZ,Kazakhstan,,4.94,TIME,W,,Q,1,11
2024-08-06T14:03:48+02:00,CLBMSPEED-------------QUAL0002EL02,CLBMSPEED,Men's Speed,"Men's Speed, Qualification Elimination heats",Qualification - Elimination heats,M,Sport Climbing,CLB,Le Bourget Climbing Venue,1968270,BRUYNS Joshua,Person,RSA,South Africa,,5.84,TIME,L,,,2,14
2024-08-06T14:03:48+02:00,CLBMSPEED-------------QUAL0002EL07,CLBMSPEED,Men's Speed,"Men's Speed, Qualification Elimination heats",Qualification - Elimination heats,M,Sport Climbing,CLB,Le Bourget Climbing Venue,1556056,TKACH Yaroslav,Person,UKR,Ukraine,,5.17,TIME,L,,,1,9
2024-08-06T14:03:48+02:00,CLBMSPEED-------------QUAL0002EL07,CLBMSPEED,Men's Speed,"Men's Speed, Qualification Elimination heats",Qualification - Elimination heats,M,Sport Climbing,CLB,Le Bourget Climbing Venue,1553664,MAWEM Bassa,Person,FRA,France,,5.16,TIME,W,,Q,2,8
2024-08-06T14:03:48+02:00,CLBMSPEED-------------QUAL0002EL06,CLBMSPEED,Men's Speed,"Men's Speed, Qualification Elimination heats",Qualification - Elimination heats,M,Sport Climbing,CLB,Le Bourget Climbing Venue,1536207,ALIPOUR SHENAZANDIFARD Reza,Person,IRI,IR Iran,,5.26,TIME,L,,q,1,10
2024-08-06T14:03:48+02:00,CLBMSPEED-------------QUAL0002EL06,CLBMSPEED,Men's Speed,"Men's Speed, Qualification Elimination heats",Qualification - Elimination heats,M,Sport Climbing,CLB,Le Bourget Climbing Venue,1890963,DAVID Julian,Person,NZL,New Zealand,,5.20,TIME,W,,Q,2,13
2024-08-08T13:01:49+02:00,CLBMSPEED-------------QFNL000100--,CLBMSPEED,Men's Speed,"Men's Speed, Quarterfinal",Quarterfinal 1,M,Sport Climbing,CLB,Le Bourget Climbing Venue,1950309,WATSON Sam,Person,USA,United States,,5.03,TIME,W,,Q,1,6
2024-08-08T13:01:49+02:00,CLBMSPEED-------------QFNL000100--,CLBMSPEED,Men's Speed,"Men's Speed, Quarterfinal",Quarterfinal 1,M,Sport Climbing,CLB,Le Bourget Climbing Venue,1890963,DAVID Julian,Person,NZL,New Zealand,,5.65,TIME,L,,,2,13
2024-08-08T13:01:50+02:00,CLBMSPEED-------------SFNL000200--,CLBMSPEED,Men's Speed,"Men's Speed, Semifinal",Semifinal 2,M,Sport Climbing,CLB,Le Bourget Climbing Venue,1940329,LEONARDO Veddriq,Person,INA,Indonesia,,4.78,TIME,W,,Q,1,2
2024-08-08T13:01:50+02:00,CLBMSPEED-------------SFNL000200--,CLBMSPEED,Men's Speed,"Men's Speed, Semifinal",Semifinal 2,M,Sport Climbing,CLB,Le Bourget Climbing Venue,1536207,ALIPOUR SHENAZANDIFARD Reza,Person,IRI,IR Iran,,4.84,TIME,L,,,2,10
2024-08-08T13:01:50+02:00,CLBMSPEED-------------FNL-000200--,CLBMSPEED,Men's Speed,"Men's Speed, Small Final",Small Final,M,Sport Climbing,CLB,Le Bourget Climbing Venue,1950309,WATSON Sam,Person,USA,United States,,4.74,TIME,W,,Q,1,6
2024-08-08T13:01:50+02:00,CLBMSPEED-------------FNL-000200--,CLBMSPEED,Men's Speed,"Men's Speed, Small Final",Small Final,M,Sport Climbing,CLB,Le Bourget Climbing Venue,1536207,ALIPOUR SHENAZANDIFARD Reza,Person,IRI,IR Iran,,4.88,TIME,L,,,2,10
2024-08-08T13:01:50+02:00,CLBMSPEED-------------QFNL000300--,CLBMSPEED,Men's Speed,"Men's Speed, Quarterfinal",Quarterfinal 3,M,Sport Climbing,CLB,Le Bourget Climbing Venue,1940329,LEONARDO Veddriq,Person,INA,Indonesia,,4.88,TIME,W,,Q,1,2
2024-08-08T13:01:50+02:00,CLBMSPEED-------------QFNL000300--,CLBMSPEED,Men's Speed,"Men's Speed, Quarterfinal",Quarterfinal 3,M,Sport Climbing,CLB,Le Bourget Climbing Venue,1553664,MAWEM Bassa,Person,FRA,France,,5.26,TIME,L,,,2,8
2024-08-08T13:01:50+02:00,CLBMSPEED-------------QFNL000200--,CLBMSPEED,Men's Speed,"Men's Speed, Quarterfinal",Quarterfinal 2,M,Sport Climbing,CLB,Le Bourget Climbing Venue,1922693,ZURLONI Matteo,Person,ITA,Italy,,4.997,TIME,L,,,1,5
2024-08-08T13:01:50+02:00,CLBMSPEED-------------QFNL000200--,CLBMSPEED,Men's Speed,"Men's Speed, Quarterfinal",Quarterfinal 2,M,Sport Climbing,CLB,Le Bourget Climbing Venue,1913699,WU Peng,Person,CHN,China,,4.995,TIME,W,,Q,2,1
2024-08-08T13:01:50+02:00,CLBMSPEED-------------SFNL000100--,CLBMSPEED,Men's Speed,"Men's Speed, Semifinal",Semifinal 1,M,Sport Climbing,CLB,Le Bourget Climbing Venue,1950309,WATSON Sam,Person,USA,United States,,4.93,TIME,L,,,1,6
2024-08-08T13:01:50+02:00,CLBMSPEED-------------SFNL000100--,CLBMSPEED,Men's Speed,"Men's Speed, Semifinal",Semifinal 1,M,Sport Climbing,CLB,Le Bourget Climbing Venue,1913699,WU Peng,Person,CHN,China,,4.85,TIME,W,,Q,2,1
2024-08-08T13:01:50+02:00,CLBMSPEED-------------FNL-000100--,CLBMSPEED,Men's Speed,"Men's Speed, Big Final",Big Final,M,Sport Climbing,CLB,Le Bourget Climbing Venue,1913699,WU Peng,Person,CHN,China,,4.77,TIME,L,,,1,1
2024-08-08T13:01:50+02:00,CLBMSPEED-------------FNL-000100--,CLBMSPEED,Men's Speed,"Men's Speed, Big Final",Big Final,M,Sport Climbing,CLB,Le Bourget Climbing Venue,1940329,LEONARDO Veddriq,Person,INA,Indonesia,,4.75,TIME,W,,Q,2,2
2024-08-08T13:01:50+02:00,CLBMSPEED-------------QFNL000400--,CLBMSPEED,Men's Speed,"Men's Speed, Quarterfinal",Quarterfinal 4,M,Sport Climbing,CLB,Le Bourget Climbing Venue,1931573,MAIMURATOV Amir,Person,KAZ,Kazakhstan,,6.14,TIME,L,,,1,11
2024-08-08T13:01:50+02:00,CLBMSPEED-------------QFNL000400--,CLBMSPEED,Men's Speed,"Men's Speed, Quarterfinal",Quarterfinal 4,M,Sport Climbing,CLB,Le Bourget Climbing Venue,1536207,ALIPOUR SHENAZANDIFARD Reza,Person,IRI,IR Iran,,5.57,TIME,W,,Q,2,10
2024-08-06T12:17:25+02:00,CLBWBLCOMB------------SFNL000100--,CLBWBLCOMB,Women's Boulder & Lead,"Women's Boulder & Lead, Semifinal Boulder",Semifinal - Boulder,W,Sport Climbing,CLB,Le Bourget Climbing Venue,1981131,GARNBRET Janja,Person,SLO,Slovenia,1.0,99.6,POINTS,,,,20,1
2024-08-06T12:17:25+02:00,CLBWBLCOMB------------SFNL000100--,CLBWBLCOMB,Women's Boulder & Lead,"Women's Boulder & Lead, Semifinal Boulder",Semifinal - Boulder,W,Sport Climbing,CLB,Le Bourget Climbing Venue,1553663,BERTONE Oriane,Person,FRA,France,2.0,84.5,POINTS,,,,14,7
2024-08-06T12:17:25+02:00,CLBWBLCOMB------------SFNL000100--,CLBWBLCOMB,Women's Boulder & Lead,"Women's Boulder & Lead, Semifinal Boulder",Semifinal - Boulder,W,Sport Climbing,CLB,Le Bourget Climbing Venue,1950307,RABOUTOU Brooke,Person,USA,United States,3.0,83.7,POINTS,,,,18,3
2024-08-06T12:17:25+02:00,CLBWBLCOMB------------SFNL000100--,CLBWBLCOMB,Women's Boulder & Lead,"Women's Boulder & Lead, Semifinal Boulder",Semifinal - Boulder,W,Sport Climbing,CLB,Le Bourget Climbing Venue,1898117,MACKENZIE Oceania,Person,AUS,Australia,4.0,79.6,POINTS,,,,11,10
2024-08-06T12:17:25+02:00,CLBWBLCOMB------------SFNL000100--,CLBWBLCOMB,Women's Boulder & Lead,"Women's Boulder & Lead, Semifinal Boulder",Semifinal - Boulder,W,Sport Climbing,CLB,Le Bourget Climbing Venue,1950302,GROSSMAN Natalia,Person,USA,United States,5.0,69.2,POINTS,,,,16,5
2024-08-06T12:17:25+02:00,CLBWBLCOMB------------SFNL000100--,CLBWBLCOMB,Women's Boulder & Lead,"Women's Boulder & Lead, Semifinal Boulder",Semifinal - Boulder,W,Sport Climbing,CLB,Le Bourget Climbing Venue,1560673,PILZ Jessica,Person,AUT,Austria,6.0,68.8,POINTS,,,,17,4
2024-08-06T12:17:25+02:00,CLBWBLCOMB------------SFNL000100--,CLBWBLCOMB,Women's Boulder & Lead,"Women's Boulder & Lead, Semifinal Boulder",Semifinal - Boulder,W,Sport Climbing,CLB,Le Bourget Climbing Venue,1892034,NONAKA Miho,Person,JPN,Japan,7.0,64.4,POINTS,,,,15,6
2024-08-06T12:17:25+02:00,CLBWBLCOMB------------SFNL000100--,CLBWBLCOMB,Women's Boulder & Lead,"Women's Boulder & Lead, Semifinal Boulder",Semifinal - Boulder,W,Sport Climbing,CLB,Le Bourget Climbing Venue,1922698,MORONI Camilla,Person,ITA,Italy,8.0,64.0,POINTS,,,,4,17
2024-08-06T12:17:25+02:00,CLBWBLCOMB------------SFNL000100--,CLBWBLCOMB,Women's Boulder & Lead,"Women's Boulder & Lead, Semifinal Boulder",Semifinal - Boulder,W,Sport Climbing,CLB,Le Bourget Climbing Venue,1913697,LUO Zhilu,Person,CHN,China,9.0,63.6,POINTS,,,,8,13
2024-08-06T12:17:25+02:00,CLBWBLCOMB------------SFNL000100--,CLBWBLCOMB,Women's Boulder & Lead,"Women's Boulder & Lead, Semifinal Boulder",Semifinal - Boulder,W,Sport Climbing,CLB,Le Bourget Climbing Venue,1544215,McNEICE Erin,Person,GBR,Great Britain,10.0,59.6,POINTS,,,,2,19
2024-08-06T12:17:25+02:00,CLBWBLCOMB------------SFNL000100--,CLBWBLCOMB,Women's Boulder & Lead,"Women's Boulder & Lead, Semifinal Boulder",Semifinal - Boulder,W,Sport Climbing,CLB,Le Bourget Climbing Venue,1892023,MORI Ai,Person,JPN,Japan,11.0,54.0,POINTS,,,,19,2
2024-08-06T12:17:25+02:00,CLBWBLCOMB------------SFNL000100--,CLBWBLCOMB,Women's Boulder & Lead,"Women's Boulder & Lead, Semifinal Boulder",Semifinal - Boulder,W,Sport Climbing,CLB,Le Bourget Climbing Venue,1553666,AVEZOU Zelia,Person,FRA,France,12.0,49.3,POINTS,,,,7,14
2024-08-06T12:17:25+02:00,CLBWBLCOMB------------SFNL000100--,CLBWBLCOMB,Women's Boulder & Lead,"Women's Boulder & Lead, Semifinal Boulder",Semifinal - Boulder,W,Sport Climbing,CLB,Le Bourget Climbing Venue,1931183,SEO Chaehyun,Person,KOR,Korea,13.0,44.2,POINTS,,,,13,8
2024-08-06T12:17:25+02:00,CLBWBLCOMB------------SFNL000100--,CLBWBLCOMB,Women's Boulder & Lead,"Women's Boulder & Lead, Semifinal Boulder",Semifinal - Boulder,W,Sport Climbing,CLB,Le Bourget Climbing Venue,1556057,KAZBEKOVA Ievgeniia,Person,UKR,Ukraine,14.0,39.5,POINTS,,,,5,16
2024-08-06T12:17:25+02:00,CLBWBLCOMB------------SFNL000100--,CLBWBLCOMB,Women's Boulder & Lead,"Women's Boulder & Lead, Semifinal Boulder",Semifinal - Boulder,W,Sport Climbing,CLB,Le Bourget Climbing Venue,1913695,ZHANG Yuetong,Person,CHN,China,15.0,29.7,POINTS,,,,6,15
2024-08-06T12:17:25+02:00,CLBWBLCOMB------------SFNL000100--,CLBWBLCOMB,Women's Boulder & Lead,"Women's Boulder & Lead, Semifinal Boulder",Semifinal - Boulder,W,Sport Climbing,CLB,Le Bourget Climbing Venue,1552089,DOERFFEL Lucia,Person,GER,Germany,16.0,29.2,POINTS,,,,3,18
2024-08-06T12:17:25+02:00,CLBWBLCOMB------------SFNL000100--,CLBWBLCOMB,Women's Boulder & Lead,"Women's Boulder & Lead, Semifinal Boulder",Semifinal - Boulder,W,Sport Climbing,CLB,Le Bourget Climbing Venue,1981206,KRAMPL Mia,Person,SLO,Slovenia,17.0,28.4,POINTS,,,,12,9
2024-08-06T12:17:25+02:00,CLBWBLCOMB------------SFNL000100--,CLBWBLCOMB,Women's Boulder & Lead,"Women's Boulder & Lead, Semifinal Boulder",Semifinal - Boulder,W,Sport Climbing,CLB,Le Bourget Climbing Venue,1922697,ROGORA Laura,Person,ITA,Italy,18.0,13.2,POINTS,,,,9,12
2024-08-06T12:17:25+02:00,CLBWBLCOMB------------SFNL000100--,CLBWBLCOMB,Women's Boulder & Lead,"Women's Boulder & Lead, Semifinal Boulder",Semifinal - Boulder,W,Sport Climbing,CLB,Le Bourget Climbing Venue,1544220,THOMPSON-SMITH Molly,Person,GBR,Great Britain,19.0,9.8,POINTS,,,,10,11
2024-08-06T12:17:25+02:00,CLBWBLCOMB------------SFNL000100--,CLBWBLCOMB,Women's Boulder & Lead,"Women's Boulder & Lead, Semifinal Boulder",Semifinal - Boulder,W,Sport Climbing,CLB,Le Bourget Climbing Venue,1968271,MUKHEIBIR Lauren,Person,RSA,South Africa,20.0,0.0,POINTS,,,,1,20
2024-08-08T12:03:56+02:00,CLBWBLCOMB------------SFNL000200--,CLBWBLCOMB,Women's Boulder & Lead,"Women's Boulder & Lead, Semifinal Lead",Semifinal - Lead,W,Sport Climbing,CLB,Le Bourget Climbing Venue,1981131,GARNBRET Janja,Person,SLO,Slovenia,1.0,96.1,POINTS,,,,20,1
2024-08-08T12:03:56+02:00,CLBWBLCOMB------------SFNL000200--,CLBWBLCOMB,Women's Boulder & Lead,"Women's Boulder & Lead, Semifinal Lead",Semifinal - Lead,W,Sport Climbing,CLB,Le Bourget Climbing Venue,1892023,MORI Ai,Person,JPN,Japan,1.0,96.1,POINTS,,,,19,2
2024-08-08T12:03:56+02:00,CLBWBLCOMB------------SFNL000200--,CLBWBLCOMB,Women's Boulder & Lead,"Women's Boulder & Lead, Semifinal Lead",Semifinal - Lead,W,Sport Climbing,CLB,Le Bourget Climbing Venue,1560673,PILZ Jessica,Person,AUT,Austria,3.0,88.1,POINTS,,,,17,4
2024-08-08T12:03:56+02:00,CLBWBLCOMB------------SFNL000200--,CLBWBLCOMB,Women's Boulder & Lead,"Women's Boulder & Lead, Semifinal Lead",Semifinal - Lead,W,Sport Climbing,CLB,Le Bourget Climbing Venue,1950307,RABOUTOU Brooke,Person,USA,United States,4.0,72.1,POINTS,,,,18,3
2024-08-08T12:03:56+02:00,CLBWBLCOMB------------SFNL000200--,CLBWBLCOMB,Women's Boulder & Lead,"Women's Boulder & Lead, Semifinal Lead",Semifinal - Lead,W,Sport Climbing,CLB,Le Bourget Climbing Venue,1931183,SEO Chaehyun,Person,KOR,Korea,4.0,72.1,POINTS,,,,13,8
2024-08-08T12:03:56+02:00,CLBWBLCOMB------------SFNL000200--,CLBWBLCOMB,Women's Boulder & Lead,"Women's Boulder & Lead, Semifinal Lead",Semifinal - Lead,W,Sport Climbing,CLB,Le Bourget Climbing Venue,1913695,ZHANG Yuetong,Person,CHN,China,6.0,68.0,POINTS,,,,6,15
2024-08-08T12:03:56+02:00,CLBWBLCOMB------------SFNL000200--,CLBWBLCOMB,Women's Boulder & Lead,"Women's Boulder & Lead, Semifinal Lead",Semifinal - Lead,W,Sport Climbing,CLB,Le Bourget Climbing Venue,1544215,McNEICE Erin,Person,GBR,Great Britain,7.0,64.1,POINTS,,,,2,19
2024-08-08T12:03:56+02:00,CLBWBLCOMB------------SFNL000200--,CLBWBLCOMB,Women's Boulder & Lead,"Women's Boulder & Lead, Semifinal Lead",Semifinal - Lead,W,Sport Climbing,CLB,Le Bourget Climbing Venue,1922697,ROGORA Laura,Person,ITA,Italy,8.0,57.1,POINTS,,,,9,12
2024-08-08T12:03:56+02:00,CLBWBLCOMB------------SFNL000200--,CLBWBLCOMB,Women's Boulder & Lead,"Women's Boulder & Lead, Semifinal Lead",Semifinal - Lead,W,Sport Climbing,CLB,Le Bourget Climbing Venue,1544220,THOMPSON-SMITH Molly,Person,GBR,Great Britain,9.0,57.0,POINTS,,,,10,11
2024-08-08T12:03:56+02:00,CLBWBLCOMB------------SFNL000200--,CLBWBLCOMB,Women's Boulder & Lead,"Women's Boulder & Lead, Semifinal Lead",Semifinal - Lead,W,Sport Climbing,CLB,Le Bourget Climbing Venue,1892034,NONAKA Miho,Person,JPN,Japan,10.0,51.1,POINTS,,,,15,6
2024-08-08T12:03:56+02:00,CLBWBLCOMB------------SFNL000200--,CLBWBLCOMB,Women's Boulder & Lead,"Women's Boulder & Lead, Semifinal Lead",Semifinal - Lead,W,Sport Climbing,CLB,Le Bourget Climbing Venue,1981206,KRAMPL Mia,Person,SLO,Slovenia,10.0,51.1,POINTS,,,,12,9
2024-08-08T12:03:56+02:00,CLBWBLCOMB------------SFNL000200--,CLBWBLCOMB,Women's Boulder & Lead,"Women's Boulder & Lead, Semifinal Lead",Semifinal - Lead,W,Sport Climbing,CLB,Le Bourget Climbing Venue,1552089,DOERFFEL Lucia,Person,GER,Germany,10.0,51.1,POINTS,,,,3,18
2024-08-08T12:03:56+02:00,CLBWBLCOMB------------SFNL000200--,CLBWBLCOMB,Women's Boulder & Lead,"Women's Boulder & Lead, Semifinal Lead",Semifinal - Lead,W,Sport Climbing,CLB,Le Bourget Climbing Venue,1913697,LUO Zhilu,Person,CHN,China,13.0,48.1,POINTS,,,,8,13
2024-08-08T12:03:56+02:00,CLBWBLCOMB------------SFNL000200--,CLBWBLCOMB,Women's Boulder & Lead,"Women's Boulder & Lead, Semifinal Lead",Semifinal - Lead,W,Sport Climbing,CLB,Le Bourget Climbing Venue,1553663,BERTONE Oriane,Person,FRA,France,14.0,45.1,POINTS,,,,14,7
2024-08-08T12:03:56+02:00,CLBWBLCOMB------------SFNL000200--,CLBWBLCOMB,Women's Boulder & Lead,"Women's Boulder & Lead, Semifinal Lead",Semifinal - Lead,W,Sport Climbing,CLB,Le Bourget Climbing Venue,1898117,MACKENZIE Oceania,Person,AUS,Australia,14.0,45.1,POINTS,,,,11,10
2024-08-08T12:03:56+02:00,CLBWBLCOMB------------SFNL000200--,CLBWBLCOMB,Women's Boulder & Lead,"Women's Boulder & Lead, Semifinal Lead",Semifinal - Lead,W,Sport Climbing,CLB,Le Bourget Climbing Venue,1553666,AVEZOU Zelia,Person,FRA,France,14.0,45.1,POINTS,,,,7,14
2024-08-08T12:03:56+02:00,CLBWBLCOMB------------SFNL000200--,CLBWBLCOMB,Women's Boulder & Lead,"Women's Boulder & Lead, Semifinal Lead",Semifinal - Lead,W,Sport Climbing,CLB,Le Bourget Climbing Venue,1556057,KAZBEKOVA Ievgeniia,Person,UKR,Ukraine,14.0,45.1,POINTS,,,,5,16
2024-08-08T12:03:56+02:00,CLBWBLCOMB------------SFNL000200--,CLBWBLCOMB,Women's Boulder & Lead,"Women's Boulder & Lead, Semifinal Lead",Semifinal - Lead,W,Sport Climbing,CLB,Le Bourget Climbing Venue,1950302,GROSSMAN Natalia,Person,USA,United States,18.0,39.1,POINTS,,,,16,5
2024-08-08T12:03:56+02:00,CLBWBLCOMB------------SFNL000200--,CLBWBLCOMB,Women's Boulder & Lead,"Women's Boulder & Lead, Semifinal Lead",Semifinal - Lead,W,Sport Climbing,CLB,Le Bourget Climbing Venue,1922698,MORONI Camilla,Person,ITA,Italy,19.0,36.1,POINTS,,,,4,17
2024-08-08T12:03:56+02:00,CLBWBLCOMB------------SFNL000200--,CLBWBLCOMB,Women's Boulder & Lead,"Women's Boulder & Lead, Semifinal Lead",Semifinal - Lead,W,Sport Climbing,CLB,Le Bourget Climbing Venue,1968271,MUKHEIBIR Lauren,Person,RSA,South Africa,20.0,4.1,POINTS,,,,1,20
2024-08-10T11:45:05+02:00,CLBWBLCOMB------------FNL-000100--,CLBWBLCOMB,Women's Boulder & Lead,"Women's Boulder & Lead, Final Boulder",Final - Boulder,W,Sport Climbing,CLB,Le Bourget Climbing Venue,1981131,GARNBRET Janja,Person,SLO,Slovenia,1.0,84.4,POINTS,,,,8,1
2024-08-10T11:45:05+02:00,CLBWBLCOMB------------FNL-000100--,CLBWBLCOMB,Women's Boulder & Lead,"Women's Boulder & Lead, Final Boulder",Final - Boulder,W,Sport Climbing,CLB,Le Bourget Climbing Venue,1950307,RABOUTOU Brooke,Person,USA,United States,2.0,84.0,POINTS,,,,6,3
2024-08-10T11:45:05+02:00,CLBWBLCOMB------------FNL-000100--,CLBWBLCOMB,Women's Boulder & Lead,"Women's Boulder & Lead, Final Boulder",Final - Boulder,W,Sport Climbing,CLB,Le Bourget Climbing Venue,1898117,MACKENZIE Oceania,Person,AUS,Australia,3.0,59.7,POINTS,,,,3,10
2024-08-10T11:45:05+02:00,CLBWBLCOMB------------FNL-000100--,CLBWBLCOMB,Women's Boulder & Lead,"Women's Boulder & Lead, Final Boulder",Final - Boulder,W,Sport Climbing,CLB,Le Bourget Climbing Venue,1553663,BERTONE Oriane,Person,FRA,France,4.0,59.5,POINTS,,,,4,7
2024-08-10T11:45:05+02:00,CLBWBLCOMB------------FNL-000100--,CLBWBLCOMB,Women's Boulder & Lead,"Women's Boulder & Lead, Final Boulder",Final - Boulder,W,Sport Climbing,CLB,Le Bourget Climbing Venue,1544215,McNEICE Erin,Person,GBR,Great Britain,4.0,59.5,POINTS,,,,2,19
2024-08-10T11:45:05+02:00,CLBWBLCOMB------------FNL-000100--,CLBWBLCOMB,Women's Boulder & Lead,"Women's Boulder & Lead, Final Boulder",Final - Boulder,W,Sport Climbing,CLB,Le Bourget Climbing Venue,1560673,PILZ Jessica,Person,AUT,Austria,6.0,59.3,POINTS,,,,7,4
2024-08-10T11:45:05+02:00,CLBWBLCOMB------------FNL-000100--,CLBWBLCOMB,Women's Boulder & Lead,"Women's Boulder & Lead, Final Boulder",Final - Boulder,W,Sport Climbing,CLB,Le Bourget Climbing Venue,1892023,MORI Ai,Person,JPN,Japan,7.0,39.0,POINTS,,,,5,2
2024-08-10T11:45:05+02:00,CLBWBLCOMB------------FNL-000100--,CLBWBLCOMB,Women's Boulder & Lead,"Women's Boulder & Lead, Final Boulder",Final - Boulder,W,Sport Climbing,CLB,Le Bourget Climbing Venue,1931183,SEO Chaehyun,Person,KOR,Korea,8.0,28.9,POINTS,,,,1,8
2024-08-10T13:28:14+02:00,CLBWBLCOMB------------FNL-000200--,CLBWBLCOMB,Women's Boulder & Lead,"Women's Boulder & Lead, Final Lead",Final - Lead,W,Sport Climbing,CLB,Le Bourget Climbing Venue,1892023,MORI Ai,Person,JPN,Japan,1.0,96.1,POINTS,,,,5,2
2024-08-10T13:28:14+02:00,CLBWBLCOMB------------FNL-000200--,CLBWBLCOMB,Women's Boulder & Lead,"Women's Boulder & Lead, Final Lead",Final - Lead,W,Sport Climbing,CLB,Le Bourget Climbing Venue,1560673,PILZ Jessica,Person,AUT,Austria,2.0,88.1,POINTS,,,,7,4
2024-08-10T13:28:14+02:00,CLBWBLCOMB------------FNL-000200--,CLBWBLCOMB,Women's Boulder & Lead,"Women's Boulder & Lead, Final Lead",Final - Lead,W,Sport Climbing,CLB,Le Bourget Climbing Venue,1981131,GARNBRET Janja,Person,SLO,Slovenia,3.0,84.1,POINTS,,,,8,1
2024-08-10T13:28:14+02:00,CLBWBLCOMB------------FNL-000200--,CLBWBLCOMB,Women's Boulder & Lead,"Women's Boulder & Lead, Final Lead",Final - Lead,W,Sport Climbing,CLB,Le Bourget Climbing Venue,1931183,SEO Chaehyun,Person,KOR,Korea,4.0,76.1,POINTS,,,,1,8
2024-08-10T13:28:14+02:00,CLBWBLCOMB------------FNL-000200--,CLBWBLCOMB,Women's Boulder & Lead,"Women's Boulder & Lead, Final Lead",Final - Lead,W,Sport Climbing,CLB,Le Bourget Climbing Venue,1950307,RABOUTOU Brooke,Person,USA,United States,5.0,72.0,POINTS,,,,6,3
2024-08-10T13:28:14+02:00,CLBWBLCOMB------------FNL-000200--,CLBWBLCOMB,Women's Boulder & Lead,"Women's Boulder & Lead, Final Lead",Final - Lead,W,Sport Climbing,CLB,Le Bourget Climbing Venue,1544215,McNEICE Erin,Person,GBR,Great Britain,6.0,68.1,POINTS,,,,2,19
2024-08-10T13:28:14+02:00,CLBWBLCOMB------------FNL-000200--,CLBWBLCOMB,Women's Boulder & Lead,"Women's Boulder & Lead, Final Lead",Final - Lead,W,Sport Climbing,CLB,Le Bourget Climbing Venue,1898117,MACKENZIE Oceania,Person,AUS,Australia,7.0,45.1,POINTS,,,,3,10
2024-08-10T13:28:14+02:00,CLBWBLCOMB------------FNL-000200--,CLBWBLCOMB,Women's Boulder & Lead,"Women's Boulder & Lead, Final Lead",Final - Lead,W,Sport Climbing,CLB,Le Bourget Climbing Venue,1553663,BERTONE Oriane,Person,FRA,France,8.0,45.0,POINTS,,,,4,7
2024-08-10T13:28:14+02:00,CLBWBLCOMB------------FNL---------,CLBWBLCOMB,Women's Boulder & Lead,Women's Boulder & Lead Final,Final Results,W,Sport Climbing,CLB,,1981131,GARNBRET Janja,Person,SLO,Slovenia,1.0,168.5,POINTS,,,,,1
2024-08-10T13:28:14+02:00,CLBWBLCOMB------------FNL---------,CLBWBLCOMB,Women's Boulder & Lead,Women's Boulder & Lead Final,Final Results,W,Sport Climbing,CLB,,1950307,RABOUTOU Brooke,Person,USA,United States,2.0,156.0,POINTS,,,,,3
2024-08-10T13:28:14+02:00,CLBWBLCOMB------------FNL---------,CLBWBLCOMB,Women's Boulder & Lead,Women's Boulder & Lead Final,Final Results,W,Sport Climbing,CLB,,1560673,PILZ Jessica,Person,AUT,Austria,3.0,147.4,POINTS,,,,,4
2024-08-10T13:28:14+02:00,CLBWBLCOMB------------FNL---------,CLBWBLCOMB,Women's Boulder & Lead,Women's Boulder & Lead Final,Final Results,W,Sport Climbing,CLB,,1892023,MORI Ai,Person,JPN,Japan,4.0,135.1,POINTS,,,,,2
2024-08-10T13:28:14+02:00,CLBWBLCOMB------------FNL---------,CLBWBLCOMB,Women's Boulder & Lead,Women's Boulder & Lead Final,Final Results,W,Sport Climbing,CLB,,1544215,McNEICE Erin,Person,GBR,Great Britain,5.0,127.6,POINTS,,,,,19
2024-08-10T13:28:14+02:00,CLBWBLCOMB------------FNL---------,CLBWBLCOMB,Women's Boulder & Lead,Women's Boulder & Lead Final,Final Results,W,Sport Climbing,CLB,,1931183,SEO Chaehyun,Person,KOR,Korea,6.0,105.0,POINTS,,,,,8
2024-08-10T13:28:14+02:00,CLBWBLCOMB------------FNL---------,CLBWBLCOMB,Women's Boulder & Lead,Women's Boulder & Lead Final,Final Results,W,Sport Climbing,CLB,,1898117,MACKENZIE Oceania,Person,AUS,Australia,7.0,104.8,POINTS,,,,,10
2024-08-10T13:28:14+02:00,CLBWBLCOMB------------FNL---------,CLBWBLCOMB,Women's Boulder & Lead,Women's Boulder & Lead Final,Final Results,W,Sport Climbing,CLB,,1553663,BERTONE Oriane,Person,FRA,France,8.0,104.5,POINTS,,,,,7
2024-08-05T14:04:34+02:00,CLBWSPEED-------------QUAL0001SD--,CLBWSPEED,Women's Speed,"Women's Speed, Qualification Seeding heats",Qualification - Seeding heats,W,Sport Climbing,CLB,Le Bourget Climbing Venue,1563327,MIROSLAW Aleksandra,Person,POL,Poland,1.0,6.06,TIME,,,,12,1
2024-08-05T14:04:34+02:00,CLBWSPEED-------------QUAL0001SD--,CLBWSPEED,Women's Speed,"Women's Speed, Qualification Seeding heats",Qualification - Seeding heats,W,Sport Climbing,CLB,Le Bourget Climbing Venue,1950305,HUNT Emma,Person,USA,United States,2.0,6.36,TIME,,,,10,3
2024-08-05T14:04:34+02:00,CLBWSPEED-------------QUAL0001SD--,CLBWSPEED,Women's Speed,"Women's Speed, Qualification Seeding heats",Qualification - Seeding heats,W,Sport Climbing,CLB,Le Bourget Climbing Venue,1563321,KALUCKA Aleksandra,Person,POL,Poland,3.0,6.389,TIME,,,,7,6
2024-08-05T14:04:34+02:00,CLBWSPEED-------------QUAL0001SD--,CLBWSPEED,Women's Speed,"Women's Speed, Qualification Seeding heats",Qualification - Seeding heats,W,Sport Climbing,CLB,Le Bourget Climbing Venue,1913700,ZHOU Yafei,Person,CHN,China,4.0,6.389,TIME,,,,1,7
2024-08-05T14:04:34+02:00,CLBWSPEED-------------QUAL0001SD--,CLBWSPEED,Women's Speed,"Women's Speed, Qualification Seeding heats",Qualification - Seeding heats,W,Sport Climbing,CLB,Le Bourget Climbing Venue,1913702,DENG Lijuan,Person,CHN,China,5.0,6.40,TIME,,,,6,4
2024-08-05T14:04:34+02:00,CLBWSPEED-------------QUAL0001SD--,CLBWSPEED,Women's Speed,"Women's Speed, Qualification Seeding heats",Qualification - Seeding heats,W,Sport Climbing,CLB,Le Bourget Climbing Venue,1940540,MADE RITA KUSUMA DEWI Desak Made,Person,INA,Indonesia,6.0,6.45,TIME,,,,2,2
2024-08-05T14:04:34+02:00,CLBWSPEED-------------QUAL0001SD--,CLBWSPEED,Women's Speed,"Women's Speed, Qualification Seeding heats",Qualification - Seeding heats,W,Sport Climbing,CLB,Le Bourget Climbing Venue,1940565,SALLSABILLAH Rajiah,Person,INA,Indonesia,7.0,6.58,TIME,,,,3,5
2024-08-05T14:04:34+02:00,CLBWSPEED-------------QUAL0001SD--,CLBWSPEED,Women's Speed,"Women's Speed, Qualification Seeding heats",Qualification - Seeding heats,W,Sport Climbing,CLB,Le Bourget Climbing Venue,1963918,ROMERO PEREZ Leslie Adriana,Person,ESP,Spain,8.0,6.89,TIME,,,,4,10
2024-08-05T14:04:34+02:00,CLBWSPEED-------------QUAL0001SD--,CLBWSPEED,Women's Speed,"Women's Speed, Qualification Seeding heats",Qualification - Seeding heats,W,Sport Climbing,CLB,Le Bourget Climbing Venue,1950306,KELLY Piper,Person,USA,United States,9.0,7.39,TIME,,,,8,12
2024-08-05T14:04:34+02:00,CLBWSPEED-------------QUAL0001SD--,CLBWSPEED,Women's Speed,"Women's Speed, Qualification Seeding heats",Qualification - Seeding heats,W,Sport Climbing,CLB,Le Bourget Climbing Venue,1553685,VIGLIONE Capucine,Person,FRA,France,10.0,7.53,TIME,,,,9,8
2024-08-05T14:04:34+02:00,CLBWSPEED-------------QUAL0001SD--,CLBWSPEED,Women's Speed,"Women's Speed, Qualification Seeding heats",Qualification - Seeding heats,W,Sport Climbing,CLB,Le Bourget Climbing Venue,1922695,COLLI Beatrice,Person,ITA,Italy,11.0,8.18,TIME,,,,11,9
2024-08-05T14:04:34+02:00,CLBWSPEED-------------QUAL0001SD--,CLBWSPEED,Women's Speed,"Women's Speed, Qualification Seeding heats",Qualification - Seeding heats,W,Sport Climbing,CLB,Le Bourget Climbing Venue,1890962,TETZLAFF Sarah,Person,NZL,New Zealand,12.0,8.39,TIME,,,,14,13
2024-08-05T14:04:34+02:00,CLBWSPEED-------------QUAL0001SD--,CLBWSPEED,Women's Speed,"Women's Speed, Qualification Seeding heats",Qualification - Seeding heats,W,Sport Climbing,CLB,Le Bourget Climbing Venue,1553688,LEBON Manon,Person,FRA,France,13.0,9.09,TIME,,,,13,11
2024-08-05T14:04:34+02:00,CLBWSPEED-------------QUAL0001SD--,CLBWSPEED,Women's Speed,"Women's Speed, Qualification Seeding heats",Qualification - Seeding heats,W,Sport Climbing,CLB,Le Bourget Climbing Venue,1968268,HOLDER Aniya,Person,RSA,South Africa,14.0,9.12,TIME,,,,5,14
2024-08-05T14:13:22+02:00,CLBWSPEED-------------QUAL0002EL01,CLBWSPEED,Women's Speed,"Women's Speed, Qualification Elimination heats",Qualification - Elimination heats,W,Sport Climbing,CLB,Le Bourget Climbing Venue,1563327,MIROSLAW Aleksandra,Person,POL,Poland,,6.10,TIME,W,,Q,1,1
2024-08-05T14:13:22+02:00,CLBWSPEED-------------QUAL0002EL01,CLBWSPEED,Women's Speed,"Women's Speed, Qualification Elimination heats",Qualification - Elimination heats,W,Sport Climbing,CLB,Le Bourget Climbing Venue,1968268,HOLDER Aniya,Person,RSA,South Africa,,9.36,TIME,L,,,2,14
2024-08-05T14:15:55+02:00,CLBWSPEED-------------QUAL0002EL02,CLBWSPEED,Women's Speed,"Women's Speed, Qualification Elimination heats",Qualification - Elimination heats,W,Sport Climbing,CLB,Le Bourget Climbing Venue,1950305,HUNT Emma,Person,USA,United States,,6.38,TIME,W,,Q,1,3
2024-08-05T14:15:55+02:00,CLBWSPEED-------------QUAL0002EL02,CLBWSPEED,Women's Speed,"Women's Speed, Qualification Elimination heats",Qualification - Elimination heats,W,Sport Climbing,CLB,Le Bourget Climbing Venue,1553688,LEBON Manon,Person,FRA,France,,7.07,TIME,L,,,2,11
2024-08-05T14:18:58+02:00,CLBWSPEED-------------QUAL0002EL03,CLBWSPEED,Women's Speed,"Women's Speed, Qualification Elimination heats",Qualification - Elimination heats,W,Sport Climbing,CLB,Le Bourget Climbing Venue,1563321,KALUCKA Aleksandra,Person,POL,Poland,,6.65,TIME,W,,Q,1,6
2024-08-05T14:18:58+02:00,CLBWSPEED-------------QUAL0002EL03,CLBWSPEED,Women's Speed,"Women's Speed, Qualification Elimination heats",Qualification - Elimination heats,W,Sport Climbing,CLB,Le Bourget Climbing Venue,1890962,TETZLAFF Sarah,Person,NZL,New Zealand,,8.41,TIME,L,,,2,13
2024-08-05T14:21:50+02:00,CLBWSPEED-------------QUAL0002EL04,CLBWSPEED,Women's Speed,"Women's Speed, Qualification Elimination heats",Qualification - Elimination heats,W,Sport Climbing,CLB,Le Bourget Climbing Venue,1913700,ZHOU Yafei,Person,CHN,China,,6.55,TIME,W,,Q,1,7
2024-08-05T14:21:50+02:00,CLBWSPEED-------------QUAL0002EL04,CLBWSPEED,Women's Speed,"Women's Speed, Qualification Elimination heats",Qualification - Elimination heats,W,Sport Climbing,CLB,Le Bourget Climbing Venue,1922695,COLLI Beatrice,Person,ITA,Italy,,6.84,TIME,L,,,2,9
2024-08-05T14:24:48+02:00,CLBWSPEED-------------QUAL0002EL05,CLBWSPEED,Women's Speed,"Women's Speed, Qualification Elimination heats",Qualification - Elimination heats,W,Sport Climbing,CLB,Le Bourget Climbing Venue,1913702,DENG Lijuan,Person,CHN,China,,6.48,TIME,W,,Q,1,4
2024-08-05T14:24:48+02:00,CLBWSPEED-------------QUAL0002EL05,CLBWSPEED,Women's Speed,"Women's Speed, Qualification Elimination heats",Qualification - Elimination heats,W,Sport Climbing,CLB,Le Bourget Climbing Venue,1553685,VIGLIONE Capucine,Person,FRA,France,,6.86,TIME,L,,,2,8
2024-08-05T14:28:03+02:00,CLBWSPEED-------------QUAL0002EL06,CLBWSPEED,Women's Speed,"Women's Speed, Qualification Elimination heats",Qualification - Elimination heats,W,Sport Climbing,CLB,Le Bourget Climbing Venue,1940540,MADE RITA KUSUMA DEWI Desak Made,Person,INA,Indonesia,,6.38,TIME,W,,Q,1,2
2024-08-05T14:28:03+02:00,CLBWSPEED-------------QUAL0002EL06,CLBWSPEED,Women's Speed,"Women's Speed, Qualification Elimination heats",Qualification - Elimination heats,W,Sport Climbing,CLB,Le Bourget Climbing Venue,1950306,KELLY Piper,Person,USA,United States,,8.43,TIME,L,,,2,12
2024-08-05T14:31:07+02:00,CLBWSPEED-------------QUAL0002EL07,CLBWSPEED,Women's Speed,"Women's Speed, Qualification Elimination heats",Qualification - Elimination heats,W,Sport Climbing,CLB,Le Bourget Climbing Venue,1940565,SALLSABILLAH Rajiah,Person,INA,Indonesia,,,IRM_TIME,L,Fall,q,1,5
2024-08-05T14:31:07+02:00,CLBWSPEED-------------QUAL0002EL07,CLBWSPEED,Women's Speed,"Women's Speed, Qualification Elimination heats",Qualification - Elimination heats,W,Sport Climbing,CLB,Le Bourget Climbing Venue,1963918,ROMERO PEREZ Leslie Adriana,Person,ESP,Spain,,7.26,TIME,W,,Q,2,10
2024-08-07T13:04:19+02:00,CLBWSPEED-------------SFNL000200--,CLBWSPEED,Women's Speed,"Women's Speed, Semifinal",Semifinal 2,W,Sport Climbing,CLB,Le Bourget Climbing Venue,1940565,SALLSABILLAH Rajiah,Person,INA,Indonesia,,6.41,TIME,L,,,1,5
2024-08-07T13:04:19+02:00,CLBWSPEED-------------SFNL000200--,CLBWSPEED,Women's Speed,"Women's Speed, Semifinal",Semifinal 2,W,Sport Climbing,CLB,Le Bourget Climbing Venue,1913702,DENG Lijuan,Person,CHN,China,,6.38,TIME,W,,Q,2,4
2024-08-07T13:04:19+02:00,CLBWSPEED-------------FNL-000200--,CLBWSPEED,Women's Speed,"Women's Speed, Small Final",Small Final,W,Sport Climbing,CLB,Le Bourget Climbing Venue,1563321,KALUCKA Aleksandra,Person,POL,Poland,,6.53,TIME,W,,Q,1,6
2024-08-07T13:04:19+02:00,CLBWSPEED-------------FNL-000200--,CLBWSPEED,Women's Speed,"Women's Speed, Small Final",Small Final,W,Sport Climbing,CLB,Le Bourget Climbing Venue,1940565,SALLSABILLAH Rajiah,Person,INA,Indonesia,,8.24,TIME,L,,,2,5
2024-08-07T13:04:19+02:00,CLBWSPEED-------------QFNL000100--,CLBWSPEED,Women's Speed,"Women's Speed, Quarterfinal",Quarterfinal 1,W,Sport Climbing,CLB,Le Bourget Climbing Venue,1563327,MIROSLAW Aleksandra,Person,POL,Poland,,6.35,TIME,W,,Q,1,1
2024-08-07T13:04:19+02:00,CLBWSPEED-------------QFNL000100--,CLBWSPEED,Women's Speed,"Women's Speed, Quarterfinal",Quarterfinal 1,W,Sport Climbing,CLB,Le Bourget Climbing Venue,1963918,ROMERO PEREZ Leslie Adriana,Person,ESP,Spain,,7.06,TIME,L,,,2,10
2024-08-07T13:04:19+02:00,CLBWSPEED-------------QFNL000400--,CLBWSPEED,Women's Speed,"Women's Speed, Quarterfinal",Quarterfinal 4,W,Sport Climbing,CLB,Le Bourget Climbing Venue,1940540,MADE RITA KUSUMA DEWI Desak Made,Person,INA,Indonesia,,6.369,TIME,L,,,1,2
2024-08-07T13:04:19+02:00,CLBWSPEED-------------QFNL000400--,CLBWSPEED,Women's Speed,"Women's Speed, Quarterfinal",Quarterfinal 4,W,Sport Climbing,CLB,Le Bourget Climbing Venue,1913702,DENG Lijuan,Person,CHN,China,,6.363,TIME,W,,Q,2,4
2024-08-07T13:04:19+02:00,CLBWSPEED-------------SFNL000100--,CLBWSPEED,Women's Speed,"Women's Speed, Semifinal",Semifinal 1,W,Sport Climbing,CLB,Le Bourget Climbing Venue,1563327,MIROSLAW Aleksandra,Person,POL,Poland,,6.19,TIME,W,,Q,1,1
2024-08-07T13:04:19+02:00,CLBWSPEED-------------SFNL000100--,CLBWSPEED,Women's Speed,"Women's Speed, Semifinal",Semifinal 1,W,Sport Climbing,CLB,Le Bourget Climbing Venue,1563321,KALUCKA Aleksandra,Person,POL,Poland,,6.34,TIME,L,,,2,6
2024-08-07T13:04:19+02:00,CLBWSPEED-------------FNL-000100--,CLBWSPEED,Women's Speed,"Women's Speed, Big Final",Big Final,W,Sport Climbing,CLB,Le Bourget Climbing Venue,1563327,MIROSLAW Aleksandra,Person,POL,Poland,,6.10,TIME,W,,Q,1,1
2024-08-07T13:04:19+02:00,CLBWSPEED-------------FNL-000100--,CLBWSPEED,Women's Speed,"Women's Speed, Big Final",Big Final,W,Sport Climbing,CLB,Le Bourget Climbing Venue,1913702,DENG Lijuan,Person,CHN,China,,6.18,TIME,L,,,2,4
2024-08-07T13:04:19+02:00,CLBWSPEED-------------QFNL000200--,CLBWSPEED,Women's Speed,"Women's Speed, Quarterfinal",Quarterfinal 2,W,Sport Climbing,CLB,Le Bourget Climbing Venue,1563321,KALUCKA Aleksandra,Person,POL,Poland,,6.49,TIME,W,,Q,1,6
2024-08-07T13:04:19+02:00,CLBWSPEED-------------QFNL000200--,CLBWSPEED,Women's Speed,"Women's Speed, Quarterfinal",Quarterfinal 2,W,Sport Climbing,CLB,Le Bourget Climbing Venue,1913700,ZHOU Yafei,Person,CHN,China,,6.58,TIME,L,,,2,7
2024-08-07T13:04:19+02:00,CLBWSPEED-------------QFNL000300--,CLBWSPEED,Women's Speed,"Women's Speed, Quarterfinal",Quarterfinal 3,W,Sport Climbing,CLB,Le Bourget Climbing Venue,1950305,HUNT Emma,Person,USA,United States,,7.98,TIME,L,,,1,3
2024-08-07T13:04:19+02:00,CLBWSPEED-------------QFNL000300--,CLBWSPEED,Women's Speed,"Women's Speed, Quarterfinal",Quarterfinal 3,W,Sport Climbing,CLB,Le Bourget Climbing Venue,1940565,SALLSABILLAH Rajiah,Person,INA,Indonesia,,6.54,TIME,W,,Q,2,5
